lang,label,sentence
ca,ovos-skill-volume.openvoiceos:increase_volume,no t'escolto bé
de,ovos-skill-volume.openvoiceos:increase_volume,kannst du etwas lauter sprechen
de,ovos-skill-volume.openvoiceos:increase_volume,bitte sprich laut
de,ovos-skill-volume.openvoiceos:increase_volume,lautstärke erhöhen
de,ovos-skill-volume.openvoiceos:increase_volume,den ton aufdrehen
en,ovos-skill-volume.openvoiceos:increase_volume,can you speak a little louder
en,ovos-skill-volume.openvoiceos:increase_volume,turn up sound
ca,ovos-skill-volume.openvoiceos:increase_volume,parla una mica més fort
ca,ovos-skill-volume.openvoiceos:increase_volume,augmenta el volum
ca,ovos-skill-volume.openvoiceos:increase_volume,si us plau
es,ovos-skill-volume.openvoiceos:increase_volume,puedes hablar un poco más alto
gl,ovos-skill-volume.openvoiceos:increase_volume,sube o volume
eu,ovos-skill-volume.openvoiceos:increase_volume,pare gehiago hitz egin mesedez
eu,ovos-skill-volume.openvoiceos:increase_volume,piztu bolumena
fr,ovos-skill-volume.openvoiceos:increase_volume,augmente le son
it,ovos-skill-volume.openvoiceos:increase_volume,fallo sentire di più per favore
nl,ovos-skill-volume.openvoiceos:increase_volume,kunt u wat harder praten
pt,ovos-skill-volume.openvoiceos:increase_volume,não consigo ouvir faça mais alto
de,ovos-skill-volume.openvoiceos:increase_volume,ich kann nicht hören mach es lauter
gl,ovos-skill-volume.openvoiceos:increase_volume,fala máis alto por favor
fr,ovos-skill-volume.openvoiceos:increase_volume,peux-tu parler un peu plus fort
it,ovos-skill-volume.openvoiceos:increase_volume,puo parlare un po' più forte
es,ovos-skill-volume.openvoiceos:increase_volume,súbele el volumen al sonido
nl,ovos-skill-volume.openvoiceos:increase_volume,draai het volume omhoog
en,ovos-skill-volume.openvoiceos:increase_volume,increase the volume now
en,ovos-skill-alerts.openvoiceos:CreateAlarm,make sure i’m up at 9
de,ovos-skill-alerts.openvoiceos:CreateAlarm,stelle einen wecker auf 8 uhr morgens
en,ovos-skill-alerts.openvoiceos:CreateAlarm,set an alarm for 8 am
ca,ovos-skill-alerts.openvoiceos:CreateAlarm,si us plau programa una alarma per a les 8 del matí
pt,ovos-skill-alerts.openvoiceos:CreateAlarm,por favor define um alarme para as 8 da manhã
es,ovos-skill-alerts.openvoiceos:CreateAlarm,despiértame a las 8 con música
fr,ovos-skill-alerts.openvoiceos:CreateAlarm,réveille-moi à 8 heures avec de la musique
nl,ovos-skill-alerts.openvoiceos:CreateAlarm,zet een dagelijkse wekker om 8 uur 's ochtends
pt,ovos-skill-alerts.openvoiceos:CreateAlarm,acorda-me às 7 horas
it,ovos-skill-alerts.openvoiceos:CreateAlarm,svegliami alle sette
fr,ovos-skill-alerts.openvoiceos:CreateAlarm,réglez une alarme pour 8h du matin
de,ovos-skill-alerts.openvoiceos:CreateAlarm,wecke mich um 8 uhr mit musik
pt,ovos-skill-alerts.openvoiceos:CreateAlarm,assegure-se de que eu esteja acordado às 9
ca,ovos-skill-alerts.openvoiceos:CreateAlarm,desperta'm a les 7
es,ovos-skill-alerts.openvoiceos:CreateAlarm,pon una alarma para las 8 de la mañana los sábados
fr,ovos-skill-alerts.openvoiceos:CreateAlarm,met une alarme à 8 heures le samedi
it,ovos-skill-alerts.openvoiceos:CreateAlarm,imposta una sveglia giornaliera alle 8 del mattino
de,ovos-skill-alerts.openvoiceos:CreateAlarm,stelle sicher dass ich um 9 uhr wach bin
en,ovos-skill-alerts.openvoiceos:CreateAlarm,wake me at 6 am
nl,ovos-skill-alerts.openvoiceos:CreateAlarm,stel alsjeblieft een alarm in voor 8 uur
pt,ovos-skill-alerts.openvoiceos:CreateAlarm,criar um alarme para mim
nl,ovos-skill-alerts.openvoiceos:CreateAlarm,wek me om 8 uur met muziek
en,ovos-skill-alerts.openvoiceos:CreateAlarm,create an alarm at seven in the morning
pt,ovos-skill-alerts.openvoiceos:CreateAlarm,definir um alarme para as 8h00 de sábado
pt,ovos-skill-alerts.openvoiceos:CreateAlarm,acordar-me às 7h da manhã
nl,ovos-skill-alerts.openvoiceos:CreateOcpAlarm,zet een wekker met rustige muziek om 6 uur
de,ovos-skill-alerts.openvoiceos:CreateOcpAlarm,wecke mich um 8 uhr morgens mit musik auf
en,ovos-skill-alerts.openvoiceos:CreateOcpAlarm,wake me up at 8 am with music
en,ovos-skill-alerts.openvoiceos:CreateOcpAlarm,set an alarm for 7 and play jazz
es,ovos-skill-alerts.openvoiceos:CreateOcpAlarm,ponme una alarma con música clásica a las 8
ca,ovos-skill-alerts.openvoiceos:CreateOcpAlarm,desperta'm amb cançons suaus a les 6 del matí
gl,ovos-skill-alerts.openvoiceos:CreateOcpAlarm,programa un aviso para as 7 coa radio
fr,ovos-skill-alerts.openvoiceos:CreateOcpAlarm,mets une alarme avec de la musique à 8 heures
eu,ovos-skill-alerts.openvoiceos:CreateOcpAlarm,esnatu musikaarekin 8etan
pt,ovos-skill-alerts.openvoiceos:CreateOcpAlarm,alarme com sons da floresta às 7 da manhã
gl,ovos-skill-alerts.openvoiceos:CreateOcpAlarm,quero escoitar música ás 8 para espertar
de,ovos-skill-alerts.openvoiceos:CreateOcpAlarm,mache einen 9-uhr-musikwecker für morgen
pt,ovos-skill-alerts.openvoiceos:CreateOcpAlarm,acordar-me tocando música
en,ovos-skill-alerts.openvoiceos:CreateOcpAlarm,turn on radio alarm at 6 in the morning
pt,ovos-skill-alerts.openvoiceos:CreateOcpAlarm,colocar alarme de música jazz durante 6 minutos
de,ovos-skill-alerts.openvoiceos:CreateOcpAlarm,ich möchte musik als meinen wecker
en,ovos-skill-alerts.openvoiceos:CreateOcpAlarm,i want music as my alarm
ca,ovos-skill-alerts.openvoiceos:CreateOcpAlarm,fes que la música em desperti a les vuit
en,ovos-skill-alerts.openvoiceos:CreateOcpAlarm,put a nature sound alarm at 7 o’clock
pt,ovos-skill-alerts.openvoiceos:CreateOcpAlarm,definir um alarme para as 7 horas a tocar jazz
de,ovos-skill-alerts.openvoiceos:CreateOcpAlarm,kannst du einen jazz-wecker um 6 uhr machen
ca,ovos-skill-alerts.openvoiceos:CreateOcpAlarm,posa música a les 8 per despertar-me
pt,ovos-skill-alerts.openvoiceos:CreateOcpAlarm,por favor acorde-me com jazz às 7
en,ovos-skill-alerts.openvoiceos:CreateOcpAlarm,can you make a jazz alarm at 6
it,ovos-skill-alerts.openvoiceos:CreateOcpAlarm,imposta una sveglia con musica soft alle 6
eu,ovos-skill-alerts.openvoiceos:TimerStatus,zenbat segundo daude oraindik erlojupekoan?
de,ovos-skill-alerts.openvoiceos:TimerStatus,wie viel zeit ist auf meinem brottimer noch übrig
de,ovos-skill-alerts.openvoiceos:TimerStatus,zeige mir die verbleibende dauer des timers
de,ovos-skill-alerts.openvoiceos:TimerStatus,kannst du sagen ob der timer läuft
eu,ovos-skill-alerts.openvoiceos:TimerStatus,geratzen al da denborarik timerrean?
en,ovos-skill-alerts.openvoiceos:TimerStatus,what time is left on the countdown
es,ovos-skill-alerts.openvoiceos:TimerStatus,cuánto tiempo queda en el temporizador
fr,ovos-skill-alerts.openvoiceos:TimerStatus,combien de temps reste-t-il sur le minuteur
pt,ovos-skill-alerts.openvoiceos:TimerStatus,que horas faltam no contodecido
pt,ovos-skill-alerts.openvoiceos:TimerStatus,a contagem decrescente ainda está a decorrer
en,ovos-skill-alerts.openvoiceos:TimerStatus,how long until my timer goes off
en,ovos-skill-alerts.openvoiceos:TimerStatus,show me timer’s remaining duration
de,ovos-skill-alerts.openvoiceos:TimerStatus,den timer überprüfen
pt,ovos-skill-alerts.openvoiceos:TimerStatus,quanto tempo até o meu temporizador parar
pt,ovos-skill-alerts.openvoiceos:TimerStatus,o temporizador já terminou?
nl,ovos-skill-alerts.openvoiceos:TimerStatus,hoeveel tijd is er nog over op de timer
pt,ovos-skill-alerts.openvoiceos:TimerStatus,pode dizer se o temporizador está a funcionar
pt,ovos-skill-alerts.openvoiceos:TimerStatus,verifique o temporizador
ca,ovos-skill-alerts.openvoiceos:TimerStatus,quant trigarà el temporitzador del menjador a sonar
de,ovos-skill-alerts.openvoiceos:TimerStatus,ist mein timer aktiv
eu,ovos-skill-alerts.openvoiceos:TimerStatus,noiz amaitzen da atzerako kontaketa?
it,ovos-skill-alerts.openvoiceos:TimerStatus,quanto manca al timer della cucina
en,ovos-skill-alerts.openvoiceos:TimerStatus,has the timer stopped or is it running
pt,ovos-skill-alerts.openvoiceos:TimerStatus,quanto falta para o temporizador da cozinha disparar
de,ovos-skill-alerts.openvoiceos:TimerStatus,funktioniert der timer gerade
it,ovos-skill-alerts.openvoiceos:CancelAlert,annulla tutte le sveglie
de,ovos-skill-alerts.openvoiceos:CancelAlert,meinen 8-uhr-wecker abbrechen
de,ovos-skill-alerts.openvoiceos:CancelAlert,alle timer stoppen
en,ovos-skill-alerts.openvoiceos:CancelAlert,cancel my 8 am alarm
en,ovos-skill-alerts.openvoiceos:CancelAlert,stop all timers
ca,ovos-skill-alerts.openvoiceos:CancelAlert,atura tots els temporitzadors
es,ovos-skill-alerts.openvoiceos:CancelAlert,detén todos los temporizadores
fr,ovos-skill-alerts.openvoiceos:CancelAlert,arrête tous les minuteurs
es,ovos-skill-alerts.openvoiceos:CancelAlert,cancela todas las alarmas
pt,ovos-skill-alerts.openvoiceos:CancelAlert,cancelar o meu próximo alarme.
pt,ovos-skill-alerts.openvoiceos:CancelAlert,cancelar alertas entre sexta-feira 8h e 10h
pt,ovos-skill-alerts.openvoiceos:CancelAlert,cancele todos os lembretes
en,ovos-skill-alerts.openvoiceos:CancelAlert,cancel alerts on saturday.
ca,ovos-skill-alerts.openvoiceos:CancelAlert,anula totes les alarmes
nl,ovos-skill-alerts.openvoiceos:CancelAlert,annuleer alle herinneringen
de,ovos-skill-alerts.openvoiceos:CancelAlert,alle erinnerungen abbrechen
it,ovos-skill-alerts.openvoiceos:CancelAlert,annulla tutti i promemoria
de,ovos-skill-alerts.openvoiceos:CancelAlert,benachrichtigungen am samstag abbrechen.
pt,ovos-skill-alerts.openvoiceos:CancelAlert,cancelar alertas no sábado.
de,ovos-skill-alerts.openvoiceos:CancelAlert,storniere alle wecker
en,ovos-skill-alerts.openvoiceos:CancelAlert,cancel all alarms
it,ovos-skill-alerts.openvoiceos:CancelAlert,ferma tutti i timer
pt,ovos-skill-alerts.openvoiceos:CancelAlert,pare todos os temporizadores
pt,ovos-skill-alerts.openvoiceos:CancelAlert,cancelar todos os alarmes
en,ovos-skill-alerts.openvoiceos:CancelAlert,cancel alerts between friday 8 am and 10 am
pt,ovos-skill-parrot.openvoiceos:repeat.tts.intent,voltar?
de,ovos-skill-parrot.openvoiceos:repeat.tts.intent,kannst du das wiederholen
en,ovos-skill-parrot.openvoiceos:repeat.tts.intent,can you repeat that
en,ovos-skill-parrot.openvoiceos:repeat.tts.intent,come again?
pt,ovos-skill-parrot.openvoiceos:repeat.tts.intent,diga isso mais uma vez.
pt,ovos-skill-parrot.openvoiceos:repeat.tts.intent,o que foi?
pt,ovos-skill-parrot.openvoiceos:repeat.tts.intent,você pode repetí-lo?
eu,ovos-skill-parrot.openvoiceos:repeat.tts.intent,berriro?
eu,ovos-skill-parrot.openvoiceos:repeat.tts.intent,errepikatu al dezakezu?
eu,ovos-skill-parrot.openvoiceos:repeat.tts.intent,esan hori beste behin.
es,ovos-skill-parrot.openvoiceos:repeat.tts.intent,repítelo.
es,ovos-skill-parrot.openvoiceos:repeat.tts.intent,¿cómo?
es,ovos-skill-parrot.openvoiceos:repeat.tts.intent,¿puedes repetirlo?
es,ovos-skill-parrot.openvoiceos:repeat.tts.intent,¿qué acabas de decirme?
gl,ovos-skill-parrot.openvoiceos:repeat.tts.intent,podes repetir ?
gl,ovos-skill-parrot.openvoiceos:repeat.tts.intent,repite iso.
gl,ovos-skill-parrot.openvoiceos:repeat.tts.intent,repites ?
de,ovos-skill-parrot.openvoiceos:repeat.tts.intent,wie bitte
ca,ovos-skill-parrot.openvoiceos:repeat.tts.intent,digue-ho una altra vegada
ca,ovos-skill-parrot.openvoiceos:repeat.tts.intent,què ha estat això
ca,ovos-skill-parrot.openvoiceos:repeat.tts.intent,repeteix
ca,ovos-skill-parrot.openvoiceos:repeat.tts.intent,torna-hi
it,ovos-skill-parrot.openvoiceos:repeat.tts.intent,che cos'era questo?
it,ovos-skill-parrot.openvoiceos:repeat.tts.intent,di nuovo?
it,ovos-skill-parrot.openvoiceos:repeat.tts.intent,dilla .
de,ovos-skill-parrot.openvoiceos:speak.intent,sprich ich kann alles sagen was du möchtest!
de,ovos-skill-parrot.openvoiceos:speak.intent,wiederhole: die würde des menschen ist unantastbar
de,ovos-skill-parrot.openvoiceos:speak.intent,sag gute nacht gracie
en,ovos-skill-parrot.openvoiceos:speak.intent,repeat once upon a midnight dreary while i pondered weak and weary over many a quaint and curious volume of forgotten lore
en,ovos-skill-parrot.openvoiceos:speak.intent,speak i can say anything you'd like!
pt,ovos-skill-parrot.openvoiceos:speak.intent,diga depois de mim: {sentence}
de,ovos-skill-parrot.openvoiceos:speak.intent,sage mir nach {satz}
da,ovos-skill-parrot.openvoiceos:speak.intent,gentag {sætning}
pt,ovos-skill-parrot.openvoiceos:speak.intent,fala posso dizer tudo o que quiseres!
eu,ovos-skill-parrot.openvoiceos:speak.intent,errepikatu {sentence} nire ondoren
pt,ovos-skill-parrot.openvoiceos:speak.intent,repetir uma vez à meia-noite sombria enquanto eu refletia fraco e cansado sobre muitos volumes estranhos e curiosos de saberes esquecidos
it,ovos-skill-parrot.openvoiceos:speak.intent,dimmi {sentence}
it,ovos-skill-parrot.openvoiceos:speak.intent,ripeti {sentence}
pt,ovos-skill-parrot.openvoiceos:speak.intent,repete {sentence}
pt,ovos-skill-parrot.openvoiceos:speak.intent,diz {sentence}
pt,ovos-skill-parrot.openvoiceos:speak.intent,fale: {sentence}
en,ovos-skill-parrot.openvoiceos:speak.intent,repeat {sentence} after me
pt,ovos-skill-parrot.openvoiceos:speak.intent,repita: {sentence}
eu,ovos-skill-parrot.openvoiceos:speak.intent,esan {sentence}
es,ovos-skill-parrot.openvoiceos:speak.intent,habla {sentence}
ca,ovos-skill-parrot.openvoiceos:speak.intent,digues {sentence}
ca,ovos-skill-parrot.openvoiceos:speak.intent,repeteix {sentence}
ca,ovos-skill-parrot.openvoiceos:speak.intent,repetix {sentence}
es,ovos-skill-parrot.openvoiceos:speak.intent,repite {sentence}
es,ovos-skill-parrot.openvoiceos:speak.intent,di {sentence}
nl,ovos-skill-boot-finished.openvoiceos:enable_ready_notification.intent,opstart meldingactiveren
ca,ovos-skill-boot-finished.openvoiceos:enable_ready_notification.intent,obre sa notificació a l'càrrega
ca,ovos-skill-boot-finished.openvoiceos:enable_ready_notification.intent,deixa de silenciar s'missatge a l'estar apunt
en,ovos-skill-boot-finished.openvoiceos:enable_ready_notification.intent,activate loaded sound
ca,ovos-skill-boot-finished.openvoiceos:enable_ready_notification.intent,no silenciïs s'notificacions a l'engegada
gl,ovos-skill-boot-finished.openvoiceos:enable_ready_notification.intent,conectar fala do inicio
ca,ovos-skill-boot-finished.openvoiceos:enable_ready_notification.intent,activa ses sons a l'inici
gl,ovos-skill-boot-finished.openvoiceos:enable_ready_notification.intent,acender son cargadas
da,ovos-skill-boot-finished.openvoiceos:enable_ready_notification.intent,tænd klar meddelelser
ca,ovos-skill-boot-finished.openvoiceos:enable_ready_notification.intent,engega la avisos d'a punt
en,ovos-skill-boot-finished.openvoiceos:enable_ready_notification.intent,turn on booted speech
pt,ovos-skill-boot-finished.openvoiceos:enable_ready_notification.intent,ativar notificações iniciadas
da,ovos-skill-boot-finished.openvoiceos:enable_ready_notification.intent,aktiver indlæst lyde
it,ovos-skill-boot-finished.openvoiceos:enable_ready_notification.intent,metti le notifiche all'accensione
en,ovos-skill-boot-finished.openvoiceos:enable_ready_notification.intent,enable start notification
eu,ovos-skill-boot-finished.openvoiceos:enable_ready_notification.intent,gaitu abian dagoela adierazteko jakinarazpenak
gl,ovos-skill-boot-finished.openvoiceos:enable_ready_notification.intent,activar notificación cargados
pt,ovos-skill-boot-finished.openvoiceos:enable_ready_notification.intent,ligar as notificação de inicialização
es,ovos-skill-boot-finished.openvoiceos:enable_ready_notification.intent,encender voz de arrancado
fr,ovos-skill-boot-finished.openvoiceos:enable_ready_notification.intent,activer les avis de démarrage
es,ovos-skill-boot-finished.openvoiceos:enable_ready_notification.intent,habilitar sonidos de listo
fr,ovos-skill-boot-finished.openvoiceos:enable_ready_notification.intent,reactiver notifications de redémarrage
ca,ovos-skill-boot-finished.openvoiceos:enable_ready_notification.intent,connecta el avís d'estar llest
gl,ovos-skill-boot-finished.openvoiceos:enable_ready_notification.intent,conectar notificacións que se prepararan
ca,ovos-skill-boot-finished.openvoiceos:enable_ready_notification.intent,obre els missatges de l'estar preparat
es,ovos-skill-parrot.openvoiceos:repeat.stt.intent,reitera mi última frase
de,ovos-skill-parrot.openvoiceos:repeat.stt.intent,sag mir was ich gerade gesagt habe
en,ovos-skill-parrot.openvoiceos:repeat.stt.intent,tell me what i just said
pt,ovos-skill-parrot.openvoiceos:repeat.stt.intent,o que eu acabei de te dizercontar?
eu,ovos-skill-parrot.openvoiceos:repeat.stt.intent,zer entzun didazu esaten?
ca,ovos-skill-parrot.openvoiceos:repeat.stt.intent,diga'm què he dit.
it,ovos-skill-parrot.openvoiceos:repeat.stt.intent,che cosa ho detto?
da,ovos-skill-parrot.openvoiceos:repeat.stt.intent,fortæl mig hvad jeg lige sagde.
ca,ovos-skill-parrot.openvoiceos:repeat.stt.intent,repeteix les meves últimes paraules
es,ovos-skill-parrot.openvoiceos:repeat.stt.intent,¿puedes reproducir mis últimas palabras?
nl,ovos-skill-parrot.openvoiceos:repeat.stt.intent,herhaal wat ik net zei
nl,ovos-skill-parrot.openvoiceos:repeat.stt.intent,zou je dat laatste kunnen herhalen?
es,ovos-skill-parrot.openvoiceos:repeat.stt.intent,¿qué has oído que decía?
gl,ovos-skill-parrot.openvoiceos:repeat.stt.intent,dime o que dixen.
es,ovos-skill-parrot.openvoiceos:repeat.stt.intent,habla de la misma forma como lo acabo de hacer
es,ovos-skill-parrot.openvoiceos:repeat.stt.intent,¿sabrías volver a decir lo último que he dicho?
ca,ovos-skill-parrot.openvoiceos:repeat.stt.intent,m'està semblant una idea tan bona que necessito que repeteixis el que acabo de dir
es,ovos-skill-parrot.openvoiceos:repeat.stt.intent,solo por ver si estás atento: ¿qué he comentado?
ca,ovos-skill-parrot.openvoiceos:repeat.stt.intent,t'ordeno que diguis el mateix que he dit ara com si jo fos el teu caporal i tu un soldat
pt,ovos-skill-parrot.openvoiceos:repeat.stt.intent,o que você me ouviu dizer?
eu,ovos-skill-parrot.openvoiceos:repeat.stt.intent,zer uste duzu esan dudala?
es,ovos-skill-parrot.openvoiceos:repeat.stt.intent,usa las mismas palabras que acabo de usar
ca,ovos-skill-parrot.openvoiceos:repeat.stt.intent,digues exactament mot per mot del que t'he dit
gl,ovos-skill-parrot.openvoiceos:repeat.stt.intent,que me oíches dicir?
es,ovos-skill-parrot.openvoiceos:repeat.stt.intent,por favor quiero comprobar si has escuchado lo que acabo de mencionar
fr,ovos-skill-wallpapers.openvoiceos:picture.random.intent,montre-moi quelque chose de joli
de,ovos-skill-wallpapers.openvoiceos:picture.random.intent,zeig mir ein bild
de,ovos-skill-wallpapers.openvoiceos:picture.random.intent,überrasche mich mit einem foto
en,ovos-skill-wallpapers.openvoiceos:picture.random.intent,show me a picture
es,ovos-skill-wallpapers.openvoiceos:picture.random.intent,sorpréndeme con una imagen al azar
gl,ovos-skill-wallpapers.openvoiceos:picture.random.intent,amósame unha imaxe sen escoller tema
pt,ovos-skill-wallpapers.openvoiceos:picture.random.intent,escolhe uma imagem aleatória para mim
it,ovos-skill-wallpapers.openvoiceos:picture.random.intent,mostrami un'immagine casuale qualsiasi
en,ovos-skill-wallpapers.openvoiceos:picture.random.intent,display an image
es,ovos-skill-wallpapers.openvoiceos:picture.random.intent,muestra algo bonito
ca,ovos-skill-wallpapers.openvoiceos:picture.random.intent,ensenya'm alguna cosa agradable
it,ovos-skill-wallpapers.openvoiceos:picture.random.intent,fammi vedere qualcosa di bello
fr,ovos-skill-wallpapers.openvoiceos:picture.random.intent,affiche une photo prise au hasard
nl,ovos-skill-wallpapers.openvoiceos:picture.random.intent,toon een willekeurige afbeelding
eu,ovos-skill-wallpapers.openvoiceos:picture.random.intent,ausazko argazki bat
es,ovos-skill-wallpapers.openvoiceos:picture.random.intent,enseña
es,ovos-skill-wallpapers.openvoiceos:picture.random.intent,enseñar
es,ovos-skill-wallpapers.openvoiceos:picture.random.intent,enséñame
es,ovos-skill-wallpapers.openvoiceos:picture.random.intent,mostrar
es,ovos-skill-wallpapers.openvoiceos:picture.random.intent,muéstrame
gl,ovos-skill-wallpapers.openvoiceos:picture.random.intent,ensinar fotografía aleatoria
ca,ovos-skill-wallpapers.openvoiceos:picture.random.intent,mostra  aleatoridibuix
da,ovos-skill-wallpapers.openvoiceos:picture.random.intent,ny billede
ca,ovos-skill-wallpapers.openvoiceos:picture.random.intent,tria una imatge qualsevol per a mi
da,ovos-skill-wallpapers.openvoiceos:picture.random.intent,vis mig en anden foto
it,ovos-skill-wallpapers.openvoiceos:wallpaper.about.intent,cambia lo sfondo con un'immagine astratta
ca,ovos-skill-wallpapers.openvoiceos:wallpaper.about.intent,defineix lanou fons de pantalla nova sobre {query}
eu,ovos-skill-wallpapers.openvoiceos:wallpaper.about.intent,ausazko horma-paper bat honi buruz: {query}
da,ovos-skill-wallpapers.openvoiceos:wallpaper.about.intent,ændre tapet til {query}
en,ovos-skill-wallpapers.openvoiceos:wallpaper.about.intent,change wallpaper to {query}
de,ovos-skill-wallpapers.openvoiceos:wallpaper.about.intent,neues hintergrundbild mit {query}
pt,ovos-skill-wallpapers.openvoiceos:wallpaper.about.intent,muda o papel de parede para algo natural
gl,ovos-skill-wallpapers.openvoiceos:wallpaper.about.intent,cambiar fondo de escritorio novo de {query}
ca,ovos-skill-wallpapers.openvoiceos:wallpaper.about.intent,posa elnou pantalla d'inici nou aleatori relacionat amb {query}
ca,ovos-skill-wallpapers.openvoiceos:wallpaper.about.intent,definix unnova fons aleatòria d'{query}
ca,ovos-skill-wallpapers.openvoiceos:wallpaper.about.intent,establix sa fons  d'{query}
ca,ovos-skill-wallpapers.openvoiceos:wallpaper.about.intent,estableix esnou fons  relacionada amb {query}
ca,ovos-skill-wallpapers.openvoiceos:wallpaper.about.intent,canvia es fons  d'{query}
en,ovos-skill-wallpapers.openvoiceos:wallpaper.about.intent,new wall paper for {query}
ca,ovos-skill-wallpapers.openvoiceos:wallpaper.about.intent,posa esnova fons nova aleatòria d'{query}
es,ovos-skill-wallpapers.openvoiceos:wallpaper.about.intent,pon un fondo natural
ca,ovos-skill-wallpapers.openvoiceos:wallpaper.about.intent,estableix unanova pantalla d'inici aleatòria sobre {query}
es,ovos-skill-wallpapers.openvoiceos:wallpaper.about.intent,nuevo el fondo de pantalla con {query}
ca,ovos-skill-wallpapers.openvoiceos:wallpaper.about.intent,definix elnova pantalla d'inici nova d'{query}
ca,ovos-skill-wallpapers.openvoiceos:wallpaper.about.intent,establix la pantalla d'inici aleatori de {query}
ca,ovos-skill-wallpapers.openvoiceos:wallpaper.about.intent,canvia unanou pantalla d'inici nou de {query}
ca,ovos-skill-wallpapers.openvoiceos:wallpaper.about.intent,estableix el fons de pantalla nou aleatori d'{query}
ca,ovos-skill-wallpapers.openvoiceos:wallpaper.about.intent,defineix lanova fons  relacionat amb {query}
de,ovos-skill-wallpapers.openvoiceos:wallpaper.about.intent,zeige hintergrundbild über {query}
ca,ovos-skill-wallpapers.openvoiceos:wallpaper.about.intent,definix una fons nou aleatori sobre {query}
de,ovos-skill-boot-finished.openvoiceos:disable_ready_notification.intent,deaktiviere ladebenachrichtigung
ca,ovos-skill-boot-finished.openvoiceos:disable_ready_notification.intent,apaga ses avís de inici
en,ovos-skill-boot-finished.openvoiceos:disable_ready_notification.intent,deactivate load sounds
ca,ovos-skill-boot-finished.openvoiceos:disable_ready_notification.intent,silencia el avisos a l'càrrega
gl,ovos-skill-boot-finished.openvoiceos:disable_ready_notification.intent,desactivar notificación cargada
ca,ovos-skill-boot-finished.openvoiceos:disable_ready_notification.intent,tanca s'sons d'engegada
ca,ovos-skill-boot-finished.openvoiceos:disable_ready_notification.intent,desactiva els missatges d'a punt
da,ovos-skill-boot-finished.openvoiceos:disable_ready_notification.intent,sluk start lyde
eu,ovos-skill-boot-finished.openvoiceos:disable_ready_notification.intent,desaktibatu prest dagoela adierazteko soinuak
ca,ovos-skill-boot-finished.openvoiceos:disable_ready_notification.intent,desconnecta les notificació d'estar preparat
pt,ovos-skill-boot-finished.openvoiceos:disable_ready_notification.intent,desativar notificação iniciada
it,ovos-skill-boot-finished.openvoiceos:disable_ready_notification.intent,disabilita le notifiche all'avvio
gl,ovos-skill-boot-finished.openvoiceos:disable_ready_notification.intent,apagar fala ao iniciar
nl,ovos-skill-boot-finished.openvoiceos:disable_ready_notification.intent,opstart meldingenuitschakelen
en,ovos-skill-boot-finished.openvoiceos:disable_ready_notification.intent,disable readiness notifications
en,ovos-skill-boot-finished.openvoiceos:disable_ready_notification.intent,turn off started sound
da,ovos-skill-boot-finished.openvoiceos:disable_ready_notification.intent,deaktiver indlæs tale
gl,ovos-skill-boot-finished.openvoiceos:disable_ready_notification.intent,desconectar son cargados
pt,ovos-skill-boot-finished.openvoiceos:disable_ready_notification.intent,desligar as som de início
es,ovos-skill-boot-finished.openvoiceos:disable_ready_notification.intent,deshabilitar voz de iniciado
fr,ovos-skill-boot-finished.openvoiceos:disable_ready_notification.intent,arreter avis de démarrage
fr,ovos-skill-boot-finished.openvoiceos:disable_ready_notification.intent,désactiver la notification de redémarrage
ca,ovos-skill-boot-finished.openvoiceos:disable_ready_notification.intent,apaga la so a l'estar llest
ca,ovos-skill-boot-finished.openvoiceos:disable_ready_notification.intent,desconnecta sa notificacions de apunt
gl,ovos-skill-boot-finished.openvoiceos:disable_ready_notification.intent,apagar sons do inicio
da,ovos-skill-wallpapers.openvoiceos:wallpaper.random.intent,ny tapet
ca,ovos-skill-wallpapers.openvoiceos:wallpaper.random.intent,establix una pantalla d'inici nou aleatòria
ca,ovos-skill-wallpapers.openvoiceos:wallpaper.random.intent,definix nova fons nova aleatori
es,ovos-skill-wallpapers.openvoiceos:wallpaper.random.intent,un fondo nuevo por favor
eu,ovos-skill-wallpapers.openvoiceos:wallpaper.random.intent,beste horma-papera
de,ovos-skill-wallpapers.openvoiceos:wallpaper.random.intent,wechsele aktuellen hintergrund
en,ovos-skill-wallpapers.openvoiceos:wallpaper.random.intent,change the wallpaper
nl,ovos-skill-wallpapers.openvoiceos:wallpaper.random.intent,verander de achtergrond met iets willekeurigs
de,ovos-skill-wallpapers.openvoiceos:wallpaper.random.intent,wechsle den hintergrundbild
en,ovos-skill-wallpapers.openvoiceos:wallpaper.random.intent,random current wall paper
pt,ovos-skill-wallpapers.openvoiceos:wallpaper.random.intent,alterne para um papel de parede aleatório
es,ovos-skill-wallpapers.openvoiceos:wallpaper.random.intent,cambiar la pantalla de inicio
fr,ovos-skill-wallpapers.openvoiceos:wallpaper.random.intent,un nouveau fond d'écran s'il te plaît
ca,ovos-skill-wallpapers.openvoiceos:wallpaper.random.intent,defineix elnou fons
ca,ovos-skill-wallpapers.openvoiceos:wallpaper.random.intent,estableix lanova fons
ca,ovos-skill-wallpapers.openvoiceos:wallpaper.random.intent,posa lanou fons
ca,ovos-skill-wallpapers.openvoiceos:wallpaper.random.intent,canvia unnou fons
es,ovos-skill-wallpapers.openvoiceos:wallpaper.random.intent,cambia el fondo con algo aleatorio
gl,ovos-skill-wallpapers.openvoiceos:wallpaper.random.intent,mudar o fondo de escritorio actual
gl,ovos-skill-wallpapers.openvoiceos:wallpaper.random.intent,quero un fondo novo sen elixir tema
de,ovos-skill-wallpapers.openvoiceos:wallpaper.random.intent,tausche den hintergrund durch ein zufälliges bild
de,ovos-skill-wallpapers.openvoiceos:wallpaper.random.intent,bitte einen neuen hintergrund
ca,ovos-skill-wallpapers.openvoiceos:wallpaper.random.intent,establix unanova fons aleatori
en,ovos-skill-wallpapers.openvoiceos:wallpaper.random.intent,new random background please
ca,ovos-skill-wallpapers.openvoiceos:wallpaper.random.intent,estableix el pantalla d'inici aleatori
pt,ovos-skill-boot-finished.openvoiceos:are_you_ready.intent,já começaste
de,ovos-skill-boot-finished.openvoiceos:are_you_ready.intent,ist das system bereit
de,ovos-skill-boot-finished.openvoiceos:are_you_ready.intent,bist du betriebsbereit
en,ovos-skill-boot-finished.openvoiceos:are_you_ready.intent,are you up and running
en,ovos-skill-boot-finished.openvoiceos:are_you_ready.intent,is everything ready
en,ovos-skill-boot-finished.openvoiceos:are_you_ready.intent,did open voice os finish booting
en,ovos-skill-boot-finished.openvoiceos:are_you_ready.intent,have all services started
pt,ovos-skill-boot-finished.openvoiceos:are_you_ready.intent,o dispositivo terminou de inicializar?
pt,ovos-skill-boot-finished.openvoiceos:are_you_ready.intent,o seu sistema está pronto?
pt,ovos-skill-boot-finished.openvoiceos:are_you_ready.intent,openvoiceos inicializou com sucesso?
pt,ovos-skill-boot-finished.openvoiceos:are_you_ready.intent,vocês estão ainda carregando?
es,ovos-skill-boot-finished.openvoiceos:are_you_ready.intent,están todos los servicios completamente cargado
es,ovos-skill-boot-finished.openvoiceos:are_you_ready.intent,tu ha iniciado correctamente
es,ovos-skill-boot-finished.openvoiceos:are_you_ready.intent,¿han comenzado usted?
es,ovos-skill-boot-finished.openvoiceos:are_you_ready.intent,¿has terminado la carga ?
gl,ovos-skill-boot-finished.openvoiceos:are_you_ready.intent,arrancaches
gl,ovos-skill-boot-finished.openvoiceos:are_you_ready.intent,estás aínda cargando
nl,ovos-skill-boot-finished.openvoiceos:are_you_ready.intent,ben alle diensten begonnen
nl,ovos-skill-boot-finished.openvoiceos:are_you_ready.intent,heb je het systeem succesvol opgestart
ca,ovos-skill-boot-finished.openvoiceos:are_you_ready.intent,estan tots els serveisa punt
ca,ovos-skill-boot-finished.openvoiceos:are_you_ready.intent,està llest el dispositiu
ca,ovos-skill-boot-finished.openvoiceos:are_you_ready.intent,és tot completament carregat
da,ovos-skill-boot-finished.openvoiceos:are_you_ready.intent,er alt fuldt indlæst
da,ovos-skill-boot-finished.openvoiceos:are_you_ready.intent,fuldførte enheden opstarten
da,ovos-skill-boot-finished.openvoiceos:are_you_ready.intent,har dig startet
de,ovos-skill-parrot.openvoiceos:start_parrot.intent,fang an zu plappern
de,ovos-skill-parrot.openvoiceos:start_parrot.intent,papagei starten
en,ovos-skill-parrot.openvoiceos:start_parrot.intent,start parrot
en,ovos-skill-parrot.openvoiceos:start_parrot.intent,repeat everything
pt,ovos-skill-parrot.openvoiceos:start_parrot.intent,ativar o modo papagaio
pt,ovos-skill-parrot.openvoiceos:start_parrot.intent,comece a papagaiar
pt,ovos-skill-parrot.openvoiceos:start_parrot.intent,repita tudo
eu,ovos-skill-parrot.openvoiceos:start_parrot.intent,aktibatu loro-modua
eu,ovos-skill-parrot.openvoiceos:start_parrot.intent,errepikatu dena
eu,ovos-skill-parrot.openvoiceos:start_parrot.intent,hasi errepikatzen
es,ovos-skill-parrot.openvoiceos:start_parrot.intent,repite todo lo que escuches
gl,ovos-skill-parrot.openvoiceos:start_parrot.intent,empezar a repetir
de,ovos-skill-parrot.openvoiceos:start_parrot.intent,papageienmodus aktivieren
de,ovos-skill-parrot.openvoiceos:start_parrot.intent,wiederhole alles
ca,ovos-skill-parrot.openvoiceos:start_parrot.intent,activa el mode lloro
ca,ovos-skill-parrot.openvoiceos:start_parrot.intent,comença a llorar
ca,ovos-skill-parrot.openvoiceos:start_parrot.intent,repeteix-ho tot
it,ovos-skill-parrot.openvoiceos:start_parrot.intent,attiva la modalità pappagallo
it,ovos-skill-parrot.openvoiceos:start_parrot.intent,ripeti ciò che senti
da,ovos-skill-parrot.openvoiceos:start_parrot.intent,aktiver papegøjetilstand
da,ovos-skill-parrot.openvoiceos:start_parrot.intent,begynd at papegøje
da,ovos-skill-parrot.openvoiceos:start_parrot.intent,gentag alt
ca,ovos-skill-parrot.openvoiceos:start_parrot.intent,ves repetint-me
ca,ovos-skill-parrot.openvoiceos:start_parrot.intent,imita'm
es,ovos-skill-parrot.openvoiceos:start_parrot.intent,a partir de ahora imítame
de,ovos-skill-parrot.openvoiceos:stop_parrot.intent,hör auf mich zu wiederholen
de,ovos-skill-parrot.openvoiceos:stop_parrot.intent,papagei stoppen
en,ovos-skill-parrot.openvoiceos:stop_parrot.intent,stop parrot
en,ovos-skill-parrot.openvoiceos:stop_parrot.intent,abort parroting
pt,ovos-skill-parrot.openvoiceos:stop_parrot.intent,abortar modo papagaio
pt,ovos-skill-parrot.openvoiceos:stop_parrot.intent,pare de me arremedar
eu,ovos-skill-parrot.openvoiceos:stop_parrot.intent,desaktibatu errepikatzea
eu,ovos-skill-parrot.openvoiceos:stop_parrot.intent,desgaitu loro-modua
eu,ovos-skill-parrot.openvoiceos:stop_parrot.intent,gelditu nik esandakoa errepikatzen
gl,ovos-skill-parrot.openvoiceos:stop_parrot.intent,cancelar repetición
de,ovos-skill-parrot.openvoiceos:stop_parrot.intent,breche papageienmodus ab
de,ovos-skill-parrot.openvoiceos:stop_parrot.intent,papageien deaktivieren
de,ovos-skill-parrot.openvoiceos:stop_parrot.intent,papageimodus abbrechen
ca,ovos-skill-parrot.openvoiceos:stop_parrot.intent,atura el lloro
it,ovos-skill-parrot.openvoiceos:stop_parrot.intent,ferma la registrazione
it,ovos-skill-parrot.openvoiceos:stop_parrot.intent,non registrare più
da,ovos-skill-parrot.openvoiceos:stop_parrot.intent,afbryde papegøje
da,ovos-skill-parrot.openvoiceos:stop_parrot.intent,annuller papegøjetilstand
pt,ovos-skill-parrot.openvoiceos:stop_parrot.intent,repetir desabilitar
pt,ovos-skill-parrot.openvoiceos:stop_parrot.intent,desativar a repetição automática
ca,ovos-skill-parrot.openvoiceos:stop_parrot.intent,no em repeteixis més
ca,ovos-skill-parrot.openvoiceos:stop_parrot.intent,ja n'hi ha prou!
ca,ovos-skill-parrot.openvoiceos:stop_parrot.intent,torna al mode normal
ca,ovos-skill-parrot.openvoiceos:stop_parrot.intent,fins aquí!
ca,ovos-skill-parrot.openvoiceos:stop_parrot.intent,estop repeticions!
es,ovos-skill-hello-world.openvoiceos:Greetings.intent,dime mis alarmas
de,ovos-skill-hello-world.openvoiceos:Greetings.intent,was ist los
de,ovos-skill-hello-world.openvoiceos:Greetings.intent,wie geht's
en,ovos-skill-hello-world.openvoiceos:Greetings.intent,how are you
en,ovos-skill-hello-world.openvoiceos:Greetings.intent,what's up
en,ovos-skill-hello-world.openvoiceos:Greetings.intent,good morning olly
ca,ovos-skill-hello-world.openvoiceos:Greetings.intent,bon dia què tal
ca,ovos-skill-hello-world.openvoiceos:Greetings.intent,ei com estàs
ca,ovos-skill-hello-world.openvoiceos:Greetings.intent,hola quina en portes de cap
da,ovos-skill-hello-world.openvoiceos:Greetings.intent,hvordan har du det har det
da,ovos-skill-hello-world.openvoiceos:Greetings.intent,godmorgen hvad så
es,ovos-skill-hello-world.openvoiceos:Greetings.intent,como te va
es,ovos-skill-hello-world.openvoiceos:Greetings.intent,buenos dias que pasa
es,ovos-skill-hello-world.openvoiceos:Greetings.intent,cómo estás hoy
fr,ovos-skill-hello-world.openvoiceos:Greetings.intent,hey comment allez-vous
fr,ovos-skill-hello-world.openvoiceos:Greetings.intent,hé qu'est-ce qui est aujourd'hui
it,ovos-skill-hello-world.openvoiceos:Greetings.intent,come stai oggi
pt,ovos-skill-hello-world.openvoiceos:Greetings.intent,quem és tu
nl,ovos-skill-hello-world.openvoiceos:Greetings.intent,hoe gaat het
nl,ovos-skill-hello-world.openvoiceos:Greetings.intent,goede morgen wat is er
en,ovos-skill-hello-world.openvoiceos:Greetings.intent,ahoy
en,ovos-skill-hello-world.openvoiceos:Greetings.intent,g'day
en,ovos-skill-hello-world.openvoiceos:Greetings.intent,greetings
en,ovos-skill-hello-world.openvoiceos:Greetings.intent,hello
en,ovos-skill-hello-world.openvoiceos:Greetings.intent,hi
eu,ovos-skill-personal.openvoiceos:WhoAreYou.intent,aurkeztu zure burua
de,ovos-skill-personal.openvoiceos:WhoAreYou.intent,wer bist du
de,ovos-skill-personal.openvoiceos:WhoAreYou.intent,wie ist dein name
de,ovos-skill-personal.openvoiceos:WhoAreYou.intent,nenne deinen namen
nl,ovos-skill-personal.openvoiceos:WhoAreYou.intent,stel jezelf eens voor
eu,ovos-skill-personal.openvoiceos:WhoAreYou.intent,zu nor zara benetan?
es,ovos-skill-personal.openvoiceos:WhoAreYou.intent,¿puedes decirme quién eres?
en,ovos-skill-personal.openvoiceos:WhoAreYou.intent,who are you
en,ovos-skill-personal.openvoiceos:WhoAreYou.intent,tell me about yourself
pt,ovos-skill-personal.openvoiceos:WhoAreYou.intent,com quem você se identifica
pt,ovos-skill-personal.openvoiceos:WhoAreYou.intent,qual o seu nome
es,ovos-skill-personal.openvoiceos:WhoAreYou.intent,cómo te describirías
es,ovos-skill-personal.openvoiceos:WhoAreYou.intent,cuéntame sobre ti
gl,ovos-skill-personal.openvoiceos:WhoAreYou.intent,podes presentarte
gl,ovos-skill-personal.openvoiceos:WhoAreYou.intent,quen es
nl,ovos-skill-personal.openvoiceos:WhoAreYou.intent,hoe heet je
de,ovos-skill-personal.openvoiceos:WhoAreYou.intent,erzähl mir von dir
ca,ovos-skill-personal.openvoiceos:WhoAreYou.intent,amb qui t'identifiques
ca,ovos-skill-personal.openvoiceos:WhoAreYou.intent,et pots presentar
ca,ovos-skill-personal.openvoiceos:WhoAreYou.intent,parla'm de tu
ca,ovos-skill-personal.openvoiceos:WhoAreYou.intent,quin és el teu nom
it,ovos-skill-personal.openvoiceos:WhoAreYou.intent,chi sei
da,ovos-skill-personal.openvoiceos:WhoAreYou.intent,fortæl mig om dig selv
da,ovos-skill-personal.openvoiceos:WhoAreYou.intent,hvad er dit navn
pt,ovos-skill-personal.openvoiceos:WhoAreYou.intent,como descreve a si mesmo
da,ovos-skill-date-time.openvoiceos:current_date.intent,jeg vil gerne vide datoen
de,ovos-skill-date-time.openvoiceos:current_date.intent,welches datum haben wir heute?
es,ovos-skill-date-time.openvoiceos:current_date.intent,¿cuál es la fecha de hoy?
en,ovos-skill-date-time.openvoiceos:current_date.intent,i need to know the calendar date
en,ovos-skill-date-time.openvoiceos:current_date.intent,what day and month is it
pt,ovos-skill-date-time.openvoiceos:current_date.intent,preciso saber a data
pt,ovos-skill-date-time.openvoiceos:current_date.intent,diga-me a dia e mês
es,ovos-skill-date-time.openvoiceos:current_date.intent,dime el día y mes
de,ovos-skill-date-time.openvoiceos:current_date.intent,ich muss das kalenderdatum wissen.
de,ovos-skill-date-time.openvoiceos:current_date.intent,kannst du mir tag und monat nennen
da,ovos-skill-date-time.openvoiceos:current_date.intent,giv mig dagens dato
da,ovos-skill-date-time.openvoiceos:current_date.intent,hvad dag og måned er det
ca,ovos-skill-date-time.openvoiceos:current_date.intent,data del calendari d'avui a {location} si us plau
gl,ovos-skill-date-time.openvoiceos:current_date.intent,cal é a data completa neste momento en {localización}
pt,ovos-skill-date-time.openvoiceos:current_date.intent,data do calendário hoje por favor
ca,ovos-skill-date-time.openvoiceos:current_date.intent,quina data incloent-hi any és
gl,ovos-skill-date-time.openvoiceos:current_date.intent,pódesme dicir a data actual
gl,ovos-skill-date-time.openvoiceos:current_date.intent,sabes que data temos
fr,ovos-skill-date-time.openvoiceos:current_date.intent,quelle est la date d'aujourd'hui?
de,ovos-skill-date-time.openvoiceos:current_date.intent,was ist der vollständiges datum mit jahr
it,ovos-skill-date-time.openvoiceos:current_date.intent,qual è la data di oggi?
en,ovos-skill-date-time.openvoiceos:current_date.intent,today’s exact date in {location} please
gl,ovos-skill-date-time.openvoiceos:current_date.intent,móstrame a data
ca,ovos-skill-date-time.openvoiceos:current_date.intent,em pots dir la data present a {location}
de,ovos-skill-date-time.openvoiceos:current_date.intent,heutiges datum bitte
fr,ovos-skill-date-time.openvoiceos:what.day.is.it.intent,quel jour du mois sommes-nous?
de,ovos-skill-date-time.openvoiceos:what.day.is.it.intent,der wievielte ist heute?
da,ovos-skill-date-time.openvoiceos:what.day.is.it.intent,hvilken dato er det i dag?
es,ovos-skill-date-time.openvoiceos:what.day.is.it.intent,¿qué día del mes es hoy?
nl,ovos-skill-date-time.openvoiceos:what.day.is.it.intent,de hoeveelste is het vandaag?
pt,ovos-skill-date-time.openvoiceos:what.day.is.it.intent,que dia do mês é hoje?
en,ovos-skill-date-time.openvoiceos:what.day.is.it.intent,can you tell me the day
eu,ovos-skill-date-time.openvoiceos:what.day.is.it.intent,eguna zein da gaur
de,ovos-skill-date-time.openvoiceos:what.day.is.it.intent,sag mir den aktuellen tag
ca,ovos-skill-date-time.openvoiceos:what.day.is.it.intent,avui és...?
es,ovos-skill-date-time.openvoiceos:what.day.is.it.intent,dime la fecha actual
ca,ovos-skill-date-time.openvoiceos:what.day.is.it.intent,actualment saps en quin dia ens trobem?
pt,ovos-skill-date-time.openvoiceos:what.day.is.it.intent,você pode me dizer o diado calendário
ca,ovos-skill-date-time.openvoiceos:what.day.is.it.intent,em pots dir el dia ?
it,ovos-skill-date-time.openvoiceos:what.day.is.it.intent,che giorno del mese è oggi?
nl,ovos-skill-date-time.openvoiceos:what.day.is.it.intent,op welke dag van de kalender zitten we?
pt,ovos-skill-date-time.openvoiceos:what.day.is.it.intent,diga-me o dia atual
de,ovos-skill-date-time.openvoiceos:what.day.is.it.intent,was für ein tag ist in {location}
es,ovos-skill-date-time.openvoiceos:what.day.is.it.intent,¿me podrías decir el día ?
da,ovos-skill-date-time.openvoiceos:what.day.is.it.intent,kan du fortælle mig dagen i måneden
nl,ovos-skill-date-time.openvoiceos:what.day.is.it.intent,kun je me de datum vertellen?
gl,ovos-skill-date-time.openvoiceos:what.day.is.it.intent,pódesme dicir o día
en,ovos-skill-date-time.openvoiceos:what.day.is.it.intent,what day is it today
da,ovos-skill-date-time.openvoiceos:what.day.is.it.intent,fortæl mig den aktuelle dag i kalenderen i {location}
eu,ovos-skill-date-time.openvoiceos:what.day.is.it.intent,esan dezakezu zein egunean gauden
eu,ovos-skill-date-time.openvoiceos:what.weekday.is.it.intent,zein egunean gaude
de,ovos-skill-date-time.openvoiceos:what.weekday.is.it.intent,welcher wochentag ist heute?
da,ovos-skill-date-time.openvoiceos:what.weekday.is.it.intent,hvilken ugedag er det i dag?
es,ovos-skill-date-time.openvoiceos:what.weekday.is.it.intent,¿qué día de la semana es hoy?
it,ovos-skill-date-time.openvoiceos:what.weekday.is.it.intent,che giorno della settimana è oggi?
fr,ovos-skill-date-time.openvoiceos:what.weekday.is.it.intent,dis-moi quel jour on est aujourd'hui
ca,ovos-skill-date-time.openvoiceos:what.weekday.is.it.intent,pots dir-me quin dia és avui
en,ovos-skill-date-time.openvoiceos:what.weekday.is.it.intent,do you know the day of the week
en,ovos-skill-date-time.openvoiceos:what.weekday.is.it.intent,is it friday
en,ovos-skill-date-time.openvoiceos:what.weekday.is.it.intent,what’s today's weekday
pt,ovos-skill-date-time.openvoiceos:what.weekday.is.it.intent,hoje é domingo
pt,ovos-skill-date-time.openvoiceos:what.weekday.is.it.intent,é quarta-feira
pt,ovos-skill-date-time.openvoiceos:what.weekday.is.it.intent,é sábado
gl,ovos-skill-date-time.openvoiceos:what.weekday.is.it.intent,estamos a luns
gl,ovos-skill-date-time.openvoiceos:what.weekday.is.it.intent,hoxe é martes
gl,ovos-skill-date-time.openvoiceos:what.weekday.is.it.intent,é mércores
gl,ovos-skill-date-time.openvoiceos:what.weekday.is.it.intent,é venres
gl,ovos-skill-date-time.openvoiceos:what.weekday.is.it.intent,é xoves
de,ovos-skill-date-time.openvoiceos:what.weekday.is.it.intent,sind wir da dienstag
ca,ovos-skill-date-time.openvoiceos:what.weekday.is.it.intent,som dijous
da,ovos-skill-date-time.openvoiceos:what.weekday.is.it.intent,fortælle mig hverdagen
da,ovos-skill-date-time.openvoiceos:what.weekday.is.it.intent,ved du ugedagen
ca,ovos-skill-date-time.openvoiceos:what.weekday.is.it.intent,estem a dimarts?
nl,ovos-skill-date-time.openvoiceos:what.weekday.is.it.intent,als je me zegt dat het maandag isga ik weer naar bed en word ik pas vrijdag wakker
nl,ovos-skill-date-time.openvoiceos:what.weekday.is.it.intent,alsjeblieft zou u me kunnen vertellen welke dag van de week het is?
fr,ovos-skill-date-time.openvoiceos:what.month.is.it.intent,dans quel mois sommes-nous?
de,ovos-skill-date-time.openvoiceos:what.month.is.it.intent,in welchem monat sind wir?
da,ovos-skill-date-time.openvoiceos:what.month.is.it.intent,hvilken måned er vi i?
es,ovos-skill-date-time.openvoiceos:what.month.is.it.intent,¿en qué mes estamos?
en,ovos-skill-date-time.openvoiceos:what.month.is.it.intent,can you confirm what month it is?
en,ovos-skill-date-time.openvoiceos:what.month.is.it.intent,have we entered april?
pt,ovos-skill-date-time.openvoiceos:what.month.is.it.intent,atualmente é abril?
pt,ovos-skill-date-time.openvoiceos:what.month.is.it.intent,este mês é agosto?
pt,ovos-skill-date-time.openvoiceos:what.month.is.it.intent,nós chegamos em dezembro?
eu,ovos-skill-date-time.openvoiceos:what.month.is.it.intent,egungo hilabetea
eu,ovos-skill-date-time.openvoiceos:what.month.is.it.intent,zein hilabete da
es,ovos-skill-date-time.openvoiceos:what.month.is.it.intent,¿es actualmente diciembre?
es,ovos-skill-date-time.openvoiceos:what.month.is.it.intent,¿hemos entrado a enero?
gl,ovos-skill-date-time.openvoiceos:what.month.is.it.intent,neste momento é decembro?
gl,ovos-skill-date-time.openvoiceos:what.month.is.it.intent,xa empezou febreiro?
ca,ovos-skill-date-time.openvoiceos:what.month.is.it.intent,estem a agost?
ca,ovos-skill-date-time.openvoiceos:what.month.is.it.intent,hem arribat a desembre?
ca,ovos-skill-date-time.openvoiceos:what.month.is.it.intent,és actualment febrer?
pt,ovos-skill-date-time.openvoiceos:what.month.is.it.intent,chegámos a julho?
pt,ovos-skill-date-time.openvoiceos:what.month.is.it.intent,é janeiro agora?
pt,ovos-skill-date-time.openvoiceos:what.month.is.it.intent,já alcançámos fevereiro?
ca,ovos-skill-date-time.openvoiceos:what.month.is.it.intent,som al més de maig?
nl,ovos-skill-date-time.openvoiceos:what.month.is.it.intent,hoe heet deze maand?
ca,ovos-skill-date-time.openvoiceos:what.month.is.it.intent,a quin mes correspon la data d'avui?
es,ovos-skill-date-time.openvoiceos:what.month.is.it.intent,¿cómo se llama el mes presente?
it,ovos-skill-date-time.openvoiceos:what.year.is.it.intent,che anno è?
de,ovos-skill-date-time.openvoiceos:what.year.is.it.intent,welches jahr schreiben wir?
da,ovos-skill-date-time.openvoiceos:what.year.is.it.intent,hvilket år er det nu?
es,ovos-skill-date-time.openvoiceos:what.year.is.it.intent,¿qué año es?
ca,ovos-skill-date-time.openvoiceos:what.year.is.it.intent,quin any és?
fr,ovos-skill-date-time.openvoiceos:what.year.is.it.intent,quelle année est-ce?
nl,ovos-skill-date-time.openvoiceos:what.year.is.it.intent,welk jaar is het?
pt,ovos-skill-date-time.openvoiceos:what.year.is.it.intent,em que ano estamos?
en,ovos-skill-date-time.openvoiceos:what.year.is.it.intent,current year
eu,ovos-skill-date-time.openvoiceos:what.year.is.it.intent,urtea egungo
eu,ovos-skill-date-time.openvoiceos:what.year.is.it.intent,zein urte da
ca,ovos-skill-date-time.openvoiceos:what.year.is.it.intent,som al 2025?
es,ovos-skill-date-time.openvoiceos:what.year.is.it.intent,¿puedes decirme el año actual por favor?
de,ovos-skill-date-time.openvoiceos:what.year.is.it.intent,sag mir das aktuelle jahr
gl,ovos-skill-date-time.openvoiceos:what.year.is.it.intent,cal é o ano actual hoxe
es,ovos-skill-date-time.openvoiceos:what.year.is.it.intent,¿hemos pasado ya el año 2000?
pt,ovos-skill-date-time.openvoiceos:what.year.is.it.intent,diga-me o ano atual
pt,ovos-skill-date-time.openvoiceos:what.year.is.it.intent,qual é o ano de hoje
es,ovos-skill-date-time.openvoiceos:what.year.is.it.intent,¿todavía seguimos en el mismo año?
ca,ovos-skill-date-time.openvoiceos:what.year.is.it.intent,em pots confirmar l'any en què ens trobem?
da,ovos-skill-date-time.openvoiceos:what.year.is.it.intent,hvad er året i dag
nl,ovos-skill-date-time.openvoiceos:what.year.is.it.intent,klopt het dat we in 2025 zijn?
ca,ovos-skill-date-time.openvoiceos:what.year.is.it.intent,digue'm l'any present
ca,ovos-skill-date-time.openvoiceos:what.year.is.it.intent,digues-me l'any actual
en,ovos-skill-date-time.openvoiceos:what.year.is.it.intent,which year is it
it,ovos-skill-date-time.openvoiceos:date.future.weekend.intent,che giorno sarà il prossimo fine settimana
gl,ovos-skill-date-time.openvoiceos:date.future.weekend.intent,cal é as datas exactas do vindeira domingo?
da,ovos-skill-date-time.openvoiceos:date.future.weekend.intent,hvad er dage for lørdag der er den næste
gl,ovos-skill-date-time.openvoiceos:date.future.weekend.intent,cales son o días exactos da próximo fin de semana?
es,ovos-skill-date-time.openvoiceos:date.future.weekend.intent,¿qué fecha es los siguientessábado?
en,ovos-skill-date-time.openvoiceos:date.future.weekend.intent,what date is the forthcoming saturday
ca,ovos-skill-date-time.openvoiceos:date.future.weekend.intent,quins dies són el proper dissabte
de,ovos-skill-date-time.openvoiceos:date.future.weekend.intent,was sind die tage für bevorstehenden sonntag
gl,ovos-skill-date-time.openvoiceos:date.future.weekend.intent,que día é a próxima sábado
de,ovos-skill-date-time.openvoiceos:date.future.weekend.intent,datum des nächsten wochenendes
eu,ovos-skill-date-time.openvoiceos:date.future.weekend.intent,zein izango dira aitzineko astebururako egunak?
ca,ovos-skill-date-time.openvoiceos:date.future.weekend.intent,quina és la data exactes del pròxim diumenge?
nl,ovos-skill-date-time.openvoiceos:date.future.weekend.intent,wanneer begint het weekend?
eu,ovos-skill-date-time.openvoiceos:date.future.weekend.intent,zer egun hurrengo asteburuan?
pt,ovos-skill-date-time.openvoiceos:date.future.weekend.intent,você pode me dizer quando é o próximo domingo
pt,ovos-skill-date-time.openvoiceos:date.future.weekend.intent,quais são as dias para os próximos sábados
gl,ovos-skill-date-time.openvoiceos:date.future.weekend.intent,podes dicirme cando é o próximo domingo
de,ovos-skill-date-time.openvoiceos:date.future.weekend.intent,kannst du mir sagen wann der nächste wochenende ist
nl,ovos-skill-date-time.openvoiceos:date.future.weekend.intent,wat zijn de datums van komend weekend?
es,ovos-skill-date-time.openvoiceos:date.future.weekend.intent,necesito saber cuándo queda para el próximo finde porque me estoy volviendo loco con el trabajo
en,ovos-skill-date-time.openvoiceos:date.future.weekend.intent,which days make up the coming weekend
ca,ovos-skill-date-time.openvoiceos:date.future.weekend.intent,em pots dir quan és el vinent cap de setmana
es,ovos-skill-date-time.openvoiceos:date.future.weekend.intent,¿cuáles son las días del siguiente domingo?
gl,ovos-skill-date-time.openvoiceos:date.future.weekend.intent,cales é os data exacta do vindeiro sábado?
nl,ovos-skill-date-time.openvoiceos:date.future.weekend.intent,welke data voor dit weekend
fr,ovos-skill-date-time.openvoiceos:date.last.weekend.intent,quel jour était le week-end dernier?
gl,ovos-skill-date-time.openvoiceos:date.last.weekend.intent,que data foi a da última sábado pasado
es,ovos-skill-date-time.openvoiceos:date.last.weekend.intent,¿cuáles fueron las fechas exactas del último domingo?
en,ovos-skill-date-time.openvoiceos:date.last.weekend.intent,can you tell me when the previous saturday was
ca,ovos-skill-date-time.openvoiceos:date.last.weekend.intent,quins dies van formar el passat diumenge
nl,ovos-skill-date-time.openvoiceos:date.last.weekend.intent,wanneer viel het vorige weekend?
pt,ovos-skill-date-time.openvoiceos:date.last.weekend.intent,quais foram as datas exatas do fim de semana anterior
de,ovos-skill-date-time.openvoiceos:date.last.weekend.intent,datum des vergangenen wochenendes
de,ovos-skill-date-time.openvoiceos:date.last.weekend.intent,mir sagen wann der letzte wochenende war
it,ovos-skill-date-time.openvoiceos:date.last.weekend.intent,che giorno era il fine settimana scorso
de,ovos-skill-date-time.openvoiceos:date.last.weekend.intent,welche tage waren vergangene samstag
eu,ovos-skill-date-time.openvoiceos:date.last.weekend.intent,azken asteburuaren datak jakin nahi nituzke.
da,ovos-skill-date-time.openvoiceos:date.last.weekend.intent,hvad dag var fortidte lørdag
en,ovos-skill-date-time.openvoiceos:date.last.weekend.intent,what days were last sunday
eu,ovos-skill-date-time.openvoiceos:date.last.weekend.intent,noiz izan zen aurreko asteburua?
ca,ovos-skill-date-time.openvoiceos:date.last.weekend.intent,quin dia va ser l'últim dissabte?
eu,ovos-skill-date-time.openvoiceos:date.last.weekend.intent,zein egunek osatu zuten asteburu honen aurrekoa?
da,ovos-skill-date-time.openvoiceos:date.last.weekend.intent,kan du huske datoen for sidste søndag
gl,ovos-skill-date-time.openvoiceos:date.last.weekend.intent,cales foron os días exactos do domingo pasada
es,ovos-skill-date-time.openvoiceos:date.last.weekend.intent,haz memoria: ¿cuándo se acabó el último finde?
nl,ovos-skill-date-time.openvoiceos:date.last.weekend.intent,kun je mij vertellen welke data afgelopen weekend had?
ca,ovos-skill-date-time.openvoiceos:date.last.weekend.intent,quan vam tenir el darrer capde?
gl,ovos-skill-date-time.openvoiceos:date.last.weekend.intent,pódesme dicir cando foi a último fin de semana pasada
pt,ovos-skill-date-time.openvoiceos:date.last.weekend.intent,que dias compunham o último domingo
en,ovos-skill-date-time.openvoiceos:date.last.weekend.intent,which date was past weekend
nl,ovos-skill-date-time.openvoiceos:time.until.intent,hoeveel dagen tot 1 januari?
de,ovos-skill-date-time.openvoiceos:time.until.intent,wie viele tage sind es noch bis zum 1. januar?
es,ovos-skill-date-time.openvoiceos:time.until.intent,¿cuántos días faltan para el 1 de enero?
it,ovos-skill-date-time.openvoiceos:time.until.intent,quanti giorni mancano al 1º gennaio?
en,ovos-skill-date-time.openvoiceos:time.until.intent,how far away is {date}
pt,ovos-skill-date-time.openvoiceos:time.until.intent,quanto tempo ainda falta antes {data}
de,ovos-skill-date-time.openvoiceos:time.until.intent,wann ist {datum}
da,ovos-skill-date-time.openvoiceos:time.until.intent,hvad tid er der tilbage før {dato}
ca,ovos-skill-date-time.openvoiceos:time.until.intent,quant ha passat des del finde?
en,ovos-skill-date-time.openvoiceos:time.until.intent,when exactly will it be {date}
ca,ovos-skill-date-time.openvoiceos:time.until.intent,quants dies fa que va ser {date}
da,ovos-skill-date-time.openvoiceos:time.until.intent,hvor mange dage siden var {date}
ca,ovos-skill-date-time.openvoiceos:time.until.intent,a quina distància està {date} d'avui
en,ovos-skill-date-time.openvoiceos:time.until.intent,what's the time remaining before {date}
pt,ovos-skill-date-time.openvoiceos:time.until.intent,quantas horas faltam até ao {date}
ca,ovos-skill-date-time.openvoiceos:time.until.intent,quantes hores resten abans {date}
ca,ovos-skill-date-time.openvoiceos:time.until.intent,quan és la següent {date}
es,ovos-skill-date-time.openvoiceos:time.until.intent,¿cuánto tiempo queda hasta {date}?
pt,ovos-skill-date-time.openvoiceos:time.until.intent,há quantos dias foi {date}
es,ovos-skill-date-time.openvoiceos:time.until.intent,¿a qué distancia está {date} ?
pt,ovos-skill-date-time.openvoiceos:time.until.intent,quando exatamente será {date}
gl,ovos-skill-date-time.openvoiceos:time.until.intent,cantas semanas quedan ata {date}
pt,ovos-skill-date-time.openvoiceos:time.until.intent,quão distante é a {date}
gl,ovos-skill-date-time.openvoiceos:time.until.intent,cando é exactamente {date}
es,ovos-skill-date-time.openvoiceos:time.until.intent,¿cuándo era {date}?
it,ovos-skill-date-time.openvoiceos:weekday.for.date.intent,che giorno della settimana sarà il 15 marzo 2025?
en,ovos-skill-date-time.openvoiceos:weekday.for.date.intent,i want to know what day of the week {date} is
pt,ovos-skill-date-time.openvoiceos:weekday.for.date.intent,em qual dia da semana era {data}
de,ovos-skill-date-time.openvoiceos:weekday.for.date.intent,ich möchte was tag {datum} ist
da,ovos-skill-date-time.openvoiceos:weekday.for.date.intent,jeg vil gerne vide hvad dag {dato} er
de,ovos-skill-date-time.openvoiceos:weekday.for.date.intent,kannst du mir sagen den wochentag für {date}
en,ovos-skill-date-time.openvoiceos:weekday.for.date.intent,on which weekday will it be on {date}
es,ovos-skill-date-time.openvoiceos:weekday.for.date.intent,¿me puedes decir qué día laborable fue {date}?
de,ovos-skill-date-time.openvoiceos:weekday.for.date.intent,war {date} an einem dienstag
pt,ovos-skill-date-time.openvoiceos:weekday.for.date.intent,foi {date} numa quarta-feira
es,ovos-skill-date-time.openvoiceos:weekday.for.date.intent,es {date} en un jueves
pt,ovos-skill-date-time.openvoiceos:weekday.for.date.intent,é {date} um sábado
pt,ovos-skill-date-time.openvoiceos:weekday.for.date.intent,é {date} num domingo
gl,ovos-skill-date-time.openvoiceos:weekday.for.date.intent,o {date} é luns
gl,ovos-skill-date-time.openvoiceos:weekday.for.date.intent,o {date} é mércores
gl,ovos-skill-date-time.openvoiceos:weekday.for.date.intent,o {date} é venres
gl,ovos-skill-date-time.openvoiceos:weekday.for.date.intent,o {date} é xoves
gl,ovos-skill-date-time.openvoiceos:weekday.for.date.intent,o {date} é martes
ca,ovos-skill-date-time.openvoiceos:weekday.for.date.intent,vull saber quin dia de la setmana és {date}
da,ovos-skill-date-time.openvoiceos:weekday.for.date.intent,på hvilken hverdag falder {dato} på
da,ovos-skill-date-time.openvoiceos:weekday.for.date.intent,fortælle mig ugedagen for {dato}
pt,ovos-skill-date-time.openvoiceos:weekday.for.date.intent,você sabe que dia é {date}
gl,ovos-skill-date-time.openvoiceos:weekday.for.date.intent,pódesme dicir o día de semana para o {date}
de,ovos-skill-date-time.openvoiceos:weekday.for.date.intent,auf welchen wochentag fällt der{date}
en,ovos-skill-date-time.openvoiceos:weekday.for.date.intent,can you tell me what weekday {date} was
eu,ovos-skill-days-in-history.openvoiceos:deaths_in_history.intent,esan iezadazu nork galdu zuen bizia egun honetan?
nl,ovos-skill-days-in-history.openvoiceos:deaths_in_history.intent,wie is er gestorven op deze datum vroeger?
eu,ovos-skill-days-in-history.openvoiceos:deaths_in_history.intent,historiako norbait hil zen gaurko egunez?
es,ovos-skill-days-in-history.openvoiceos:deaths_in_history.intent,¿qué personaje murió tal día como hoy?
en,ovos-skill-days-in-history.openvoiceos:deaths_in_history.intent,who died today in history
fr,ovos-skill-days-in-history.openvoiceos:deaths_in_history.intent,qui est mort un jour comme aujourd'hui
pt,ovos-skill-days-in-history.openvoiceos:deaths_in_history.intent,quem morreu hoje na história
da,ovos-skill-days-in-history.openvoiceos:deaths_in_history.intent,hvem døde i dag i historien
ca,ovos-skill-days-in-history.openvoiceos:deaths_in_history.intent,qui va morir tal dia com avui en la història
de,ovos-skill-days-in-history.openvoiceos:deaths_in_history.intent,wer ist an einem tag wie heute gestorben
it,ovos-skill-days-in-history.openvoiceos:deaths_in_history.intent,chi è morto in un giorno come oggi
nl,ovos-skill-days-in-history.openvoiceos:deaths_in_history.intent,welke bekende persoon overleed op een dag zoals vandaag?
gl,ovos-skill-days-in-history.openvoiceos:deaths_in_history.intent,quen morreu un día coma hoxe
eu,ovos-skill-days-in-history.openvoiceos:deaths_in_history.intent,zein figura hil zen gaur bezalako egun batean?
nl,ovos-skill-days-in-history.openvoiceos:deaths_in_history.intent,noem iemand die vandaag is gestorven in het verleden
eu,ovos-skill-days-in-history.openvoiceos:deaths_in_history.intent,gaur eguneko egunean nor hil zen historian?
ca,ovos-skill-days-in-history.openvoiceos:deaths_in_history.intent,qui morí tal dia com hui
nl,ovos-skill-days-in-history.openvoiceos:deaths_in_history.intent,wie is op deze dag overleden in de geschiedenis?
nl,ovos-skill-days-in-history.openvoiceos:deaths_in_history.intent,wie stierf op een dag als vandaag
es,ovos-skill-days-in-history.openvoiceos:deaths_in_history.intent,quién falleció un día como hoy
pt,ovos-skill-days-in-history.openvoiceos:deaths_in_history.intent,quem morreu num dia como o de hoje
de,ovos-skill-days-in-history.openvoiceos:deaths_in_history.intent,wer ist heute in der geschichte gestorben
gl,ovos-skill-days-in-history.openvoiceos:deaths_in_history.intent,quen morreu hoxe na historia
ca,ovos-skill-days-in-history.openvoiceos:deaths_in_history.intent,qui va morir tal dia com hui
ca,ovos-skill-days-in-history.openvoiceos:deaths_in_history.intent,qui morí tal dia com avui a la història
nl,ovos-skill-confucius-quotes.openvoiceos:ConfuciusQuote,wat zei confucius over het leven?
de,ovos-skill-confucius-quotes.openvoiceos:ConfuciusQuote,sag mir ein zitat von konfuzius
es,ovos-skill-confucius-quotes.openvoiceos:ConfuciusQuote,dime una cita de confucio
en,ovos-skill-confucius-quotes.openvoiceos:ConfuciusQuote,give me confucian wisdom
pt,ovos-skill-confucius-quotes.openvoiceos:ConfuciusQuote,diga algo que confúcio disse
nl,ovos-skill-confucius-quotes.openvoiceos:ConfuciusQuote,kun je een spreuk van confucius citeren?
en,ovos-skill-confucius-quotes.openvoiceos:ConfuciusQuote,say something wise from confucius
fr,ovos-skill-confucius-quotes.openvoiceos:ConfuciusQuote,dis-moi une citation de confucius
de,ovos-skill-confucius-quotes.openvoiceos:ConfuciusQuote,was hat konfuzius mal gesagt?
ca,ovos-skill-confucius-quotes.openvoiceos:ConfuciusQuote,explica alguna frase de confuci
pt,ovos-skill-confucius-quotes.openvoiceos:ConfuciusQuote,dá-me a sabedoria confucionista
en,ovos-skill-confucius-quotes.openvoiceos:ConfuciusQuote,inspire me with confucius
pt,ovos-skill-confucius-quotes.openvoiceos:ConfuciusQuote,dê-me uma citação de confúcio
de,ovos-skill-confucius-quotes.openvoiceos:ConfuciusQuote,kannst du etwas von konfuzius zitieren
en,ovos-skill-confucius-quotes.openvoiceos:ConfuciusQuote,tell me a confucius quote
de,ovos-skill-confucius-quotes.openvoiceos:ConfuciusQuote,was würde konfuzius sagen
it,ovos-skill-confucius-quotes.openvoiceos:ConfuciusQuote,dimmi una citazione di confucio
nl,ovos-skill-confucius-quotes.openvoiceos:ConfuciusQuote,vertel me een wijsheid van confucius
de,ovos-skill-confucius-quotes.openvoiceos:ConfuciusQuote,hast du ein weises zitat von konfuzius für mich?
de,ovos-skill-confucius-quotes.openvoiceos:ConfuciusQuote,was sagte konfuzius
es,ovos-skill-confucius-quotes.openvoiceos:ConfuciusQuote,di algo que dijo confucio
de,ovos-skill-confucius-quotes.openvoiceos:ConfuciusQuote,ich hätte gern ein inspirierendes zitat von konfuzius
de,ovos-skill-confucius-quotes.openvoiceos:ConfuciusQuote,gib mir bitte ein kluges sprichwort von konfuzius
nl,ovos-skill-confucius-quotes.openvoiceos:ConfuciusQuote,heb je een citaat van confucius voor me?
de,ovos-skill-confucius-quotes.openvoiceos:ConfuciusQuote,kannst du mir eine weisheit von konfuzius nennen?
ca,ovos-skill-confucius-quotes.openvoiceos:ConfuciusBirth,quan va viure confuci
nl,ovos-skill-confucius-quotes.openvoiceos:ConfuciusBirth,in welke periode leefde confucius?
de,ovos-skill-confucius-quotes.openvoiceos:ConfuciusBirth,wann lebte konfuzius
es,ovos-skill-confucius-quotes.openvoiceos:ConfuciusBirth,cuándo vivió confucio
pt,ovos-skill-confucius-quotes.openvoiceos:ConfuciusBirth,quando viveu confúcio
nl,ovos-skill-confucius-quotes.openvoiceos:ConfuciusBirth,uit welk tijdperk komt confucius?
en,ovos-skill-confucius-quotes.openvoiceos:ConfuciusBirth,what year was confucius born
en,ovos-skill-confucius-quotes.openvoiceos:ConfuciusBirth,tell me confucius' birth date
en,ovos-skill-confucius-quotes.openvoiceos:ConfuciusBirth,when did confucius live
fr,ovos-skill-confucius-quotes.openvoiceos:ConfuciusBirth,quand a vécu confucius
es,ovos-skill-confucius-quotes.openvoiceos:ConfuciusBirth,cuál es la fecha de nacimiento de confucio
de,ovos-skill-confucius-quotes.openvoiceos:ConfuciusBirth,nenne mir das geburtsjahr von konfuzius
pt,ovos-skill-confucius-quotes.openvoiceos:ConfuciusBirth,em que ano é que confúcio nasceu
de,ovos-skill-confucius-quotes.openvoiceos:ConfuciusBirth,in welchem jahr wurde konfuzius geboren?
gl,ovos-skill-confucius-quotes.openvoiceos:ConfuciusBirth,cando viviu confucio
nl,ovos-skill-confucius-quotes.openvoiceos:ConfuciusBirth,hoe lang geleden leefde confucius?
nl,ovos-skill-confucius-quotes.openvoiceos:ConfuciusBirth,wanneer was confucius in leven?
pt,ovos-skill-confucius-quotes.openvoiceos:ConfuciusBirth,diga-me a data de nascimento de confúcio
it,ovos-skill-confucius-quotes.openvoiceos:ConfuciusBirth,quando è vissuto confucio
de,ovos-skill-confucius-quotes.openvoiceos:ConfuciusBirth,weißt du wann konfuzius gelebt hat?
de,ovos-skill-confucius-quotes.openvoiceos:ConfuciusBirth,geburtsdatum von konfuzius
de,ovos-skill-confucius-quotes.openvoiceos:ConfuciusBirth,zu welcher zeit lebte konfuzius?
nl,ovos-skill-confucius-quotes.openvoiceos:ConfuciusBirth,wanneer leefde confucius
de,ovos-skill-confucius-quotes.openvoiceos:ConfuciusBirth,wann wurde konfuzius geboren
es,ovos-skill-confucius-quotes.openvoiceos:ConfuciusBirth,cuándo nació confucio
ca,ovos-skill-confucius-quotes.openvoiceos:ConfuciusDeath,en quin any va morir confuci
nl,ovos-skill-confucius-quotes.openvoiceos:ConfuciusDeath,wanneer overleed confucius?
de,ovos-skill-confucius-quotes.openvoiceos:ConfuciusDeath,in welchem jahr starb konfuzius
pt,ovos-skill-confucius-quotes.openvoiceos:ConfuciusDeath,em que ano morreu confúcio
es,ovos-skill-confucius-quotes.openvoiceos:ConfuciusDeath,cuándo murió confucio
nl,ovos-skill-confucius-quotes.openvoiceos:ConfuciusDeath,hoe oud was confucius toen hij stierf?
nl,ovos-skill-confucius-quotes.openvoiceos:ConfuciusDeath,op welke datum is confucius overleden?
de,ovos-skill-confucius-quotes.openvoiceos:ConfuciusDeath,kannst du mir sagen wann konfuzius gestorben ist?
en,ovos-skill-confucius-quotes.openvoiceos:ConfuciusDeath,how long ago did confucius die
en,ovos-skill-confucius-quotes.openvoiceos:ConfuciusDeath,tell me confucius' death date
de,ovos-skill-confucius-quotes.openvoiceos:ConfuciusDeath,das sterbejahr von konfuzius
es,ovos-skill-confucius-quotes.openvoiceos:ConfuciusDeath,cuál fue la fecha de muerte de confucio
fr,ovos-skill-confucius-quotes.openvoiceos:ConfuciusDeath,en quelle année est mort confucius
it,ovos-skill-confucius-quotes.openvoiceos:ConfuciusDeath,in che anno è morto confucio
pt,ovos-skill-confucius-quotes.openvoiceos:ConfuciusDeath,quando foi a morte de confúcio
en,ovos-skill-confucius-quotes.openvoiceos:ConfuciusDeath,what year did confucius pass away
gl,ovos-skill-confucius-quotes.openvoiceos:ConfuciusDeath,cando morreu confucio
nl,ovos-skill-confucius-quotes.openvoiceos:ConfuciusDeath,in welk jaar is confucius gestorven?
en,ovos-skill-confucius-quotes.openvoiceos:ConfuciusDeath,when was confucius' death
ca,ovos-skill-confucius-quotes.openvoiceos:ConfuciusDeath,quan va morir confuci explica'm la data de la mort de confuci
pt,ovos-skill-confucius-quotes.openvoiceos:ConfuciusDeath,há quanto tempo é que confúcio morreu
es,ovos-skill-confucius-quotes.openvoiceos:ConfuciusDeath,en qué año murió confucio
de,ovos-skill-confucius-quotes.openvoiceos:ConfuciusDeath,in welchem zeitraum ist konfuzius gestorben?
en,ovos-skill-confucius-quotes.openvoiceos:ConfuciusDeath,when did confucius die
de,ovos-skill-confucius-quotes.openvoiceos:ConfuciusDeath,wann starb konfuzius
de,ovos-skill-naptime.openvoiceos:WakeUp,schlummern beenden
nl,ovos-skill-naptime.openvoiceos:WakeUp,het is tijd om op te staan
de,ovos-skill-naptime.openvoiceos:WakeUp,es ist zeit aufzuwachen
de,ovos-skill-naptime.openvoiceos:WakeUp,bitte wache wieder auf
de,ovos-skill-naptime.openvoiceos:WakeUp,aufwachen
de,ovos-skill-naptime.openvoiceos:WakeUp,du solltest langsam aufstehen
es,ovos-skill-naptime.openvoiceos:WakeUp,levántate ya amaneció
en,ovos-skill-naptime.openvoiceos:WakeUp,wake up
ca,ovos-skill-naptime.openvoiceos:WakeUp,és hora de despertar-se
it,ovos-skill-naptime.openvoiceos:WakeUp,è ora di svegliarsi
en,ovos-skill-naptime.openvoiceos:WakeUp,end naptime
pt,ovos-skill-naptime.openvoiceos:WakeUp,acordar
pt,ovos-skill-naptime.openvoiceos:WakeUp,fim da sesta
nl,ovos-skill-naptime.openvoiceos:WakeUp,wakker worden de dag is begonnen
de,ovos-skill-naptime.openvoiceos:WakeUp,beende den schlaf es geht los!
de,ovos-skill-naptime.openvoiceos:WakeUp,steh auf der tag beginnt!
es,ovos-skill-naptime.openvoiceos:WakeUp,despierta ya es hora de levantarse
pt,ovos-skill-naptime.openvoiceos:WakeUp,a hora de dormir acabou
fr,ovos-skill-naptime.openvoiceos:WakeUp,il est temps de se réveiller
de,ovos-skill-naptime.openvoiceos:WakeUp,aufstehen es ist schon spät!
gl,ovos-skill-naptime.openvoiceos:WakeUp,é hora de espertar
de,ovos-skill-naptime.openvoiceos:WakeUp,jetzt ist zeit wach zu werden
nl,ovos-skill-naptime.openvoiceos:WakeUp,word nu wakker het is tijd
en,ovos-skill-naptime.openvoiceos:WakeUp,naptime is over
en,ovos-skill-naptime.openvoiceos:WakeUp,it’s time to wake up
it,ovos-skill-alerts.openvoiceos:RescheduleAlert,sposta la mia sveglia dalle 8 alle 9
nl,ovos-skill-alerts.openvoiceos:RescheduleAlert,zet mijn wekker van half zeven naar kwart voor zeven
de,ovos-skill-alerts.openvoiceos:RescheduleAlert,verschiebe meinen wecker von 8 uhr auf 9 uhr
es,ovos-skill-alerts.openvoiceos:RescheduleAlert,modifica mi alarma de las 6:30 a las 7:15
en,ovos-skill-alerts.openvoiceos:RescheduleAlert,reschedule my 8 am alarm at 9 am
en,ovos-skill-alerts.openvoiceos:RescheduleAlert,push the tennis event by one hour.
pt,ovos-skill-alerts.openvoiceos:RescheduleAlert,reagende meu alarme das 8 para as 9
en,ovos-skill-alerts.openvoiceos:RescheduleAlert,change dentist reminder to 3 pm
pt,ovos-skill-alerts.openvoiceos:RescheduleAlert,adiar o evento de ténis por uma hora.
pt,ovos-skill-alerts.openvoiceos:RescheduleAlert,atrasar o meu alerta às 17h em meia hora
fr,ovos-skill-alerts.openvoiceos:RescheduleAlert,reporte mon alarme de 8 heures à 9 heures
ca,ovos-skill-alerts.openvoiceos:RescheduleAlert,canvia la meva alarma de les 8 a les 9
pt,ovos-skill-alerts.openvoiceos:RescheduleAlert,alterar o lembrete do dentista para as 3 da tarde
nl,ovos-skill-alerts.openvoiceos:RescheduleAlert,stel mijn wekker een uur later in
nl,ovos-skill-alerts.openvoiceos:RescheduleAlert,verplaats het alarm van 6 uur naar 6:30
de,ovos-skill-alerts.openvoiceos:RescheduleAlert,verschiebe den termin bei meinen friseur um eine woche
de,ovos-skill-alerts.openvoiceos:RescheduleAlert,ändere die weckzeit auf 10:10 uhr
de,ovos-skill-alerts.openvoiceos:RescheduleAlert,verschiebe bitte meinen morgenwecker um 20 minuten nach hinten
en,ovos-skill-alerts.openvoiceos:RescheduleAlert,move my alarm from 6 to 7
en,ovos-skill-alerts.openvoiceos:RescheduleAlert,delay my 5 pm alert by half an hour
en,ovos-skill-alerts.openvoiceos:RescheduleAlert,change the alarm time to 9 am
pt,ovos-skill-alerts.openvoiceos:RescheduleAlert,adie o meu próximo evento uma hora mais cedo
en,ovos-skill-alerts.openvoiceos:RescheduleAlert,postpone lunch reminder to 2
de,ovos-skill-alerts.openvoiceos:RescheduleAlert,setze meinen alarm von halb neun auf neun uhr
de,ovos-skill-alerts.openvoiceos:RescheduleAlert,ändere meine tennisverabredung von 17 uhr auf 18 uhr
de,ovos-skill-alerts.openvoiceos:ChangeProperties,ändere meine alarmeinstellungen
nl,ovos-skill-alerts.openvoiceos:ChangeProperties,pas de broodtimer aan naar 3 minuten extra
de,ovos-skill-alerts.openvoiceos:ChangeProperties,bitte verlängere den teetimer um 90 sekunden
es,ovos-skill-alerts.openvoiceos:ChangeProperties,añade dos minutos más al temporizador del pan
en,ovos-skill-alerts.openvoiceos:ChangeProperties,extend the bread timer by 2 minutes
en,ovos-skill-alerts.openvoiceos:ChangeProperties,change tennis event length to 3 hours.
en,ovos-skill-alerts.openvoiceos:ChangeProperties,make my wake up alarm repeat daily
pt,ovos-skill-alerts.openvoiceos:ChangeProperties,alterar as propriedades do meu alerta
de,ovos-skill-alerts.openvoiceos:ChangeProperties,setz die backzeit 2 minuten höher
nl,ovos-skill-alerts.openvoiceos:ChangeProperties,doe er 120 seconden bij voor de timer
pt,ovos-skill-alerts.openvoiceos:ChangeProperties,alterar o alarme das 8 da manhã para repetir apenas às segundas e terças-feiras.
ca,ovos-skill-alerts.openvoiceos:ChangeProperties,allarga el temporitzador del pa 2 minuts més
pt,ovos-skill-alerts.openvoiceos:ChangeProperties,aumentar o tempo de pão em 2 minutos
it,ovos-skill-alerts.openvoiceos:ChangeProperties,allunga il timer del pane di 2 minuti
de,ovos-skill-alerts.openvoiceos:ChangeProperties,bitte füge dem kuchentimer noch zwei minuten hinzu
nl,ovos-skill-alerts.openvoiceos:ChangeProperties,maak de timer iets langer met een paar minuten
en,ovos-skill-alerts.openvoiceos:ChangeProperties,change the 8 am alarm recurring only mondays and tuesdays.
pt,ovos-skill-alerts.openvoiceos:ChangeProperties,fazer com que o meu alarme de despertar se repita diariamente
fr,ovos-skill-alerts.openvoiceos:ChangeProperties,prolonge le minuteur du pain de 2 minutes
de,ovos-skill-alerts.openvoiceos:ChangeProperties,ändere den 8 uhr alarm auf wiederholung nur am dienstag und mittwoch
de,ovos-skill-alerts.openvoiceos:ChangeProperties,kannst du den nudeltimer um ein paar minuten verlängern?
en,ovos-skill-alerts.openvoiceos:ChangeProperties,change my alert properties
de,ovos-skill-alerts.openvoiceos:ChangeProperties,häng bitte 3 minuten an den eier-timer dran
pt,ovos-skill-alerts.openvoiceos:ChangeProperties,alterar a duração do evento de ténis para 3 horas.
pt,ovos-skill-alerts.openvoiceos:ChangeProperties,alterar o temporizador para 25 minutos em vez disso
eu,ovos-skill-wordnet.openvoiceos:synonym.intent,nola esaten da bestela 'ederra' wordneten arabera?
nl,ovos-skill-wordnet.openvoiceos:synonym.intent,zoek vergelijkbare woorden voor 'rustig' via wordnet
eu,ovos-skill-wordnet.openvoiceos:synonym.intent,esanahi bera duten hitzak bilatu 'lasai' hitzarentzat
de,ovos-skill-wordnet.openvoiceos:synonym.intent,kannst du ähnliche wörter wie „gehen“ suchen
de,ovos-skill-wordnet.openvoiceos:synonym.intent,was kann man statt „groß“ sagen
en,ovos-skill-wordnet.openvoiceos:synonym.intent,can you find similar words to 'happy' using wordnet
nl,ovos-skill-wordnet.openvoiceos:synonym.intent,wat zijn gelijkaardige termen als 'droevig' in wordnet?
nl,ovos-skill-wordnet.openvoiceos:synonym.intent,wil je synoniemen vinden van 'sterk' met wordnet?
fr,ovos-skill-wordnet.openvoiceos:synonym.intent,cherche les synonymes de 'heureux' avec wordnet
de,ovos-skill-wordnet.openvoiceos:synonym.intent,zeig mir alternative begriffe für „schnell“ aus wordnet
pt,ovos-skill-wordnet.openvoiceos:synonym.intent,consegue encontrar palavras semelhantes a 'feliz' usando o wordnet
it,ovos-skill-wordnet.openvoiceos:synonym.intent,trova sinonimi di 'felice' su wordnet
pt,ovos-skill-wordnet.openvoiceos:synonym.intent,procure sinónimos para 'fast' no wordnet
nl,ovos-skill-wordnet.openvoiceos:synonym.intent,laat me alternatieven zien voor het woord 'mooi'
ca,ovos-skill-wordnet.openvoiceos:synonym.intent,mostra sinònims de 'feliç' amb wordnet
eu,ovos-skill-wordnet.openvoiceos:synonym.intent,'argia' hitzaren parekoak bilatu wordnet bidez
eu,ovos-skill-wordnet.openvoiceos:synonym.intent,zer sinonimo ditu 'indartsu' hitzak wordnet-en?
de,ovos-skill-wordnet.openvoiceos:synonym.intent,was sind andere wörter für „freundlich“ im wordnet?
en,ovos-skill-wordnet.openvoiceos:synonym.intent,search wordnet for synonyms of 'happy'
gl,ovos-skill-wordnet.openvoiceos:synonym.intent,atopa sinónimos de 'rápido' usando wordnet
de,ovos-skill-wordnet.openvoiceos:synonym.intent,welche wörter bedeuten das gleiche wie „bauen“
de,ovos-skill-wordnet.openvoiceos:synonym.intent,nenn mir bitte alternativen zu „groß“ aus dem wordnet
de,ovos-skill-wordnet.openvoiceos:synonym.intent,zeig mir wörter die ähnlich wie „intelligent“ sind
de,ovos-skill-wordnet.openvoiceos:synonym.intent,welche begriffe kann man anstelle von „interessant“ verwenden?
de,ovos-skill-wordnet.openvoiceos:synonym.intent,hast du synonyme für „mutig“ aus wordnet?
eu,ovos-skill-personal.openvoiceos:WhatAreYou.intent,zertan datza zure funtzioa?
nl,ovos-skill-personal.openvoiceos:WhatAreYou.intent,wat voor soort systeem ben jij?
nl,ovos-skill-personal.openvoiceos:WhatAreYou.intent,hoe zou je jezelf omschrijven?
eu,ovos-skill-personal.openvoiceos:WhatAreYou.intent,zertarako balio duzu zuk?
es,ovos-skill-personal.openvoiceos:WhatAreYou.intent,¿qué tipo de cosa eres tú?
en,ovos-skill-personal.openvoiceos:WhatAreYou.intent,tell me about yourself
en,ovos-skill-personal.openvoiceos:WhatAreYou.intent,can you explain what you do
pt,ovos-skill-personal.openvoiceos:WhatAreYou.intent,como você se classifica
pt,ovos-skill-personal.openvoiceos:WhatAreYou.intent,qual é a sua classificação
eu,ovos-skill-personal.openvoiceos:WhatAreYou.intent,zer zara zu?
es,ovos-skill-personal.openvoiceos:WhatAreYou.intent,cuál es tu clasificación
es,ovos-skill-personal.openvoiceos:WhatAreYou.intent,cómo te clasificarías
gl,ovos-skill-personal.openvoiceos:WhatAreYou.intent,cal é a túa especie?
gl,ovos-skill-personal.openvoiceos:WhatAreYou.intent,definirte
de,ovos-skill-personal.openvoiceos:WhatAreYou.intent,dich selbst definieren
de,ovos-skill-personal.openvoiceos:WhatAreYou.intent,kannst du beschreiben was du bist
ca,ovos-skill-personal.openvoiceos:WhatAreYou.intent,com et classifiques
ca,ovos-skill-personal.openvoiceos:WhatAreYou.intent,definiries
ca,ovos-skill-personal.openvoiceos:WhatAreYou.intent,descriure què ets
ca,ovos-skill-personal.openvoiceos:WhatAreYou.intent,quina és la teva classificació
da,ovos-skill-personal.openvoiceos:WhatAreYou.intent,definere dig selv
da,ovos-skill-personal.openvoiceos:WhatAreYou.intent,hvad er din art
pt,ovos-skill-personal.openvoiceos:WhatAreYou.intent,o que é o openvoiceos
pt,ovos-skill-personal.openvoiceos:WhatAreYou.intent,é um ia
ca,ovos-skill-personal.openvoiceos:WhatAreYou.intent,quin material tens a dins teu?
eu,ovos-skill-hello-world.openvoiceos:ThankYouIntent,mila esker
eu,ovos-skill-hello-world.openvoiceos:ThankYouIntent,eskerrik beroenak
eu,ovos-skill-hello-world.openvoiceos:ThankYouIntent,benetan eskertzen dut
en,ovos-skill-hello-world.openvoiceos:ThankYouIntent,thank you
es,ovos-skill-hello-world.openvoiceos:ThankYouIntent,te lo agradezco mucho
ca,ovos-skill-hello-world.openvoiceos:ThankYouIntent,et dono les gràcies sincerament
gl,ovos-skill-hello-world.openvoiceos:ThankYouIntent,estou moi agradecido
fr,ovos-skill-hello-world.openvoiceos:ThankYouIntent,un grand merci
it,ovos-skill-hello-world.openvoiceos:ThankYouIntent,ti ringrazio tanto
nl,ovos-skill-hello-world.openvoiceos:ThankYouIntent,hartelijk bedankt
de,ovos-skill-hello-world.openvoiceos:ThankYouIntent,besten dank
es,ovos-skill-hello-world.openvoiceos:ThankYouIntent,muchas gracias
gl,ovos-skill-hello-world.openvoiceos:ThankYouIntent,moitas grazas
pt,ovos-skill-hello-world.openvoiceos:ThankYouIntent,muito obrigado
it,ovos-skill-hello-world.openvoiceos:ThankYouIntent,grazie tante
en,ovos-skill-hello-world.openvoiceos:ThankYouIntent,thanks
en,ovos-skill-hello-world.openvoiceos:ThankYouIntent,i appreciate it
pt,ovos-skill-hello-world.openvoiceos:ThankYouIntent,eu agradeço isso
ca,ovos-skill-hello-world.openvoiceos:ThankYouIntent,gràcies moltíssimes
eu,ovos-skill-hello-world.openvoiceos:ThankYouIntent,eskerrik asko zure laguntzagatik
pt,ovos-skill-hello-world.openvoiceos:ThankYouIntent,agradeço-te bastante
nl,ovos-skill-hello-world.openvoiceos:ThankYouIntent,heel erg bedankt
ca,ovos-skill-hello-world.openvoiceos:ThankYouIntent,moltes gràcies
fr,ovos-skill-hello-world.openvoiceos:ThankYouIntent,merci beaucoup
de,ovos-skill-hello-world.openvoiceos:ThankYouIntent,vielen dank
eu,ovos-skill-wallpapers.openvoiceos:picture.about.intent,ikusi nahi nuke egunsenti baten argazkia
gl,ovos-skill-wallpapers.openvoiceos:picture.about.intent,ensinar outra imaxe aleatoria con {query}
es,ovos-skill-wallpapers.openvoiceos:picture.about.intent,muéstrameunaimagen aleatoriapara {consulta}
da,ovos-skill-wallpapers.openvoiceos:picture.about.intent,vis ny foto om {forespørgsel}
ca,ovos-skill-wallpapers.openvoiceos:picture.about.intent,mostra’m una imatge d’un mercat de carrer
pt,ovos-skill-wallpapers.openvoiceos:picture.about.intent,mostre-me uma imagem com cães
fr,ovos-skill-wallpapers.openvoiceos:picture.about.intent,affiche-moi une image avec des oiseaux
en,ovos-skill-wallpapers.openvoiceos:picture.about.intent,find a picture with cats
eu,ovos-skill-wallpapers.openvoiceos:picture.about.intent,aurkitu argazki bat itsasoarekin mesedez
de,ovos-skill-wallpapers.openvoiceos:picture.about.intent,lade mir ein noch ein anderes abbild für {query}
gl,ovos-skill-wallpapers.openvoiceos:picture.about.intent,ensíname unha fotografía distinta sobre {query}
en,ovos-skill-wallpapers.openvoiceos:picture.about.intent,display another photo about {query}
ca,ovos-skill-wallpapers.openvoiceos:picture.about.intent,mostra'm altra dibuix nou relacionada amb {query}
it,ovos-skill-wallpapers.openvoiceos:picture.about.intent,mostrami un'immagine di gatti
nl,ovos-skill-wallpapers.openvoiceos:picture.about.intent,laat me een afbeelding met katten zien
en,ovos-skill-wallpapers.openvoiceos:picture.about.intent,show me an image of birds
eu,ovos-skill-wallpapers.openvoiceos:picture.about.intent,bistaratu niri beste irudi berri bat honi buruz: {query}
gl,ovos-skill-wallpapers.openvoiceos:picture.about.intent,mostrar foto nova para {query}
ca,ovos-skill-wallpapers.openvoiceos:picture.about.intent,ensenya'm una imatge amb gats
es,ovos-skill-wallpapers.openvoiceos:picture.about.intent,muéstrame otra imagen aleatoriasobre {consulta}
ca,ovos-skill-wallpapers.openvoiceos:picture.about.intent,mostra altre aleatori fotografia d'{query}
es,ovos-skill-wallpapers.openvoiceos:picture.about.intent,muéstrameunafoto nuevasobre {consulta}
es,ovos-skill-wallpapers.openvoiceos:picture.about.intent,enseñaimagen nuevapara {consulta}
es,ovos-skill-wallpapers.openvoiceos:picture.about.intent,enseñarimagen nuevacon {consulta}
eu,ovos-skill-wallpapers.openvoiceos:picture.about.intent,erakutsi ausazko marrazki bat honekin: {query}
en,ovos-skill-days-in-history.openvoiceos:births_in_history.intent,who came into the world on this day long ago
eu,ovos-skill-days-in-history.openvoiceos:births_in_history.intent,zein ospetsu jaio zen gaur bezalako egunean?
es,ovos-skill-days-in-history.openvoiceos:births_in_history.intent,quién nació un día como hoy
nl,ovos-skill-days-in-history.openvoiceos:births_in_history.intent,wie is er geboren op een dag als vandaag
pt,ovos-skill-days-in-history.openvoiceos:births_in_history.intent,quem veio ao mundo nesta data histórica
fr,ovos-skill-days-in-history.openvoiceos:births_in_history.intent,qui a vu le jour à cette date dans le passé
it,ovos-skill-days-in-history.openvoiceos:births_in_history.intent,chi è nato in questo giorno del passato
gl,ovos-skill-days-in-history.openvoiceos:births_in_history.intent,quen naceu hoxe na historia
ca,ovos-skill-days-in-history.openvoiceos:births_in_history.intent,qui va néixer tal dia com avui en la història
de,ovos-skill-days-in-history.openvoiceos:births_in_history.intent,wer wurde an diesem tag in der geschichte geboren
eu,ovos-skill-days-in-history.openvoiceos:births_in_history.intent,nor izan zen jaiotako gaurko egunez historian zehar?
da,ovos-skill-days-in-history.openvoiceos:births_in_history.intent,hvem blev født på denne dag
pt,ovos-skill-days-in-history.openvoiceos:births_in_history.intent,quem nasceu neste dia da história
en,ovos-skill-days-in-history.openvoiceos:births_in_history.intent,who was born today in history
fr,ovos-skill-days-in-history.openvoiceos:births_in_history.intent,qui est né un jour comme aujourd'hui
gl,ovos-skill-days-in-history.openvoiceos:births_in_history.intent,quen apareceu nesta data importante
it,ovos-skill-days-in-history.openvoiceos:births_in_history.intent,chi è nato oggi nella storia
es,ovos-skill-days-in-history.openvoiceos:births_in_history.intent,quién nació en esta fecha en la historia
pt,ovos-skill-days-in-history.openvoiceos:births_in_history.intent,quem nasceu num dia como o de hoje
eu,ovos-skill-days-in-history.openvoiceos:births_in_history.intent,gaur egunez nor jaio zen iraganeko garaietan?
eu,ovos-skill-days-in-history.openvoiceos:births_in_history.intent,historiako zein pertsona jaio zen egun honetan?
ca,ovos-skill-days-in-history.openvoiceos:births_in_history.intent,qui va néixer en aquesta data al passat
pt,ovos-skill-days-in-history.openvoiceos:births_in_history.intent,quem nasceu no mundo neste dia há muito tempo
ca,ovos-skill-days-in-history.openvoiceos:births_in_history.intent,qui nasqué tal dia com hui
fr,ovos-skill-days-in-history.openvoiceos:births_in_history.intent,qui est né à cette date dans l’histoire
gl,ovos-skill-randomness.openvoiceos:flip-a-coin.intent,a caras ou cruces
eu,ovos-skill-randomness.openvoiceos:flip-a-coin.intent,egin dezagun txanpon jaurtiketa
eu,ovos-skill-randomness.openvoiceos:flip-a-coin.intent,jaurti txanpona eta esan emaitza
en,ovos-skill-randomness.openvoiceos:flip-a-coin.intent,let's do a coin flip
es,ovos-skill-randomness.openvoiceos:flip-a-coin.intent,haz que salga cara o cruz
ca,ovos-skill-randomness.openvoiceos:flip-a-coin.intent,llança una moneda i digues què surt
gl,ovos-skill-randomness.openvoiceos:flip-a-coin.intent,tira unha moeda e dime o resultado
fr,ovos-skill-randomness.openvoiceos:flip-a-coin.intent,fais tomber une pièce
nl,ovos-skill-randomness.openvoiceos:flip-a-coin.intent,gooi een muntje voor me op
de,ovos-skill-randomness.openvoiceos:flip-a-coin.intent,wirf für mich eine münze
pt,ovos-skill-randomness.openvoiceos:flip-a-coin.intent,lançamento de moeda por favor
pt,ovos-skill-randomness.openvoiceos:flip-a-coin.intent,vamos fazer uma moeda ao ar
it,ovos-skill-randomness.openvoiceos:flip-a-coin.intent,lancia una moneta e dimmi il risultato
en,ovos-skill-randomness.openvoiceos:flip-a-coin.intent,toss a coin for me
eu,ovos-skill-randomness.openvoiceos:flip-a-coin.intent,nahi dut zorizko txanpon bat botatzea
pt,ovos-skill-randomness.openvoiceos:flip-a-coin.intent,joga uma moeda para mim
en,ovos-skill-randomness.openvoiceos:flip-a-coin.intent,throw a coin
es,ovos-skill-randomness.openvoiceos:flip-a-coin.intent,tira una moneda al aire
eu,ovos-skill-randomness.openvoiceos:flip-a-coin.intent,bota txanpona airera
pt,ovos-skill-randomness.openvoiceos:flip-a-coin.intent,podes lançar uma moeda
fr,ovos-skill-randomness.openvoiceos:flip-a-coin.intent,lance une pièce et dis-moi ce que c’est
pt,ovos-skill-randomness.openvoiceos:flip-a-coin.intent,atira a moeda para o ar e conta-me
pt,ovos-skill-randomness.openvoiceos:flip-a-coin.intent,lançai-me uma moeda
it,ovos-skill-randomness.openvoiceos:flip-a-coin.intent,tira una moneta e fammi sapere
eu,ovos-skill-randomness.openvoiceos:flip-a-coin.intent,bota ezazu txanpona eta ikus dezagun zer ateratzen den
en,ovos-skill-alerts.openvoiceos:DeleteList,erase all lists
de,ovos-skill-alerts.openvoiceos:DeleteList,wirf die einkaufsliste weg
de,ovos-skill-alerts.openvoiceos:DeleteList,liste löschen
de,ovos-skill-alerts.openvoiceos:DeleteList,schmeiß meine notizen für den einkauf raus
en,ovos-skill-alerts.openvoiceos:DeleteList,remove shopping list
ca,ovos-skill-alerts.openvoiceos:DeleteList,elimina la llista de compres
pt,ovos-skill-alerts.openvoiceos:DeleteList,remover a lista
pt,ovos-skill-alerts.openvoiceos:DeleteList,apagar todas as listas
it,ovos-skill-alerts.openvoiceos:DeleteList,rimuovi la lista della spesa
pt,ovos-skill-alerts.openvoiceos:DeleteList,limpar a minha lista de tarefas
de,ovos-skill-alerts.openvoiceos:DeleteList,ich brauche die liste nicht mehr lösch sie bitte
en,ovos-skill-alerts.openvoiceos:DeleteList,clear my tasks list
en,ovos-skill-alerts.openvoiceos:DeleteList,drop the birthday list
pt,ovos-skill-alerts.openvoiceos:DeleteList,abandonar a lista de aniversário
de,ovos-skill-alerts.openvoiceos:DeleteList,entferne meine einkaufsliste komplett
fr,ovos-skill-alerts.openvoiceos:DeleteList,met fin à la liste de courses
pt,ovos-skill-alerts.openvoiceos:DeleteList,descarte a lista de compras
de,ovos-skill-alerts.openvoiceos:DeleteList,einkaufsliste entsorgen
es,ovos-skill-alerts.openvoiceos:DeleteList,descarta la lista de la compra
de,ovos-skill-alerts.openvoiceos:DeleteList,lösche die liste
en,ovos-skill-alerts.openvoiceos:DeleteList,delete the grocery list
de,ovos-skill-alerts.openvoiceos:DeleteList,lösch bitte meine liste für den supermarkt
pt,ovos-skill-alerts.openvoiceos:DeleteList,excluir a minha lista
en,ovos-skill-alerts.openvoiceos:DeleteList,discard the shopping list
en,ovos-skill-alerts.openvoiceos:DeleteList,delete my list
fr,ovos-skill-weather.openvoiceos:is_fog.intent,est-ce qu'il y aura du brouillard ce soir?
es,ovos-skill-weather.openvoiceos:is_fog.intent,¿se espera neblina en zaragoza esta mañana?
it,ovos-skill-weather.openvoiceos:is_fog.intent,ci sarà nebbia a firenze domani?
nl,ovos-skill-weather.openvoiceos:is_fog.intent,is er vanmorgen mist in rotterdam?
ca,ovos-skill-weather.openvoiceos:is_fog.intent,hi haurà boira aquesta tarda a girona?
de,ovos-skill-weather.openvoiceos:is_fog.intent,ist es heute neblig?
en,ovos-skill-weather.openvoiceos:is_fog.intent,should i be worried about fog
pt,ovos-skill-weather.openvoiceos:is_fog.intent,a visibilidade é baixa devido ao nevoeiro
pt,ovos-skill-weather.openvoiceos:is_fog.intent,há névoa
es,ovos-skill-weather.openvoiceos:is_fog.intent,¿debería alarmarme por la niebla ?
gl,ovos-skill-weather.openvoiceos:is_fog.intent,a néboa afectará a miña condución
de,ovos-skill-weather.openvoiceos:is_fog.intent,sollte ich mir wegen nebel  sorgen machen?
da,ovos-skill-weather.openvoiceos:is_fog.intent,skal jeg være bekymret for tåge
pt,ovos-skill-weather.openvoiceos:is_fog.intent,estão as estradas empoeiradas hoje?
pt,ovos-skill-weather.openvoiceos:is_fog.intent,está a nebular lá fora?
ca,ovos-skill-weather.openvoiceos:is_fog.intent,farà xafogor dissabte?
es,ovos-skill-weather.openvoiceos:is_fog.intent,¿esperas niebla en salamanca al amanecer?
es,ovos-skill-weather.openvoiceos:is_fog.intent,¿hay niebla ahora mismo ?
ca,ovos-skill-weather.openvoiceos:is_fog.intent,m'he de preocupar per la boira avui a {location}?
de,ovos-skill-weather.openvoiceos:is_fog.intent,wird nebel meinen meine fahrt in {location} beeinträchtigen
pt,ovos-skill-weather.openvoiceos:is_fog.intent,quão mau é esperado que o nevoeiro seja?
nl,ovos-skill-weather.openvoiceos:is_fog.intent,moet ik me zorgen maken over mist vandaag
da,ovos-skill-weather.openvoiceos:is_fog.intent,er sigtbarheden lav på grund af tåge i {location}
pt,ovos-skill-weather.openvoiceos:is_fog.intent,vai ter neblina amanhã cedo em porto?
da,ovos-skill-weather.openvoiceos:is_fog.intent,vil tåge påvirke min kørsel
fr,ovos-skill-weather.openvoiceos:is_clear.intent,le ciel sera-t-il dégagé ce soir à nice?
es,ovos-skill-weather.openvoiceos:is_clear.intent,¿va a estar el cielo despejado esta tarde en sevilla?
it,ovos-skill-weather.openvoiceos:is_clear.intent,sarà sereno domani a torino?
nl,ovos-skill-weather.openvoiceos:is_clear.intent,is de lucht helder in den haag vanmiddag?
ca,ovos-skill-weather.openvoiceos:is_clear.intent,estarà clar aquesta tarda a lleida?
de,ovos-skill-weather.openvoiceos:is_clear.intent,ist der himmel heute klar?
pt,ovos-skill-weather.openvoiceos:is_clear.intent,hoje está ensolarado certo?
en,ovos-skill-weather.openvoiceos:is_clear.intent,can i expect clear skies
en,ovos-skill-weather.openvoiceos:is_clear.intent,will it be sunny today
pt,ovos-skill-weather.openvoiceos:is_clear.intent,há muitas nuvens
pt,ovos-skill-weather.openvoiceos:is_clear.intent,posso esperar céu limpo
es,ovos-skill-weather.openvoiceos:is_clear.intent,¿hace sol ?
es,ovos-skill-weather.openvoiceos:is_clear.intent,¿hay nubosidad alguna ?
gl,ovos-skill-weather.openvoiceos:is_clear.intent,hai nubes no ceo
nl,ovos-skill-weather.openvoiceos:is_clear.intent,kan ik zon verwachten
nl,ovos-skill-weather.openvoiceos:is_clear.intent,wordt het vandaag zonnig
de,ovos-skill-weather.openvoiceos:is_clear.intent,gibt es  eine wolkendecke
de,ovos-skill-weather.openvoiceos:is_clear.intent,kann ich  sonnenschein erwarten
de,ovos-skill-weather.openvoiceos:is_clear.intent,scheint  die sonne
ca,ovos-skill-weather.openvoiceos:is_clear.intent,està ennuvolat ?
ca,ovos-skill-weather.openvoiceos:is_clear.intent,fa un dia gris ?
ca,ovos-skill-weather.openvoiceos:is_clear.intent,hi ha nuvolositat ?
da,ovos-skill-weather.openvoiceos:is_clear.intent,er det dystert udenfor
pt,ovos-skill-weather.openvoiceos:is_clear.intent,quão nublado é em {location}
pt,ovos-skill-weather.openvoiceos:is_clear.intent,temos céus nublados?
fr,ovos-skill-weather.openvoiceos:is_stormy.intent,est-ce qu'il y aura une tempête demain à nantes?
es,ovos-skill-weather.openvoiceos:is_stormy.intent,¿hay posibilidad de tormentas hoy en bilbao?
it,ovos-skill-weather.openvoiceos:is_stormy.intent,ci sarà tempesta a venezia stasera?
pt,ovos-skill-weather.openvoiceos:is_stormy.intent,vai haver tempestade amanhã em faro?
nl,ovos-skill-weather.openvoiceos:is_stormy.intent,is er een storm op komst in utrecht?
ca,ovos-skill-weather.openvoiceos:is_stormy.intent,hi haurà tempestes avui?
de,ovos-skill-weather.openvoiceos:is_stormy.intent,gibt es heute gewitter?
en,ovos-skill-weather.openvoiceos:is_stormy.intent,are there severe weather warnings
en,ovos-skill-weather.openvoiceos:is_stormy.intent,should i stay indoors due to storms
pt,ovos-skill-weather.openvoiceos:is_stormy.intent,espera-se um evento climático severo
pt,ovos-skill-weather.openvoiceos:is_stormy.intent,está chovendo
pt,ovos-skill-weather.openvoiceos:is_stormy.intent,haverá uma trovoada
pt,ovos-skill-weather.openvoiceos:is_stormy.intent,há trovões e relâmpagos
es,ovos-skill-weather.openvoiceos:is_stormy.intent,¿debería quedarme dentro debido a el mal tiempo ?
es,ovos-skill-weather.openvoiceos:is_stormy.intent,¿existe alguna alerta por tormenta ?
es,ovos-skill-weather.openvoiceos:is_stormy.intent,¿habrá truenos y relámpagos ?
gl,ovos-skill-weather.openvoiceos:is_stormy.intent,debo prepararme para unha treboada
gl,ovos-skill-weather.openvoiceos:is_stormy.intent,hai lóstregos e tronos
nl,ovos-skill-weather.openvoiceos:is_stormy.intent,moet ik binnen blijven vanwege slecht weer
de,ovos-skill-weather.openvoiceos:is_stormy.intent,muss ich mich auf einen sturm vorbereiten
de,ovos-skill-weather.openvoiceos:is_stormy.intent,wird ein unwetter erwartet
ca,ovos-skill-weather.openvoiceos:is_stormy.intent,s'esperen condicions atmosfèriques adverses ?
da,ovos-skill-weather.openvoiceos:is_stormy.intent,skal jeg blive indendørs på grund af dårligt vejr
da,ovos-skill-weather.openvoiceos:is_stormy.intent,stormer det
da,ovos-skill-weather.openvoiceos:is_stormy.intent,vil der være tordenvejr
de,ovos-skill-weather.openvoiceos:high_temperature.intent,spitzentemperatur für heute
es,ovos-skill-weather.openvoiceos:high_temperature.intent,¿cuál será la temperatura máxima este martes en barcelona?
de,ovos-skill-weather.openvoiceos:high_temperature.intent,wie hoch wird die temperatur morgen?
en,ovos-skill-weather.openvoiceos:high_temperature.intent,what is the high temperature tomorrow
en,ovos-skill-weather.openvoiceos:high_temperature.intent,how hot will it get
pt,ovos-skill-weather.openvoiceos:high_temperature.intent,quão quente vai ficar
es,ovos-skill-weather.openvoiceos:high_temperature.intent,¿hará mucho calor ?
nl,ovos-skill-weather.openvoiceos:high_temperature.intent,hoe warm wordt het dinsdag
nl,ovos-skill-weather.openvoiceos:high_temperature.intent,top temperatuur voor donderdag
ca,ovos-skill-weather.openvoiceos:high_temperature.intent,fins on pujarà el termòmetre ?
da,ovos-skill-weather.openvoiceos:high_temperature.intent,hvor varmt bliver det
pt,ovos-skill-weather.openvoiceos:high_temperature.intent,diga-me o valor mais alto de hoje.
gl,ovos-skill-weather.openvoiceos:high_temperature.intent,cal é a temperatura máis elevada mañá pola mañá
pt,ovos-skill-weather.openvoiceos:high_temperature.intent,qual é a temperatura alta na quinta-feira à noite
ca,ovos-skill-weather.openvoiceos:high_temperature.intent,temperatura màxima per avui.
es,ovos-skill-weather.openvoiceos:high_temperature.intent,pico de temperatura para hoy
da,ovos-skill-weather.openvoiceos:high_temperature.intent,hvad er den højeste forventede temperatur i dag
ca,ovos-skill-weather.openvoiceos:high_temperature.intent,quina serà la temperatura més alta demà al matí?
en,ovos-skill-weather.openvoiceos:high_temperature.intent,peak temperature for today
es,ovos-skill-weather.openvoiceos:high_temperature.intent,¿cuál es la temperatura mayor que se prevé el lunes?
nl,ovos-skill-weather.openvoiceos:high_temperature.intent,wat is de hoogste temperatuur in {location} deze maandag
pt,ovos-skill-weather.openvoiceos:high_temperature.intent,qual é a temperatura máxima em {location} depois de amanhã
pt,ovos-skill-weather.openvoiceos:high_temperature.intent,até que ponto a temperatura subirá hoje?
gl,ovos-skill-weather.openvoiceos:high_temperature.intent,cal é a temperatura máxima prevista en {location} o próximo luns
en,ovos-skill-weather.openvoiceos:high_temperature.intent,what's the highest temp expected friday
gl,ovos-skill-weather.openvoiceos:is_wind.intent,quanta venta fai?
es,ovos-skill-weather.openvoiceos:is_wind.intent,¿va a hacer viento hoy?
fr,ovos-skill-weather.openvoiceos:is_wind.intent,à quel point le vent souffle-t-il?
en,ovos-skill-weather.openvoiceos:is_wind.intent,is it windy today
en,ovos-skill-weather.openvoiceos:is_wind.intent,are there gusty conditions expected
en,ovos-skill-weather.openvoiceos:is_wind.intent,do i need to secure outdoor items due to wind
en,ovos-skill-weather.openvoiceos:is_wind.intent,should i be concerned about high winds
pt,ovos-skill-weather.openvoiceos:is_wind.intent,devo me preocupar com ventos fortes
pt,ovos-skill-weather.openvoiceos:is_wind.intent,está ventando
pt,ovos-skill-weather.openvoiceos:is_wind.intent,haverá vento forte
pt,ovos-skill-weather.openvoiceos:is_wind.intent,há condições de rajadas esperadas
es,ovos-skill-weather.openvoiceos:is_wind.intent,¿debería preocuparme por los fuertes vientos ?
gl,ovos-skill-weather.openvoiceos:is_wind.intent,espéranse condicións ventosas
gl,ovos-skill-weather.openvoiceos:is_wind.intent,vai estar ventoso
nl,ovos-skill-weather.openvoiceos:is_wind.intent,hoe hard waait het
nl,ovos-skill-weather.openvoiceos:is_wind.intent,worden er windstoten verwacht
de,ovos-skill-weather.openvoiceos:is_wind.intent,gibt es  starke windböen
de,ovos-skill-weather.openvoiceos:is_wind.intent,sind böige bedingungen zu erwarten
de,ovos-skill-weather.openvoiceos:is_wind.intent,sollte ich mir wegen hoher winde  sorgen machen
de,ovos-skill-weather.openvoiceos:is_wind.intent,wie ist die windgeschwindigkeit
ca,ovos-skill-weather.openvoiceos:is_wind.intent,s'esperen ràfegues ?
da,ovos-skill-weather.openvoiceos:is_wind.intent,skal jeg sikre udendørs genstande på grund af vind
da,ovos-skill-weather.openvoiceos:is_wind.intent,forventes der blæsende vejr
es,ovos-skill-weather.openvoiceos:is_wind.intent,¿hay mucho viento ahora mismo en {location}?
es,ovos-skill-weather.openvoiceos:is_wind.intent,¿se espera viento esta noche ?
da,ovos-skill-weather.openvoiceos:current_temperature.intent,aktuel temperaturopdatering
es,ovos-skill-weather.openvoiceos:current_temperature.intent,¿me puedes decir cuántos grados hay ahora?
it,ovos-skill-weather.openvoiceos:current_temperature.intent,qual è la temperatura attuale in gradi celsius?
nl,ovos-skill-weather.openvoiceos:current_temperature.intent,hoe warm is het momenteel?
en,ovos-skill-weather.openvoiceos:current_temperature.intent,what's the temperature
en,ovos-skill-weather.openvoiceos:current_temperature.intent,do i need a coat
pt,ovos-skill-weather.openvoiceos:current_temperature.intent,está agradável lá fora
pt,ovos-skill-weather.openvoiceos:current_temperature.intent,preciso de uma casaco
es,ovos-skill-weather.openvoiceos:current_temperature.intent,¿hace calor afuera ?
es,ovos-skill-weather.openvoiceos:current_temperature.intent,¿necesitaría una abrigo hoy en {location}?
gl,ovos-skill-weather.openvoiceos:current_temperature.intent,necesito chaqueta
gl,ovos-skill-weather.openvoiceos:current_temperature.intent,vai bo tempo fóra
nl,ovos-skill-weather.openvoiceos:current_temperature.intent,heb ik een jas nodig vandaag
nl,ovos-skill-weather.openvoiceos:current_temperature.intent,huidige temperatuur update
de,ovos-skill-weather.openvoiceos:current_temperature.intent,sag mir die temperatur
de,ovos-skill-weather.openvoiceos:current_temperature.intent,brauche ich  eine jacke
de,ovos-skill-weather.openvoiceos:current_temperature.intent,ist es heiß draußen
ca,ovos-skill-weather.openvoiceos:current_temperature.intent,fa fred al carrer .
ca,ovos-skill-weather.openvoiceos:current_temperature.intent,necessito l'abric ?
da,ovos-skill-weather.openvoiceos:current_temperature.intent,fortæl mig temperaturen nu
da,ovos-skill-weather.openvoiceos:current_temperature.intent,er det koldt udenfor
pt,ovos-skill-weather.openvoiceos:current_temperature.intent,hoje é um dia quente?
pt,ovos-skill-weather.openvoiceos:current_temperature.intent,quão frio é
ca,ovos-skill-weather.openvoiceos:current_temperature.intent,avui creus que m'hauria d'abrigar molt?
pt,ovos-skill-weather.openvoiceos:current_temperature.intent,temperatura actual por favor.
da,ovos-skill-weather.openvoiceos:low_temperature.intent,minimumstemperaturprognose
es,ovos-skill-weather.openvoiceos:low_temperature.intent,¿cuál será la mínima pronosticada en bilbao?
en,ovos-skill-weather.openvoiceos:low_temperature.intent,what is the low temperature tomorrow
en,ovos-skill-weather.openvoiceos:low_temperature.intent,are freezing temperatures expected
en,ovos-skill-weather.openvoiceos:low_temperature.intent,how cold will it get
en,ovos-skill-weather.openvoiceos:low_temperature.intent,should i expect frost
pt,ovos-skill-weather.openvoiceos:low_temperature.intent,qual é a temperatura mais baixa
pt,ovos-skill-weather.openvoiceos:low_temperature.intent,devo esperar geada
pt,ovos-skill-weather.openvoiceos:low_temperature.intent,estará abaixo de zero
pt,ovos-skill-weather.openvoiceos:low_temperature.intent,quão frio vai ficar
pt,ovos-skill-weather.openvoiceos:low_temperature.intent,são esperadas temperaturas congelantes
es,ovos-skill-weather.openvoiceos:low_temperature.intent,¿hará mucho frío ?
nl,ovos-skill-weather.openvoiceos:low_temperature.intent,hoe koud wordt het dinsdag
nl,ovos-skill-weather.openvoiceos:low_temperature.intent,minimum temperatuur verwachting
nl,ovos-skill-weather.openvoiceos:low_temperature.intent,moet ik rekening houden met vorst donderdag
de,ovos-skill-weather.openvoiceos:low_temperature.intent,vorhersage der mindesttemperatur
de,ovos-skill-weather.openvoiceos:low_temperature.intent,wie hoch ist die minimale temperatur
de,ovos-skill-weather.openvoiceos:low_temperature.intent,werden  temperaturen unter dem gefrierpunkt erwartet
ca,ovos-skill-weather.openvoiceos:low_temperature.intent,s'espera gebre ?
ca,ovos-skill-weather.openvoiceos:low_temperature.intent,s'esperen gelades ?
da,ovos-skill-weather.openvoiceos:low_temperature.intent,hvad er den laveste pris natten over for fredag
da,ovos-skill-weather.openvoiceos:low_temperature.intent,hvor koldt bliver det
pt,ovos-skill-weather.openvoiceos:low_temperature.intent,diga-me a temperatura mínima em madrid
ca,ovos-skill-weather.openvoiceos:low_temperature.intent,quant de fred farà aquesta nit a {location}?
pt,ovos-skill-weather.openvoiceos:low_temperature.intent,a temperatura será inferior ao ponto de congelamento na quinta-feira
fr,ovos-skill-weather.openvoiceos:sunrise.intent,à quelle heure est le lever du soleil?
es,ovos-skill-weather.openvoiceos:sunrise.intent,¿me dices a qué hora amanece?
en,ovos-skill-weather.openvoiceos:sunrise.intent,when is the sunrise
en,ovos-skill-weather.openvoiceos:sunrise.intent,at what time does daylight begin
pt,ovos-skill-weather.openvoiceos:sunrise.intent,a que horas começa a luz do dia
pt,ovos-skill-weather.openvoiceos:sunrise.intent,quando o sol vai nascer
es,ovos-skill-weather.openvoiceos:sunrise.intent,horario de el amanecer de hoy
es,ovos-skill-weather.openvoiceos:sunrise.intent,¿cuándo empieza a clarear ?
es,ovos-skill-weather.openvoiceos:sunrise.intent,¿cuándoamanece ?
gl,ovos-skill-weather.openvoiceos:sunrise.intent,cando amencerá
nl,ovos-skill-weather.openvoiceos:sunrise.intent,tijd van zonsopgang
nl,ovos-skill-weather.openvoiceos:sunrise.intent,wanneer wordt het licht
nl,ovos-skill-weather.openvoiceos:sunrise.intent,zonsopgangschema voor vandaag
de,ovos-skill-weather.openvoiceos:sunrise.intent,sonnenaufgang für heute
de,ovos-skill-weather.openvoiceos:sunrise.intent,sonnenaufgangszeit
de,ovos-skill-weather.openvoiceos:sunrise.intent,um wie viel uhr beginnt es hell zu werden
de,ovos-skill-weather.openvoiceos:sunrise.intent,wann geht die sonne auf
ca,ovos-skill-weather.openvoiceos:sunrise.intent,quan comença a haver-hi llum al matí ?
da,ovos-skill-weather.openvoiceos:sunrise.intent,hvad er daggrytid
da,ovos-skill-weather.openvoiceos:sunrise.intent,hvornår begynder dagslyset
da,ovos-skill-weather.openvoiceos:sunrise.intent,solopgangsplan for i dag
da,ovos-skill-weather.openvoiceos:sunrise.intent,solopgangstid
pt,ovos-skill-weather.openvoiceos:sunrise.intent,já amanheceu?
es,ovos-skill-weather.openvoiceos:sunrise.intent,¿podrías avisarme cuando salga el sol?
ca,ovos-skill-weather.openvoiceos:sunrise.intent,a quina hora és l'eixida del sol demà?
nl,ovos-skill-weather.openvoiceos:hourly_forecast.intent,hoe ziet het weer eruit de komende uren
da,ovos-skill-weather.openvoiceos:hourly_forecast.intent,vejrudsigt for fredag kl. 10 formiddag i {location}
ca,ovos-skill-weather.openvoiceos:hourly_forecast.intent,com està la previsió a les 12 del matí ?
es,ovos-skill-weather.openvoiceos:hourly_forecast.intent,pronóstico para el domingo a las 7
en,ovos-skill-weather.openvoiceos:hourly_forecast.intent,how is the weather at 4 pm
ca,ovos-skill-weather.openvoiceos:hourly_forecast.intent,quin temps farà demà al migdia ?
gl,ovos-skill-weather.openvoiceos:hourly_forecast.intent,cal é a información do tempo ás 5 da tarde
de,ovos-skill-weather.openvoiceos:hourly_forecast.intent,wie ist das wetter morgen abend
de,ovos-skill-weather.openvoiceos:hourly_forecast.intent,vorhersage um 5 vormittags
da,ovos-skill-weather.openvoiceos:hourly_forecast.intent,hvordan er vejret lørdag middag
pt,ovos-skill-weather.openvoiceos:hourly_forecast.intent,previsão às 16h em {location}
ca,ovos-skill-weather.openvoiceos:hourly_forecast.intent,previsió per hores de dilluns .
ca,ovos-skill-weather.openvoiceos:hourly_forecast.intent,dimecres a la vesprada a {location}?
gl,ovos-skill-weather.openvoiceos:hourly_forecast.intent,previsión para xoves ao mediodía en {location}
es,ovos-skill-weather.openvoiceos:hourly_forecast.intent,¿qué tiempo hará el jueves por la noche?
gl,ovos-skill-weather.openvoiceos:hourly_forecast.intent,que tempo vai vir venres pola mañá
ca,ovos-skill-weather.openvoiceos:hourly_forecast.intent,dimarts a la nit ?
pt,ovos-skill-weather.openvoiceos:hourly_forecast.intent,qual é a previsão para as 12h da noite
en,ovos-skill-weather.openvoiceos:hourly_forecast.intent,hourly forecast for tomorrow
pt,ovos-skill-weather.openvoiceos:hourly_forecast.intent,como está o tempo no sábado de manhã
da,ovos-skill-weather.openvoiceos:hourly_forecast.intent,timeprognose for onsdag
ca,ovos-skill-weather.openvoiceos:hourly_forecast.intent,previsió per divendres a mitjanit a {location}?
ca,ovos-skill-weather.openvoiceos:hourly_forecast.intent,digues-me l'oratge a la 11 del migdia ?
da,ovos-skill-weather.openvoiceos:hourly_forecast.intent,fortæl mig det vejret kl. 2 eftermiddag i {lokation}
pt,ovos-skill-weather.openvoiceos:hourly_forecast.intent,previsão horária para amanhã
ca,ovos-skill-alerts.openvoiceos:QueryTodoEntries,tinc alguna cosa pendent
es,ovos-skill-alerts.openvoiceos:QueryTodoEntries,tengo tareas pendientes?
es,ovos-skill-alerts.openvoiceos:QueryTodoEntries,¿me queda algo por hacer hoy?
en,ovos-skill-alerts.openvoiceos:QueryTodoEntries,anything todo?
fr,ovos-skill-alerts.openvoiceos:QueryTodoEntries,ai-je quelque chose à faire
it,ovos-skill-alerts.openvoiceos:QueryTodoEntries,c'è qualcosa da fare
en,ovos-skill-alerts.openvoiceos:QueryTodoEntries,do i have any tasks left
en,ovos-skill-alerts.openvoiceos:QueryTodoEntries,check my to-dos
pt,ovos-skill-alerts.openvoiceos:QueryTodoEntries,qualquer coisa a fazer
pt,ovos-skill-alerts.openvoiceos:QueryTodoEntries,verificar as minhas tarefas
pt,ovos-skill-alerts.openvoiceos:QueryTodoEntries,tenho alguma tarefa pendente
pt,ovos-skill-alerts.openvoiceos:QueryTodoEntries,quais tarefas ainda preciso fazer
pt,ovos-skill-alerts.openvoiceos:QueryTodoEntries,quaisquer tarefas pendentes
pt,ovos-skill-alerts.openvoiceos:QueryTodoEntries,tem algo para fazer
pt,ovos-skill-alerts.openvoiceos:QueryTodoEntries,o que resta a fazer
pt,ovos-skill-alerts.openvoiceos:QueryTodoEntries,tenho tarefas para hoje
fr,ovos-skill-alerts.openvoiceos:QueryTodoEntries,ai-je des tâches en attente
es,ovos-skill-alerts.openvoiceos:QueryTodoEntries,tengo algo pendiente
en,ovos-skill-alerts.openvoiceos:QueryTodoEntries,what tasks do i still need to do
pt,ovos-skill-alerts.openvoiceos:QueryTodoEntries,há algo a fazer?
en,ovos-skill-alerts.openvoiceos:QueryTodoEntries,any pending tasks
pt,ovos-skill-alerts.openvoiceos:QueryTodoEntries,tenho algo pendente
en,ovos-skill-alerts.openvoiceos:QueryTodoEntries,do i have tasks today
en,ovos-skill-alerts.openvoiceos:QueryTodoEntries,what's left to do
it,ovos-skill-alerts.openvoiceos:QueryTodoEntries,ho qualcosa da fare
eu,ovos-skill-volume.openvoiceos:change_volume,ezarri bolumena ehuneko 33ra
de,ovos-skill-volume.openvoiceos:change_volume,stell bitte die lautstärke auf 65 prozent ein
es,ovos-skill-volume.openvoiceos:change_volume,pon el sonido al 37 por ciento
gl,ovos-skill-volume.openvoiceos:change_volume,regula o volume ao 82%
fr,ovos-skill-volume.openvoiceos:change_volume,régle le son à 76 pour cent
eu,ovos-skill-volume.openvoiceos:change_volume,aldatu soinuaren maila 62ra
pt,ovos-skill-volume.openvoiceos:change_volume,define o nível de som para 6
eu,ovos-skill-volume.openvoiceos:change_volume,jar ezazu bolumenaren balioa 97ean
nl,ovos-skill-volume.openvoiceos:change_volume,ik wil het volume instellen op 10
it,ovos-skill-volume.openvoiceos:change_volume,vorrei impostare il volume su 84
pt,ovos-skill-volume.openvoiceos:change_volume,gostava que colocasses o volume a 78
it,ovos-skill-volume.openvoiceos:change_volume,metti l’audio al 39 percento
gl,ovos-skill-volume.openvoiceos:change_volume,poñer o volume en 19
es,ovos-skill-volume.openvoiceos:change_volume,ajusta el volumen a cincuenta
fr,ovos-skill-volume.openvoiceos:change_volume,peux-tu ajuster le volume à 23%
pt,ovos-skill-volume.openvoiceos:change_volume,coloca o volume nos 44 por cento
gl,ovos-skill-volume.openvoiceos:change_volume,axusta o nivel do son a 48
ca,ovos-skill-volume.openvoiceos:change_volume,fixa el nivell de volum al 29
nl,ovos-skill-volume.openvoiceos:change_volume,verhoog het volume tot 71 procent
it,ovos-skill-volume.openvoiceos:change_volume,porta il volume al livello 58
de,ovos-skill-volume.openvoiceos:change_volume,bitte setze den pegel auf 100
fr,ovos-skill-volume.openvoiceos:change_volume,augmente le volume à 31
es,ovos-skill-volume.openvoiceos:change_volume,quiero que el volumen esté al 93%
de,ovos-skill-volume.openvoiceos:change_volume,ich möchte die lautstärke auf 12 setzen
ca,ovos-skill-volume.openvoiceos:change_volume,ajusta el so fins al 16%
eu,common_query:common_query,nork margotu zuen gasteizko horma?
da,common_query:common_query,hvem er barack obama
da,common_query:common_query,ti procent af hundrede
pt,common_query:common_query,em que ano nasceu o elvis
es,common_query:common_query,puedes ayudarme a encontrar la respuesta a esta pregunta
eu,common_query:common_query,zein da munduko handiena denbora-tartea?
es,common_query:common_query,dime el tipo de cambio de diez dólares por euro
nl,common_query:common_query,hoeveel fans heeft die persoon ongeveer
nl,common_query:common_query,geef me alsjeblieft informatie over john abraham lincoln
pt,common_query:common_query,qual é a capital do colorado
ca,common_query:common_query,on és l'oceà artic
en,common_query:common_query,what is two times two
nl,common_query:common_query,ik moet dit percentage berekenen
it,common_query:common_query,dimmi quando il prossimo grande terremoto colpirà l'abruzzo
fr,common_query:common_query,d'où vient francis cabrel
pt,common_query:common_query,onde é o triângulo das bermudas
it,common_query:common_query,un peso vale più di un dollaro
en,common_query:common_query,list top five movies of emma watson
de,common_query:common_query,wie alt sind kim kardashian's kinder
da,common_query:common_query,dollar kurs nu
it,common_query:common_query,perché le fazioni politiche sono così antitetiche ultimamente
de,common_query:common_query,ist oliver pocher noch am leben
en,common_query:common_query,when did the cold war end?
nl,common_query:common_query,waar komt wim kok vandaan
da,common_query:common_query,hvornår starter champions league officielt
de,ovos-skill-speedtest.openvoiceos:SpeedtestIntent,kannst du einen geschwindigkeitstest machen
es,ovos-skill-speedtest.openvoiceos:SpeedtestIntent,¿puedes hacer una prueba de velocidad?
es,ovos-skill-speedtest.openvoiceos:SpeedtestIntent,¿me haces un test de velocidad?
de,ovos-skill-speedtest.openvoiceos:SpeedtestIntent,mache bitte einen speedtest
es,ovos-skill-speedtest.openvoiceos:SpeedtestIntent,haz una prueba de velocidad por favor
es,ovos-skill-speedtest.openvoiceos:SpeedtestIntent,por favor realiza un test de velocidad
de,ovos-skill-speedtest.openvoiceos:SpeedtestIntent,mache einen speedtest
es,ovos-skill-speedtest.openvoiceos:SpeedtestIntent,haz un test de velocidad
es,ovos-skill-speedtest.openvoiceos:SpeedtestIntent,inicia un test de velocidad
de,ovos-skill-speedtest.openvoiceos:SpeedtestIntent,mache einen geschwindigkeitstest
es,ovos-skill-speedtest.openvoiceos:SpeedtestIntent,haz una prueba de velocidad
es,ovos-skill-speedtest.openvoiceos:SpeedtestIntent,realiza una prueba de conexión
de,ovos-skill-iss-location.openvoiceos:where_iss.intent,wo ist die i s s
es,ovos-skill-iss-location.openvoiceos:where_iss.intent,¿dónde está la eei ahora?
en,ovos-skill-iss-location.openvoiceos:where_iss.intent,where is the iss
pt,ovos-skill-iss-location.openvoiceos:where_iss.intent,localização i s s
pt,ovos-skill-iss-location.openvoiceos:where_iss.intent,onde anda a estação espacial
eu,ovos-skill-iss-location.openvoiceos:where_iss.intent,begira estazio espaziala non dagoen
gl,ovos-skill-iss-location.openvoiceos:where_iss.intent,cal é a posición da e e i
de,ovos-skill-iss-location.openvoiceos:where_iss.intent,standort der raumstation
ca,ovos-skill-iss-location.openvoiceos:where_iss.intent,digue'm sa posició de sa e i i
it,ovos-skill-iss-location.openvoiceos:where_iss.intent,dov'è l' i s s
it,ovos-skill-iss-location.openvoiceos:where_iss.intent,dove si trova l' i s s
it,ovos-skill-iss-location.openvoiceos:where_iss.intent,posizione dell' i s s
da,ovos-skill-iss-location.openvoiceos:where_iss.intent,fortæl mig rumstationens placering
da,ovos-skill-iss-location.openvoiceos:where_iss.intent,hvad er placeringen af i s s.
ca,ovos-skill-iss-location.openvoiceos:where_iss.intent,on és la e e i
es,ovos-skill-iss-location.openvoiceos:where_iss.intent,ubicación de la estación espacial internacional
ca,ovos-skill-iss-location.openvoiceos:where_iss.intent,digues-me la ubicació de la iss
it,ovos-skill-iss-location.openvoiceos:where_iss.intent,dicci quale è la posizione della stazione spaziale internazionale
en,ovos-skill-iss-location.openvoiceos:where_iss.intent,tell me the international space station location
eu,ovos-skill-iss-location.openvoiceos:where_iss.intent,non dago nee?
da,ovos-skill-iss-location.openvoiceos:where_iss.intent,hvor er den internationale rumstation
de,ovos-skill-iss-location.openvoiceos:where_iss.intent,zeige mir den iss standort
it,ovos-skill-iss-location.openvoiceos:where_iss.intent,dimmi qual è la posizione della ssi
ca,ovos-skill-iss-location.openvoiceos:where_iss.intent,explica'm la posició de la eei
eu,ovos-skill-iss-location.openvoiceos:where_iss.intent,non kokatzen da n e e?
it,ovos-skill-weather.openvoiceos:next_rain.intent,quanto manca alla prossima pioggia a venezia?
es,ovos-skill-weather.openvoiceos:next_rain.intent,¿cuándo empezará a llover otra vez en zaragoza?
fr,ovos-skill-weather.openvoiceos:next_rain.intent,à quel moment la pluie reprendra-t-elle à marseille?
it,ovos-skill-weather.openvoiceos:next_rain.intent,quando ricomincerà a piovere a firenze?
nl,ovos-skill-weather.openvoiceos:next_rain.intent,hoe laat gaat het weer regenen in den haag?
ca,ovos-skill-weather.openvoiceos:next_rain.intent,quan començarà a ploure de nou a girona?
fr,ovos-skill-weather.openvoiceos:next_rain.intent,peux-tu me dire quand il pleuvra à nouveau à nice?
en,ovos-skill-weather.openvoiceos:next_rain.intent,when will it rain next
pt,ovos-skill-weather.openvoiceos:next_rain.intent,a chuva vai chegar em breve
es,ovos-skill-weather.openvoiceos:next_rain.intent,¿lloverá pronto? ?
gl,ovos-skill-weather.openvoiceos:next_rain.intent,a que hora comeza a chover
nl,ovos-skill-weather.openvoiceos:next_rain.intent,komt er snel regen aan
de,ovos-skill-weather.openvoiceos:next_rain.intent,sag mir wann es regnen wird
ca,ovos-skill-weather.openvoiceos:next_rain.intent,plourà aviat ?
da,ovos-skill-weather.openvoiceos:next_rain.intent,fortæl mig hvornår det vil regne
da,ovos-skill-weather.openvoiceos:next_rain.intent,kommer der snart regn
ca,ovos-skill-weather.openvoiceos:next_rain.intent,la pluja tornarà abans del cap de setmana a manresa?
ca,ovos-skill-weather.openvoiceos:next_rain.intent,quant de temps falta perquè plogui a tarragona?
gl,ovos-skill-weather.openvoiceos:next_rain.intent,a chuvia volverá antes do fin de semana en lugo?
it,ovos-skill-weather.openvoiceos:next_rain.intent,puoi dirmi quando pioverà di nuovo a bologna?
nl,ovos-skill-weather.openvoiceos:next_rain.intent,wanneer is de volgende regenbui in {location}
pt,ovos-skill-weather.openvoiceos:next_rain.intent,pode dizer-me o próximo dia chuvoso?
es,ovos-skill-weather.openvoiceos:next_rain.intent,¿cuándo se producirá la próxima lluvia ?
pt,ovos-skill-weather.openvoiceos:next_rain.intent,quando devo levar um guarda-chuva da próxima vez?
de,ovos-skill-weather.openvoiceos:next_rain.intent,wie lange dauert es bis zum nächsten regen in frankfurt?
it,ovos-skill-weather.openvoiceos:daily_forecast.intent.intent,ci sarà pioggia questo pomeriggio?
es,ovos-skill-weather.openvoiceos:daily_forecast.intent.intent,¿va a llover esta tarde en valencia?
fr,ovos-skill-weather.openvoiceos:daily_forecast.intent.intent,y aura-t-il de la pluie demain à lyon?
pt,ovos-skill-weather.openvoiceos:daily_forecast.intent.intent,vai chover durante a noite no porto?
nl,ovos-skill-weather.openvoiceos:daily_forecast.intent.intent,komt er regen aan in amsterdam vanavond?
ca,ovos-skill-weather.openvoiceos:daily_forecast.intent.intent,plourà aquesta nit a tarragona?
es,ovos-skill-weather.openvoiceos:daily_forecast.intent.intent,está lloviendo hoy?
it,ovos-skill-weather.openvoiceos:daily_forecast.intent.intent,pioverà stasera?
de,ovos-skill-weather.openvoiceos:daily_forecast.intent.intent,werde ich heute einen regenschirm brauchen?
ca,ovos-skill-weather.openvoiceos:daily_forecast.intent.intent,plou avui?
nl,ovos-skill-weather.openvoiceos:daily_forecast.intent.intent,heb ik vandaag een paraplu nodig?
en,ovos-skill-weather.openvoiceos:daily_forecast.intent.intent,is it raining today
en,ovos-skill-weather.openvoiceos:daily_forecast.intent.intent,should we expect rain this afternoon
en,ovos-skill-weather.openvoiceos:daily_forecast.intent.intent,do i need a raincoat tomorrow
en,ovos-skill-weather.openvoiceos:daily_forecast.intent.intent,will there be precipitation
pt,ovos-skill-weather.openvoiceos:daily_forecast.intent.intent,devo estar preparado para a chuva
pt,ovos-skill-weather.openvoiceos:daily_forecast.intent.intent,estará chovendo lá fora
pt,ovos-skill-weather.openvoiceos:daily_forecast.intent.intent,haverá chuvas
pt,ovos-skill-weather.openvoiceos:daily_forecast.intent.intent,será um dia chuvoso
pt,ovos-skill-weather.openvoiceos:daily_forecast.intent.intent,é provável que chova
es,ovos-skill-weather.openvoiceos:daily_forecast.intent.intent,¿caerán chubascos ?
es,ovos-skill-weather.openvoiceos:daily_forecast.intent.intent,¿debería ir con cuidado con las lluvias intermitentes?
es,ovos-skill-weather.openvoiceos:daily_forecast.intent.intent,¿debo llevar mi paraguas ?
es,ovos-skill-weather.openvoiceos:daily_forecast.intent.intent,¿habrá precipitaciones ?
es,ovos-skill-weather.openvoiceos:daily_forecast.intent.intent,¿lloverá ?
it,ovos-skill-weather.openvoiceos:is_snow.intent,nevicherà a milano domani?
es,ovos-skill-weather.openvoiceos:is_snow.intent,¿va a nevar esta semana en granada?
fr,ovos-skill-weather.openvoiceos:is_snow.intent,y aura-t-il de la neige ce week-end à grenoble?
nl,ovos-skill-weather.openvoiceos:is_snow.intent,komt er sneeuw in eindhoven morgen?
ca,ovos-skill-weather.openvoiceos:is_snow.intent,nevarà aquesta tarda a vic?
it,ovos-skill-weather.openvoiceos:is_snow.intent,sta nevicando oggi?
es,ovos-skill-weather.openvoiceos:is_snow.intent,está nevando hoy?
en,ovos-skill-weather.openvoiceos:is_snow.intent,is it snowing today
en,ovos-skill-weather.openvoiceos:is_snow.intent,are roads expected to be icy
en,ovos-skill-weather.openvoiceos:is_snow.intent,should i expect snow accumulation
pt,ovos-skill-weather.openvoiceos:is_snow.intent,espera-se que as estradas estejam com gelo
pt,ovos-skill-weather.openvoiceos:is_snow.intent,haverá neve hoje à noite
es,ovos-skill-weather.openvoiceos:is_snow.intent,¿hay nieve ?
nl,ovos-skill-weather.openvoiceos:is_snow.intent,gaat het vandaag sneeuwen
de,ovos-skill-weather.openvoiceos:is_snow.intent,ist schnee vorhergesagt
de,ovos-skill-weather.openvoiceos:is_snow.intent,muss ich mit schneeansammlungen|schneeverwehungen rechnen
de,ovos-skill-weather.openvoiceos:is_snow.intent,schneit
de,ovos-skill-weather.openvoiceos:is_snow.intent,werden die straßen voraussichtlich vereist sein
de,ovos-skill-weather.openvoiceos:is_snow.intent,wird es heute schneien
ca,ovos-skill-weather.openvoiceos:is_snow.intent,avui neva ?
da,ovos-skill-weather.openvoiceos:is_snow.intent,skal jeg forberede mig på sne
da,ovos-skill-weather.openvoiceos:is_snow.intent,forventes vejene at være isglatte
da,ovos-skill-weather.openvoiceos:is_snow.intent,sneer det
ca,ovos-skill-weather.openvoiceos:is_snow.intent,saps si ha nevat al pirineu?
ca,ovos-skill-weather.openvoiceos:is_snow.intent,hi haurà neu a montserrat a partir de demà?
it,ovos-skill-weather.openvoiceos:humidity.intent,quanto è umido oggi a pisa?
es,ovos-skill-weather.openvoiceos:humidity.intent,¿cuál es el nivel de humedad actual en salamanca?
fr,ovos-skill-weather.openvoiceos:humidity.intent,quel est le taux d'humidité aujourd'hui à rouen?
pt,ovos-skill-weather.openvoiceos:humidity.intent,qual é a humidade agora em aveiro?
nl,ovos-skill-weather.openvoiceos:humidity.intent,hoe vochtig is het vandaag in zwolle?
ca,ovos-skill-weather.openvoiceos:humidity.intent,quin grau d'humitat fa avui a reus?
en,ovos-skill-weather.openvoiceos:humidity.intent,what's the humidity
en,ovos-skill-weather.openvoiceos:humidity.intent,do i need a humidifier
pt,ovos-skill-weather.openvoiceos:humidity.intent,está abafado lá fora
pt,ovos-skill-weather.openvoiceos:humidity.intent,umidade atual
es,ovos-skill-weather.openvoiceos:humidity.intent,¿hace bochorno?
es,ovos-skill-weather.openvoiceos:humidity.intent,¿hay humedaden {location}?
es,ovos-skill-weather.openvoiceos:humidity.intent,¿necesitaría un humidificador ?
gl,ovos-skill-weather.openvoiceos:humidity.intent,hai abafamento fóra
nl,ovos-skill-weather.openvoiceos:humidity.intent,heb ik een luchtbevochtiger nodig
de,ovos-skill-weather.openvoiceos:humidity.intent,aktuelle luftfeuchtigkeit
de,ovos-skill-weather.openvoiceos:humidity.intent,brauche ich  einen luftbefeuchter
de,ovos-skill-weather.openvoiceos:humidity.intent,ist die luft  trocken oder feucht
da,ovos-skill-weather.openvoiceos:humidity.intent,er luften tør eller fugtig
da,ovos-skill-weather.openvoiceos:humidity.intent,luftfugtighedsprocent lige nu
da,ovos-skill-weather.openvoiceos:humidity.intent,nuværende luftfugtighed
pt,ovos-skill-weather.openvoiceos:humidity.intent,quão húmido é?
da,ovos-skill-weather.openvoiceos:humidity.intent,har jeg brug for en luftfugter i dag i {location}
pt,ovos-skill-weather.openvoiceos:humidity.intent,preciso de um umidificador hoje
pt,ovos-skill-weather.openvoiceos:humidity.intent,atualização da humidade por favor para chicago.
it,ovos-skill-weather.openvoiceos:N_days_forecast.intent,rapporto meteorologico settimanale
es,ovos-skill-weather.openvoiceos:N_days_forecast.intent,¿cuál es el pronóstico para los próximos tres días?
fr,ovos-skill-weather.openvoiceos:N_days_forecast.intent,quelle est la météo prévue pour les trois prochains jours?
fr,ovos-skill-weather.openvoiceos:N_days_forecast.intent,quel temps fera-t-il cette semaine?
nl,ovos-skill-weather.openvoiceos:N_days_forecast.intent,hoe zal het weer deze week zijn?
de,ovos-skill-weather.openvoiceos:N_days_forecast.intent,was für wetter erwartet man diese woche?
gl,ovos-skill-weather.openvoiceos:N_days_forecast.intent,vai facer bo tempo esta semana?
es,ovos-skill-weather.openvoiceos:N_days_forecast.intent,informe meteorolóxico semanal.
en,ovos-skill-weather.openvoiceos:N_days_forecast.intent,what is the 3 day forecast
de,ovos-skill-weather.openvoiceos:N_days_forecast.intent,wie lautet die wettervorhersage
en,ovos-skill-weather.openvoiceos:N_days_forecast.intent,weekly weather report
nl,ovos-skill-weather.openvoiceos:N_days_forecast.intent,wekelijks weersrapport
de,ovos-skill-weather.openvoiceos:N_days_forecast.intent,wöchentlicher wetterbericht
it,ovos-skill-weather.openvoiceos:N_days_forecast.intent,puoi dirmi le previsioni per i prossimi tre giorni?
nl,ovos-skill-weather.openvoiceos:N_days_forecast.intent,kun je me de voorspelling voor de komende drie dagen vertellen?
ca,ovos-skill-weather.openvoiceos:N_days_forecast.intent,com està l'oratge d'aquesta setmana .
ca,ovos-skill-weather.openvoiceos:N_days_forecast.intent,meteorologia setmanal .
da,ovos-skill-weather.openvoiceos:N_days_forecast.intent,fortæl mig vejrudsigten for denne uge
da,ovos-skill-weather.openvoiceos:N_days_forecast.intent,den uges vejr
da,ovos-skill-weather.openvoiceos:N_days_forecast.intent,vejret i løbet af ugen
es,ovos-skill-weather.openvoiceos:N_days_forecast.intent,¿cuándo se acabará este diluvio universal?
it,ovos-skill-weather.openvoiceos:N_days_forecast.intent,qual è la previsione della settimana
ca,ovos-skill-weather.openvoiceos:N_days_forecast.intent,mira'm la temperatura aquest mes: puc fer el canvi d'armari?
ca,ovos-skill-weather.openvoiceos:N_days_forecast.intent,el temps continuarà així els propers dies?
es,ovos-skill-weather.openvoiceos:N_days_forecast.intent,necesito información sobre la meteorología de la semana que viene.
es,ovos-skill-weather.openvoiceos:current_weather.intent,condición
it,ovos-skill-weather.openvoiceos:current_weather.intent,che tempo fa adesso?
ca,ovos-skill-weather.openvoiceos:current_weather.intent,com està el temps ara mateix?
en,ovos-skill-weather.openvoiceos:current_weather.intent,what's the weather like
nl,ovos-skill-weather.openvoiceos:current_weather.intent,hoe is het weer
de,ovos-skill-weather.openvoiceos:current_weather.intent,wie ist das wetter
es,ovos-skill-weather.openvoiceos:current_weather.intent,cómo está afuera
fr,ovos-skill-weather.openvoiceos:current_weather.intent,comment est-il dehors
pt,ovos-skill-weather.openvoiceos:current_weather.intent,condições climáticas atuais
pt,ovos-skill-weather.openvoiceos:current_weather.intent,você pode me dizer o clima
es,ovos-skill-weather.openvoiceos:current_weather.intent,dame la actualización actual del tiempo
es,ovos-skill-weather.openvoiceos:current_weather.intent,estado
gl,ovos-skill-weather.openvoiceos:current_weather.intent,dáme a previsión máis recente
gl,ovos-skill-weather.openvoiceos:current_weather.intent,vai bo fóra
nl,ovos-skill-weather.openvoiceos:current_weather.intent,huidige weersomstandigheden
de,ovos-skill-weather.openvoiceos:current_weather.intent,aktuelle wetterbedingungen
de,ovos-skill-weather.openvoiceos:current_weather.intent,aktuelles wetterlage
de,ovos-skill-weather.openvoiceos:current_weather.intent,gib mir die wettervorhersage
ca,ovos-skill-weather.openvoiceos:current_weather.intent,dona'm l'última actualització de l'oratge .
ca,ovos-skill-weather.openvoiceos:current_weather.intent,parla'm
ca,ovos-skill-weather.openvoiceos:current_weather.intent,quin meteorologia hi ha actualment?
ca,ovos-skill-weather.openvoiceos:current_weather.intent,quina és horatge?
da,ovos-skill-weather.openvoiceos:current_weather.intent,er det godt udenfor
da,ovos-skill-weather.openvoiceos:current_weather.intent,giv mig den seneste vejropdatering
da,ovos-skill-weather.openvoiceos:current_weather.intent,aktuelt vejr
fr,ovos-skill-weather.openvoiceos:daily_forecast.intent,pleuvra-t-il demain
es,ovos-skill-weather.openvoiceos:daily_forecast.intent,¿qué tal se prevé el tiempo después de mañana en {location}?
fr,ovos-skill-weather.openvoiceos:daily_forecast.intent,la pluie est attendue plus tard
ca,ovos-skill-weather.openvoiceos:daily_forecast.intent,que hi haurà xàfecs avui
da,ovos-skill-weather.openvoiceos:daily_forecast.intent,vejret næste tirsdag
pt,ovos-skill-weather.openvoiceos:daily_forecast.intent,vai haver tempestade no domingo
nl,ovos-skill-weather.openvoiceos:daily_forecast.intent,gaat het onweren op donderdag
gl,ovos-skill-weather.openvoiceos:daily_forecast.intent,hai algunha alerta meteorolóxica para martes
eu,ovos-skill-weather.openvoiceos:daily_forecast.intent,euritarako prestatu beharko nuke
en,ovos-skill-weather.openvoiceos:daily_forecast.intent,how's the weather looking saturday
ca,ovos-skill-weather.openvoiceos:daily_forecast.intent,farà fred dijous ?
eu,ovos-skill-weather.openvoiceos:daily_forecast.intent,euriagatik kezkatu egin behar al dut
de,ovos-skill-weather.openvoiceos:daily_forecast.intent,gib es warnungen für morgen
nl,ovos-skill-weather.openvoiceos:daily_forecast.intent,zijn er weer alarmen voor vrijdag
de,ovos-skill-weather.openvoiceos:daily_forecast.intent,was erwartet mich samstag
gl,ovos-skill-weather.openvoiceos:daily_forecast.intent,preciso dun paraugas mañá
de,ovos-skill-weather.openvoiceos:daily_forecast.intent,das vorhersage nächsten freitag in {ort}
it,ovos-skill-weather.openvoiceos:daily_forecast.intent,pioverà più tardi
en,ovos-skill-weather.openvoiceos:daily_forecast.intent,do i need a raincoat tomorrow
pt,ovos-skill-weather.openvoiceos:daily_forecast.intent,a previsão na próxima quarta
en,ovos-skill-weather.openvoiceos:daily_forecast.intent,will it rain on wednesday
ca,ovos-skill-weather.openvoiceos:daily_forecast.intent,quina temperatura està prevista dimecres ?
es,ovos-skill-weather.openvoiceos:daily_forecast.intent,¿debo llevar un paraguas
en,ovos-skill-weather.openvoiceos:daily_forecast.intent,should i carry an umbrella with me
pt,ovos-skill-weather.openvoiceos:daily_forecast.intent,como estará o tempo amanhã em roma?
fr,ovos-skill-weather.openvoiceos:weekend_forecast.intent,prévisions météo pour le week-end.
gl,ovos-skill-weather.openvoiceos:weekend_forecast.intent,previsión do tempo para o fin de semana.
en,ovos-skill-weather.openvoiceos:weekend_forecast.intent,weekend weather forecast
en,ovos-skill-weather.openvoiceos:weekend_forecast.intent,is it going to be nice saturday and sunday
pt,ovos-skill-weather.openvoiceos:weekend_forecast.intent,vai chover sábado e domingo
nl,ovos-skill-weather.openvoiceos:weekend_forecast.intent,gaat het mooi weer worden zaterdag en zondag
de,ovos-skill-weather.openvoiceos:weekend_forecast.intent,prognose für samstag und sonntag
de,ovos-skill-weather.openvoiceos:weekend_forecast.intent,wochenende wetter update
de,ovos-skill-weather.openvoiceos:weekend_forecast.intent,sag mir die wochend-wettervorhersage
ca,ovos-skill-weather.openvoiceos:weekend_forecast.intent,el temps per dissabte i diumenge.
da,ovos-skill-weather.openvoiceos:weekend_forecast.intent,fortæl mig lørdag og søndag vejrudsigten
da,ovos-skill-weather.openvoiceos:weekend_forecast.intent,hvordan er vejret i løbet af weekenden
ca,ovos-skill-weather.openvoiceos:weekend_forecast.intent,és bona idea organitzar activitats al carrer aquest cap de setmana a {location}?
pt,ovos-skill-weather.openvoiceos:weekend_forecast.intent,posso planejar atividades ao ar livre neste fim de semana em {location}
nl,ovos-skill-weather.openvoiceos:weekend_forecast.intent,kan ik in de open lucht plannen maken dit weekend in {location}
ca,ovos-skill-weather.openvoiceos:weekend_forecast.intent,hi ha algun avís meteorològic pel cap de setmana?
pt,ovos-skill-weather.openvoiceos:weekend_forecast.intent,devo esperar chuva este fim de semana?
en,ovos-skill-weather.openvoiceos:weekend_forecast.intent,should i plan outside activities this weekend
de,ovos-skill-weather.openvoiceos:weekend_forecast.intent,sollte ich dieses wochenende outdoor-aktivitäten in {location} planen
da,ovos-skill-weather.openvoiceos:weekend_forecast.intent,vil det være varmt denne weekend i {location}
de,ovos-skill-weather.openvoiceos:weekend_forecast.intent,gibt es irgendwelche wetterwarnungen für das wochenende
ca,ovos-skill-weather.openvoiceos:weekend_forecast.intent,farà bon dia este cap de setmana?
en,ovos-skill-weather.openvoiceos:weekend_forecast.intent,any warnings for the weekend
da,ovos-skill-weather.openvoiceos:weekend_forecast.intent,skal jeg planlægge udendørsaktiviteter i weekenden i {location}
nl,ovos-skill-weather.openvoiceos:weekend_forecast.intent,wat is de verwachting volgende weekend
fr,ovos-skill-weather.openvoiceos:hourly_temperature.intent,est-ce qu'il fera chaud aujourd'hui?
gl,ovos-skill-weather.openvoiceos:hourly_temperature.intent,cal é a temperatura ás 4 da noite martes
gl,ovos-skill-weather.openvoiceos:hourly_temperature.intent,vai ir frío hoxe
da,ovos-skill-weather.openvoiceos:hourly_temperature.intent,hvad er temperaturen klokken 1 eftermiddag onsdag i {location}
en,ovos-skill-weather.openvoiceos:hourly_temperature.intent,what is the temperature sunday morning
de,ovos-skill-weather.openvoiceos:hourly_temperature.intent,wie ist die temperatur mittwoch nacht
nl,ovos-skill-weather.openvoiceos:hourly_temperature.intent,temperatuurverwachting voor morgen ochtend
de,ovos-skill-weather.openvoiceos:hourly_temperature.intent,wird es heute abend kalt sein
ca,ovos-skill-weather.openvoiceos:hourly_temperature.intent,s'espera calda demà a la tarda ?
da,ovos-skill-weather.openvoiceos:hourly_temperature.intent,hvor varmt bliver det i aften
nl,ovos-skill-weather.openvoiceos:hourly_temperature.intent,wordt het heet vanavond
es,ovos-skill-weather.openvoiceos:hourly_temperature.intent,¿hará mucho calor hoy?
pt,ovos-skill-weather.openvoiceos:hourly_temperature.intent,quão quente é esperado que seja?
en,ovos-skill-weather.openvoiceos:hourly_temperature.intent,how cold will it be tonight
pt,ovos-skill-weather.openvoiceos:hourly_temperature.intent,vou precisar de um casaco hoje?
it,ovos-skill-weather.openvoiceos:hourly_temperature.intent,quanto farà freddo oggi?
ca,ovos-skill-weather.openvoiceos:hourly_temperature.intent,quina temperatura hi haurà divendres al matí?
ca,ovos-skill-weather.openvoiceos:hourly_temperature.intent,previsió de la temperatura per esta nit.
es,ovos-skill-weather.openvoiceos:hourly_temperature.intent,¿cuál será la temperatura a las 18 el viernes en {location}?
pt,ovos-skill-weather.openvoiceos:hourly_temperature.intent,qual é a temperatura às 19h de quarta-feira em {location}
nl,ovos-skill-weather.openvoiceos:hourly_temperature.intent,wat is de temperatuur om 12 uur 's ochtends woensdag in {location}
ca,ovos-skill-weather.openvoiceos:hourly_temperature.intent,quina temperatura tindrem aquesta nit a {location}?
es,ovos-skill-weather.openvoiceos:hourly_temperature.intent,¿cuál es la temperatura mañana por la noche?
pt,ovos-skill-weather.openvoiceos:hourly_temperature.intent,qual é a temperatura no sábado de manhã
ca,ovos-skill-weather.openvoiceos:hourly_temperature.intent,quina temperatura hi haurà a les 11 de la vesprada divenders a {location}?
it,ovos-skill-weather.openvoiceos:sunset.intent,a che ora tramonta il sole?
fr,ovos-skill-weather.openvoiceos:sunset.intent,à quelle heure se couche le soleil?
en,ovos-skill-weather.openvoiceos:sunset.intent,when is the sunset
en,ovos-skill-weather.openvoiceos:sunset.intent,at what time does it get dark
pt,ovos-skill-weather.openvoiceos:sunset.intent,a que horas escurece
pt,ovos-skill-weather.openvoiceos:sunset.intent,hora do pôr do sol
pt,ovos-skill-weather.openvoiceos:sunset.intent,quando termina o entardecer
es,ovos-skill-weather.openvoiceos:sunset.intent,horario de el atardecer de hoy
es,ovos-skill-weather.openvoiceos:sunset.intent,¿cuándo anochece ?
gl,ovos-skill-weather.openvoiceos:sunset.intent,cando anoitece
nl,ovos-skill-weather.openvoiceos:sunset.intent,hoe laat wordt het donker
nl,ovos-skill-weather.openvoiceos:sunset.intent,tijd van zonsondergang
de,ovos-skill-weather.openvoiceos:sunset.intent,sonnenuntergang für heute
de,ovos-skill-weather.openvoiceos:sunset.intent,sonnenuntergangszeit
de,ovos-skill-weather.openvoiceos:sunset.intent,um wie viel uhr wird es dunkel
de,ovos-skill-weather.openvoiceos:sunset.intent,wann endet das abendlicht
ca,ovos-skill-weather.openvoiceos:sunset.intent,horari del crepuscle d'avui.
ca,ovos-skill-weather.openvoiceos:sunset.intent,quan marxa la llum a la vesprada ?
da,ovos-skill-weather.openvoiceos:sunset.intent,hvad er skumringstidspunktet
da,ovos-skill-weather.openvoiceos:sunset.intent,hvornår bliver det mørkt
da,ovos-skill-weather.openvoiceos:sunset.intent,solnedgangsplan for i dag
da,ovos-skill-weather.openvoiceos:sunset.intent,solnedgangstid
ca,ovos-skill-weather.openvoiceos:sunset.intent,saps si a l'hivern el sol es pon abans?
ca,ovos-skill-weather.openvoiceos:sunset.intent,a quina hora s'iniciarà el capvespre?
es,ovos-skill-weather.openvoiceos:sunset.intent,¿a qué hora atardecerá? en {location}?
en,ovos-skill-volume.openvoiceos:less_volume,quieter
en,ovos-skill-volume.openvoiceos:less_volume,turn down volume
en,ovos-skill-volume.openvoiceos:less_volume,you're too loud
ca,ovos-skill-volume.openvoiceos:less_volume,redueix el volum
ca,ovos-skill-volume.openvoiceos:less_volume,parla més fluix
ca,ovos-skill-volume.openvoiceos:less_volume,que estàs molt fort
ca,ovos-skill-volume.openvoiceos:less_volume,pots baixar la veu
es,ovos-skill-volume.openvoiceos:less_volume,habla más bajo
es,ovos-skill-volume.openvoiceos:less_volume,estás muy fuerte
gl,ovos-skill-volume.openvoiceos:less_volume,baixa o son
gl,ovos-skill-volume.openvoiceos:less_volume,fala máis baixo
gl,ovos-skill-volume.openvoiceos:less_volume,por favor
eu,ovos-skill-volume.openvoiceos:less_volume,txikitu bolumena
eu,ovos-skill-volume.openvoiceos:less_volume,hitz egin isilago
en,ovos-skill-volume.openvoiceos:less_volume,please talk softer
eu,ovos-skill-volume.openvoiceos:less_volume,hitza apaldu mesedez
eu,ovos-skill-volume.openvoiceos:less_volume,zarata handiegia da
fr,ovos-skill-volume.openvoiceos:less_volume,parle plus doucement
it,ovos-skill-volume.openvoiceos:less_volume,sei troppo alto
de,ovos-skill-volume.openvoiceos:less_volume,leiser drehen
de,ovos-skill-volume.openvoiceos:less_volume,du bist zu laut
de,ovos-skill-volume.openvoiceos:less_volume,bitte lautstärke reduzieren
nl,ovos-skill-volume.openvoiceos:less_volume,spreek zachter alsjeblieft
nl,ovos-skill-volume.openvoiceos:less_volume,je bent te hard
pt,ovos-skill-volume.openvoiceos:less_volume,mais silencioso
en,ovos-skill-volume.openvoiceos:volume.mute,speakers off
en,ovos-skill-volume.openvoiceos:volume.mute,can you mute
en,ovos-skill-volume.openvoiceos:volume.mute,mute everything
en,ovos-skill-volume.openvoiceos:volume.mute,turn the sound off
en,ovos-skill-volume.openvoiceos:volume.mute,i want silence
en,ovos-skill-volume.openvoiceos:volume.mute,shut off the audio
en,ovos-skill-volume.openvoiceos:volume.mute,stop all sounds
de,ovos-skill-alerts.openvoiceos:CreateTimer,stelle einen brottimer für 30 minuten ein
en,ovos-skill-alerts.openvoiceos:CreateTimer,set a timer for 10 minutes
pt,ovos-skill-alerts.openvoiceos:CreateTimer,iniciar uma contagem decrescente de 45 minutos
pt,ovos-skill-alerts.openvoiceos:CreateTimer,defina um temporizador para 20 segundos
ca,ovos-skill-alerts.openvoiceos:CreateTimer,comença un temporitzador de 30 minuts per al pa
fr,ovos-skill-alerts.openvoiceos:CreateTimer,régler une minuterie de pain pour 30 minutes
en,ovos-skill-alerts.openvoiceos:CreateTimer,start a 30-minute bread timer
nl,ovos-skill-alerts.openvoiceos:CreateTimer,stel een broodtimer in voor 30 minuten
pt,ovos-skill-alerts.openvoiceos:CreateTimer,lembrar-me daqui a 20 minutos
es,ovos-skill-alerts.openvoiceos:CreateTimer,inicia un temporizador de 30 minutos para el pan
it,ovos-skill-alerts.openvoiceos:CreateTimer,avvia un timer di 30 minuti per il pane
en,ovos-skill-alerts.openvoiceos:CreateTimer,countdown 45 minutes
pt,ovos-skill-alerts.openvoiceos:CreateTimer,temporizador para cozinhar arroz - 15 minutos
pt,ovos-skill-alerts.openvoiceos:CreateTimer,inicie um temporizador de 5 minutos
pt,ovos-skill-alerts.openvoiceos:CreateTimer,defina um temporizador chamado pasta por 15 minutos
en,ovos-skill-alerts.openvoiceos:CreateTimer,timer for cooking rice - 15 minutes
en,ovos-skill-alerts.openvoiceos:CreateTimer,remind me in 20 minutes
fr,ovos-skill-alerts.openvoiceos:CreateTimer,démarre un minuteur de 30 minutes pour le pain
de,ovos-skill-alerts.openvoiceos:CreateTimer,starte einen 30-minuten-timer für brot
en,ovos-skill-alerts.openvoiceos:CreateTimer,set a timer for 20 seconds
nl,ovos-skill-alerts.openvoiceos:CreateTimer,start een 30 minuten timer voor brood
pt,ovos-skill-alerts.openvoiceos:CreateTimer,iniciar um temporizador de pão de 30 minutos
en,ovos-skill-alerts.openvoiceos:CreateTimer,set a timer called pasta for 15 minutes
pt,ovos-skill-alerts.openvoiceos:CreateTimer,defina um temporizador para 10 minutos
pt,ovos-skill-alerts.openvoiceos:CreateTimer,defina um temporizador para o pão por 30 minutos
en,ovos-skill-alerts.openvoiceos:CreateEvent,remind me to call mom on wednesday
ca,ovos-skill-alerts.openvoiceos:CreateEvent,afegeix un partit de tennis divendres a les 14h durant 2 hores
de,ovos-skill-alerts.openvoiceos:CreateEvent,füge ein tennisspiel am freitag um 14 uhr für 2 stunden hinzu
en,ovos-skill-alerts.openvoiceos:CreateEvent,add meeting with alice at 3 pm tomorrow
pt,ovos-skill-alerts.openvoiceos:CreateEvent,colocar o almoço com o bob no meu calendário para o meio-dia
pt,ovos-skill-alerts.openvoiceos:CreateEvent,adicionar consulta ao dentista às 10h na segunda-feira
nl,ovos-skill-alerts.openvoiceos:CreateEvent,plan een tennisevenement op vrijdag om 14:00 uur dat 2 uur duurt
it,ovos-skill-alerts.openvoiceos:CreateEvent,aggiungi una partita di tennis venerdì alle 14 per 2 ore
en,ovos-skill-alerts.openvoiceos:CreateEvent,create a birthday event on july 4th
pt,ovos-skill-alerts.openvoiceos:CreateEvent,criar um evento para amanhã
en,ovos-skill-alerts.openvoiceos:CreateEvent,put lunch with bob on my calendar for noon
pt,ovos-skill-alerts.openvoiceos:CreateEvent,lembre-me de ligar para a mãe na quarta-feira
es,ovos-skill-alerts.openvoiceos:CreateEvent,añade un partido de tenis el viernes a las 14h durante 2 horas
en,ovos-skill-alerts.openvoiceos:CreateEvent,schedule a tennis event for 2 pm on friday spanning 2 hours
pt,ovos-skill-alerts.openvoiceos:CreateEvent,adiciona um jogo de ténis na sexta-feira às 14h por 2 horas
pt,ovos-skill-alerts.openvoiceos:CreateEvent,adicionar reunião com alice às 15h amanhã
en,ovos-skill-alerts.openvoiceos:CreateEvent,add dentist appointment at 10 on monday
fr,ovos-skill-alerts.openvoiceos:CreateEvent,ajoute un match de tennis vendredi à 14h pour 2 heures
pt,ovos-skill-alerts.openvoiceos:CreateEvent,marcar uma reunião de almoço na sexta-feira ao meio-dia
en,ovos-skill-alerts.openvoiceos:CreateEvent,create an event for tomorrow
pt,ovos-skill-alerts.openvoiceos:CreateEvent,agendar um evento de ténis para as 2 da tarde de sexta-feira com duração de 2 horas
pt,ovos-skill-alerts.openvoiceos:CreateEvent,criar um evento de aniversário no dia 4 de julho
ca,ovos-skill-alerts.openvoiceos:CreateEvent,programa un esdeveniment de tennis per al divendres a les 14:00 que duri 2 hores
en,ovos-skill-alerts.openvoiceos:CreateEvent,put a lunch meeting on friday at noon
de,ovos-skill-alerts.openvoiceos:CreateEvent,plane ein tennisevent für freitag um 14 uhr mit einer dauer von 2 stunden
en,ovos-skill-alerts.openvoiceos:CreateReminder,add a reminder for trash day on monday
en,ovos-skill-alerts.openvoiceos:CreateReminder,remind me to walk the dog
ca,ovos-skill-alerts.openvoiceos:CreateReminder,recorda'm treure les escombraries cada dijous i diumenge a les 19h
it,ovos-skill-alerts.openvoiceos:CreateReminder,ricordamelo di portare fuori la spazzatura ogni giovedì e domenica alle 19
es,ovos-skill-alerts.openvoiceos:CreateReminder,pon un recordatorio para llamar a mamá
fr,ovos-skill-alerts.openvoiceos:CreateReminder,rappelle-moi d'appeler maman
de,ovos-skill-alerts.openvoiceos:CreateReminder,stelle eine erinnerung ein um mama anzurufen
pt,ovos-skill-alerts.openvoiceos:CreateReminder,lembre-me de tirar o lixo todas as quintas-feiras e domingos às 7 da noite
nl,ovos-skill-alerts.openvoiceos:CreateReminder,herinner me eraan om elke donderdag en zondag om 19 uur het vuilnis buiten te zetten
de,ovos-skill-alerts.openvoiceos:CreateReminder,erinnere mich daran den müll jeden donnerstag und sonntag um 19 uhr rauszubringen
pt,ovos-skill-alerts.openvoiceos:CreateReminder,não me deixes esquecer de ligar para a mãe
es,ovos-skill-alerts.openvoiceos:CreateReminder,recuérdame sacar la basura cada jueves y domingo a las 7 de la tarde
ca,ovos-skill-alerts.openvoiceos:CreateReminder,posa un recordatori per trucar a la mare
pt,ovos-skill-alerts.openvoiceos:CreateReminder,definir um lembrete para a reunião
en,ovos-skill-alerts.openvoiceos:CreateReminder,don’t let me forget to buy bread at 6 pm
pt,ovos-skill-alerts.openvoiceos:CreateReminder,lembrar-me de passear o cão
en,ovos-skill-alerts.openvoiceos:CreateReminder,set a reminder to call mom
it,ovos-skill-alerts.openvoiceos:CreateReminder,ricordami di chiamare la mamma
nl,ovos-skill-alerts.openvoiceos:CreateReminder,zet een herinnering om mama te bellen
ca,ovos-skill-alerts.openvoiceos:CreateReminder,recorda'm que truqui a la mare
pt,ovos-skill-alerts.openvoiceos:CreateReminder,adicionar um lembrete para o dia de lixo na segunda-feira
pt,ovos-skill-alerts.openvoiceos:CreateReminder,lembre-me de regar as plantas amanhã de manhã
en,ovos-skill-alerts.openvoiceos:CreateReminder,remind me to take out the trash every thursday and sunday at 7 pm
fr,ovos-skill-alerts.openvoiceos:CreateReminder,rappelle-moi de sortir les poubelles tous les jeudis et dimanches à 19 heures
es,ovos-skill-alerts.openvoiceos:CreateReminder,recuerda que tengo que llamar a mamá
pt,ovos-skill-alerts.openvoiceos:ListAlerts,pode listar as minhas lembranças
en,ovos-skill-alerts.openvoiceos:ListAlerts,when is my next alarm.
en,ovos-skill-alerts.openvoiceos:ListAlerts,which reminders are scheduled today
ca,ovos-skill-alerts.openvoiceos:ListAlerts,quins són els meus recordatoris
es,ovos-skill-alerts.openvoiceos:ListAlerts,cuáles son mis recordatorios
fr,ovos-skill-alerts.openvoiceos:ListAlerts,quels sont mes rappels
it,ovos-skill-alerts.openvoiceos:ListAlerts,quali sono i miei promemoria
de,ovos-skill-alerts.openvoiceos:ListAlerts,was sind meine erinnerungen
nl,ovos-skill-alerts.openvoiceos:ListAlerts,wat zijn mijn herinneringen
ca,ovos-skill-alerts.openvoiceos:ListAlerts,tinc algun recordatori
es,ovos-skill-alerts.openvoiceos:ListAlerts,tengo algún recordatorio
pt,ovos-skill-alerts.openvoiceos:ListAlerts,tenho algum lembrete
pt,ovos-skill-alerts.openvoiceos:ListAlerts,quais lembretes estão agendados para hoje
ca,ovos-skill-alerts.openvoiceos:ListAlerts,quan és la meva propera alarma
pt,ovos-skill-alerts.openvoiceos:ListAlerts,quando é o meu próximo alarme
de,ovos-skill-alerts.openvoiceos:ListAlerts,wann ist mein nächster wecker
en,ovos-skill-alerts.openvoiceos:ListAlerts,are there any events pending between monday 10:00 am and 12:00 am
en,ovos-skill-alerts.openvoiceos:ListAlerts,do i have any reminders set for tomorrow
pt,ovos-skill-alerts.openvoiceos:ListAlerts,por favor liste todos os meus lembretes
fr,ovos-skill-alerts.openvoiceos:ListAlerts,ai-je des rappels définis pour demain
pt,ovos-skill-alerts.openvoiceos:ListAlerts,há algum evento entre sexta-feira das 10h às 15h
de,ovos-skill-alerts.openvoiceos:ListAlerts,habe ich erinnerungen für morgen festgelegt
it,ovos-skill-alerts.openvoiceos:ListAlerts,ho dei promemoria impostati per domani
es,ovos-skill-alerts.openvoiceos:ListAlerts,qué recordatorios están programados para hoy
de,ovos-skill-alerts.openvoiceos:ListAlerts,gibt es festgelegte erinnerungen
fr,ovos-skill-alerts.openvoiceos:missed_alerts.intent,minuteries manquantes
ca,ovos-skill-alerts.openvoiceos:missed_alerts.intent,m'oblidí qualsevol alerta
ca,ovos-skill-alerts.openvoiceos:missed_alerts.intent,perdí alguns alarmes
nl,ovos-skill-alerts.openvoiceos:missed_alerts.intent,welke alarmen heb ik gemist?
ca,ovos-skill-alerts.openvoiceos:missed_alerts.intent,que he perdut uns events
ca,ovos-skill-alerts.openvoiceos:missed_alerts.intent,vaig perdre qualssevol alertes
it,ovos-skill-alerts.openvoiceos:missed_alerts.intent,quale allarmi mi sono sfuggito
eu,ovos-skill-alerts.openvoiceos:missed_alerts.intent,ba al nuen galdutako alertaren bat?
en,ovos-skill-alerts.openvoiceos:missed_alerts.intent,miss reminders
pt,ovos-skill-alerts.openvoiceos:missed_alerts.intent,perdi algum tempo
en,ovos-skill-alerts.openvoiceos:missed_alerts.intent,have i missed timers
it,ovos-skill-alerts.openvoiceos:missed_alerts.intent,per caso io ho dimenticato per caso degli sveglia
da,ovos-skill-alerts.openvoiceos:missed_alerts.intent,glip af begivenheder
da,ovos-skill-alerts.openvoiceos:missed_alerts.intent,har jeg misset en alarm
de,ovos-skill-alerts.openvoiceos:missed_alerts.intent,hab ich termine versäumt
pt,ovos-skill-alerts.openvoiceos:missed_alerts.intent,evento falhado
fr,ovos-skill-alerts.openvoiceos:missed_alerts.intent,alarme manquée
pt,ovos-skill-alerts.openvoiceos:missed_alerts.intent,faltou-me um temporizador
de,ovos-skill-alerts.openvoiceos:missed_alerts.intent,haben wir ein ereignisse verpasst
gl,ovos-skill-alerts.openvoiceos:missed_alerts.intent,perdín algúns alarmas
fr,ovos-skill-alerts.openvoiceos:missed_alerts.intent,manquer une alerte
fr,ovos-skill-alerts.openvoiceos:missed_alerts.intent,n'a manqué aucune minuterie
pt,ovos-skill-alerts.openvoiceos:missed_alerts.intent,falhou e temporizadores
fr,ovos-skill-alerts.openvoiceos:missed_alerts.intent,ai-je oublié un rappel ?
eu,ovos-skill-alerts.openvoiceos:missed_alerts.intent,zer alarma galdu dut?
en,ovos-skill-alerts.openvoiceos:CreateList,open a fresh list for gifts
ca,ovos-skill-alerts.openvoiceos:CreateList,crea una llista de compres
fr,ovos-skill-alerts.openvoiceos:CreateList,fais une liste d'achats
de,ovos-skill-alerts.openvoiceos:CreateList,erstelle eine einkaufsliste
pt,ovos-skill-alerts.openvoiceos:CreateList,nova lista chamada livros
pt,ovos-skill-alerts.openvoiceos:CreateList,fazer uma lista de tarefas
en,ovos-skill-alerts.openvoiceos:CreateList,create a new to-do list
it,ovos-skill-alerts.openvoiceos:CreateList,inizia una nuova lista della spesa
en,ovos-skill-alerts.openvoiceos:CreateList,make a task list
es,ovos-skill-alerts.openvoiceos:CreateList,haz una nueva lista de la compra
pt,ovos-skill-alerts.openvoiceos:CreateList,abrir uma nova lista para presentes
en,ovos-skill-alerts.openvoiceos:CreateList,new list called books
pt,ovos-skill-alerts.openvoiceos:CreateList,começar uma nova lista de compras
en,ovos-skill-alerts.openvoiceos:CreateList,start a new shopping list
fr,ovos-skill-alerts.openvoiceos:CreateList,démarre une nouvelle liste de courses
pt,ovos-skill-alerts.openvoiceos:CreateList,cria uma lista de compras
de,ovos-skill-alerts.openvoiceos:CreateList,starte eine neue einkaufsliste
de,ovos-skill-alerts.openvoiceos:CreateList,lege eine einkaufsliste an
ca,ovos-skill-alerts.openvoiceos:CreateList,fes una nova llista de la compra
en,ovos-skill-alerts.openvoiceos:CreateList,make a new grocery list
es,ovos-skill-alerts.openvoiceos:CreateList,inicia una nueva lista de compras
pt,ovos-skill-alerts.openvoiceos:CreateList,faz uma lista de compras
en,ovos-skill-alerts.openvoiceos:CreateList,create a shopping list
pt,ovos-skill-alerts.openvoiceos:CreateList,criar uma lista de compras
de,ovos-skill-alerts.openvoiceos:CreateList,mach eine einkaufsliste
pt,ovos-skill-alerts.openvoiceos:AddListSubitems,adicione ovos e farinha
en,ovos-skill-alerts.openvoiceos:AddListSubitems,add items to the shopping list
ca,ovos-skill-alerts.openvoiceos:AddListSubitems,afegeix elements a la llista de compres
it,ovos-skill-alerts.openvoiceos:AddListSubitems,aggiungi articoli alla lista della spesa
de,ovos-skill-alerts.openvoiceos:AddListSubitems,füge artikel zur einkaufsliste hinzu
nl,ovos-skill-alerts.openvoiceos:AddListSubitems,voeg producten toe aan mijn boodschappenlijst
fr,ovos-skill-alerts.openvoiceos:AddListSubitems,peux-tu ajouter ces articles à ma liste de courses
pt,ovos-skill-alerts.openvoiceos:AddListSubitems,incluir bananas nas compras de mercearia
pt,ovos-skill-alerts.openvoiceos:AddListSubitems,coloque maçãs e leite na minha lista
pt,ovos-skill-alerts.openvoiceos:AddListSubitems,atualizar a lista com açúcar
fr,ovos-skill-alerts.openvoiceos:AddListSubitems,inclus des éléments supplémentaires dans la liste d'achats
es,ovos-skill-alerts.openvoiceos:AddListSubitems,puedes añadir estos artículos a mi lista de la compra
en,ovos-skill-alerts.openvoiceos:AddListSubitems,put apples and milk on my list
es,ovos-skill-alerts.openvoiceos:AddListSubitems,inserta cosas adicionales en la lista de compras
de,ovos-skill-alerts.openvoiceos:AddListSubitems,setze mehr dinge auf die einkaufsliste
en,ovos-skill-alerts.openvoiceos:AddListSubitems,update list with sugar
de,ovos-skill-alerts.openvoiceos:AddListSubitems,ergänze meine einkaufsliste um produkte
nl,ovos-skill-alerts.openvoiceos:AddListSubitems,zet meer dingen op de boodschappenlijst
pt,ovos-skill-alerts.openvoiceos:AddListSubitems,adicionar mais coisas à lista de compras
pt,ovos-skill-alerts.openvoiceos:AddListSubitems,inclui itens adicionais na lista de compras
fr,ovos-skill-alerts.openvoiceos:AddListSubitems,met plus de choses sur la liste de courses
ca,ovos-skill-alerts.openvoiceos:AddListSubitems,pots afegir aquests articles a la meva llista de la compra
pt,ovos-skill-alerts.openvoiceos:AddListSubitems,acrescenta produtos à minha lista de compras
en,ovos-skill-alerts.openvoiceos:AddListSubitems,add eggs and flour
de,ovos-skill-alerts.openvoiceos:AddListSubitems,kannst du diese artikel zu meiner einkaufsliste hinzufügen
de,ovos-skill-alerts.openvoiceos:DeleteListEntries,lösche milch von der einkaufsliste
en,ovos-skill-alerts.openvoiceos:DeleteListEntries,scratch milk entry from the shopping list
ca,ovos-skill-alerts.openvoiceos:DeleteListEntries,esborra l'entrada de llet de la llista de compra
it,ovos-skill-alerts.openvoiceos:DeleteListEntries,rimuovi articoli dalla lista della spesa
pt,ovos-skill-alerts.openvoiceos:DeleteListEntries,excluir bananas da lista
pt,ovos-skill-alerts.openvoiceos:DeleteListEntries,remover manteiga e queijo do carrinho de compras
pt,ovos-skill-alerts.openvoiceos:DeleteListEntries,limpar todas as entradas da lista de compras
fr,ovos-skill-alerts.openvoiceos:DeleteListEntries,efface tous les éléments de la liste de courses
en,ovos-skill-alerts.openvoiceos:DeleteListEntries,remove butter and cheese from shopping
es,ovos-skill-alerts.openvoiceos:DeleteListEntries,limpia artículos de la lista de compras
pt,ovos-skill-alerts.openvoiceos:DeleteListEntries,limpa todos os itens da lista de compras
en,ovos-skill-alerts.openvoiceos:DeleteListEntries,delete eggs from grocery list
pt,ovos-skill-alerts.openvoiceos:DeleteListEntries,eliminar a entrada do leite em pó da lista de compras
ca,ovos-skill-alerts.openvoiceos:DeleteListEntries,neteja tots els elements de la llista de compres
en,ovos-skill-alerts.openvoiceos:DeleteListEntries,clear all entries in the shopping list
de,ovos-skill-alerts.openvoiceos:DeleteListEntries,streiche den milcheintrag aus der einkaufsliste
pt,ovos-skill-alerts.openvoiceos:DeleteListEntries,remover artigos da lista de compras
fr,ovos-skill-alerts.openvoiceos:DeleteListEntries,supprime l'entrée du lait de la liste de courses
es,ovos-skill-alerts.openvoiceos:DeleteListEntries,borra todos los elementos de la lista de la compra
fr,ovos-skill-alerts.openvoiceos:DeleteListEntries,enlève des articles de la liste de courses
it,ovos-skill-alerts.openvoiceos:DeleteListEntries,elimina tutti gli elementi della lista della spesa
pt,ovos-skill-alerts.openvoiceos:DeleteListEntries,apaga o leite da lista de compras
ca,ovos-skill-alerts.openvoiceos:DeleteListEntries,treu articles de la llista de compres
de,ovos-skill-alerts.openvoiceos:DeleteListEntries,entferne alle artikel aus der einkaufsliste
pt,ovos-skill-alerts.openvoiceos:DeleteListEntries,eliminar ovos da lista de compras
de,ovos-skill-alerts.openvoiceos:DeleteTodoEntries,entferne die erinnerung den hund auszuführen
en,ovos-skill-alerts.openvoiceos:DeleteTodoEntries,remove walk the dog note
ca,ovos-skill-alerts.openvoiceos:DeleteTodoEntries,esborra la nota de treure el gos
es,ovos-skill-alerts.openvoiceos:DeleteTodoEntries,borra todas las notas
fr,ovos-skill-alerts.openvoiceos:DeleteTodoEntries,efface toutes les notes
it,ovos-skill-alerts.openvoiceos:DeleteTodoEntries,elimina tutti i promemoria
en,ovos-skill-alerts.openvoiceos:DeleteTodoEntries,delete all reminders
es,ovos-skill-alerts.openvoiceos:DeleteTodoEntries,borrar todos los recordatorios
fr,ovos-skill-alerts.openvoiceos:DeleteTodoEntries,supprime le rappel pour promener le chien
pt,ovos-skill-alerts.openvoiceos:DeleteTodoEntries,apagar o meu lembrete para passear o cão
pt,ovos-skill-alerts.openvoiceos:DeleteTodoEntries,remova a tarefa do todo
it,ovos-skill-alerts.openvoiceos:DeleteTodoEntries,rimuovi la voce delle cose da fare
pt,ovos-skill-alerts.openvoiceos:DeleteTodoEntries,remover as entradas de tarefas a realizar
en,ovos-skill-alerts.openvoiceos:DeleteTodoEntries,remove birthday reminder
fr,ovos-skill-alerts.openvoiceos:DeleteTodoEntries,supprime la tâche à faire
pt,ovos-skill-alerts.openvoiceos:DeleteTodoEntries,apaga todos os lembretes
ca,ovos-skill-alerts.openvoiceos:DeleteTodoEntries,esborra tots els recordatoris
pt,ovos-skill-alerts.openvoiceos:DeleteTodoEntries,nota clara para consertar a bicicleta
de,ovos-skill-alerts.openvoiceos:DeleteTodoEntries,lösche die to-do-einträge
en,ovos-skill-alerts.openvoiceos:DeleteTodoEntries,clear note to fix bike
it,ovos-skill-alerts.openvoiceos:DeleteTodoEntries,cancella la nota porta fuori il cane
ca,ovos-skill-alerts.openvoiceos:DeleteTodoEntries,elimina l'entrada de tasques pendents
es,ovos-skill-alerts.openvoiceos:DeleteTodoEntries,quita el recordatorio de pasear al perro
es,ovos-skill-alerts.openvoiceos:DeleteTodoEntries,elimina la tarea pendiente
pt,ovos-skill-alerts.openvoiceos:DeleteTodoEntries,remover lembrete de aniversário
en,ovos-skill-alerts.openvoiceos:QueryListNames,which lists are stored?
ca,ovos-skill-alerts.openvoiceos:QueryListNames,quines llistes hi ha emmagatzemades
es,ovos-skill-alerts.openvoiceos:QueryListNames,qué listas están guardadas
pt,ovos-skill-alerts.openvoiceos:QueryListNames,quais listas estão salvas
fr,ovos-skill-alerts.openvoiceos:QueryListNames,quelles listes sont enregistrées
it,ovos-skill-alerts.openvoiceos:QueryListNames,quali liste sono salvate
en,ovos-skill-alerts.openvoiceos:QueryListNames,what lists do i have saved
ca,ovos-skill-alerts.openvoiceos:QueryListNames,quines llistes tinc guardades
es,ovos-skill-alerts.openvoiceos:QueryListNames,qué listas tengo guardadas
pt,ovos-skill-alerts.openvoiceos:QueryListNames,quais listas tenho guardadas
fr,ovos-skill-alerts.openvoiceos:QueryListNames,quelles listes ai-je sauvegardées
it,ovos-skill-alerts.openvoiceos:QueryListNames,quali liste ho salvato
en,ovos-skill-alerts.openvoiceos:QueryListNames,which lists are stored
en,ovos-skill-alerts.openvoiceos:QueryListNames,what lists do i have
en,ovos-skill-alerts.openvoiceos:QueryListNames,show all my lists
en,ovos-skill-alerts.openvoiceos:QueryListNames,list my saved lists
en,ovos-skill-alerts.openvoiceos:QueryListNames,what's in my to-do lists
en,ovos-skill-alerts.openvoiceos:QueryListNames,which lists are currently saved
pt,ovos-skill-alerts.openvoiceos:QueryListNames,quais listas são armazenadas?
pt,ovos-skill-alerts.openvoiceos:QueryListNames,o que está nas minhas listas de tarefas
pt,ovos-skill-alerts.openvoiceos:QueryListNames,mostrar todas as minhas listas
pt,ovos-skill-alerts.openvoiceos:QueryListNames,quais listas estão atualmente guardadas
pt,ovos-skill-alerts.openvoiceos:QueryListNames,que listas tenho
pt,ovos-skill-alerts.openvoiceos:QueryListNames,listar as minhas listas guardadas
pt,ovos-skill-alerts.openvoiceos:QueryListNames,quais listas são armazenadas
en,ovos-skill-alerts.openvoiceos:QueryListEntries,which items are on the shopping list?
ca,ovos-skill-alerts.openvoiceos:QueryListEntries,quins articles hi ha a la llista de compres
es,ovos-skill-alerts.openvoiceos:QueryListEntries,qué artículos hay en la lista de la compra
pt,ovos-skill-alerts.openvoiceos:QueryListEntries,quais itens estão na lista de compras
fr,ovos-skill-alerts.openvoiceos:QueryListEntries,quels articles sont dans la liste de courses
it,ovos-skill-alerts.openvoiceos:QueryListEntries,quali articoli ci sono nella lista della spesa
en,ovos-skill-alerts.openvoiceos:QueryListEntries,what's on my shopping list
ca,ovos-skill-alerts.openvoiceos:QueryListEntries,què hi ha a la meva llista de compres
es,ovos-skill-alerts.openvoiceos:QueryListEntries,qué hay en mi lista de la compra
pt,ovos-skill-alerts.openvoiceos:QueryListEntries,o que tem na minha lista de compras
fr,ovos-skill-alerts.openvoiceos:QueryListEntries,que contient ma liste de courses
it,ovos-skill-alerts.openvoiceos:QueryListEntries,quali articoli sono nella mia lista della spesa
en,ovos-skill-alerts.openvoiceos:QueryListEntries,which items are on the shopping list
en,ovos-skill-alerts.openvoiceos:QueryListEntries,what's on my grocery list
en,ovos-skill-alerts.openvoiceos:QueryListEntries,read the items on the task list
en,ovos-skill-alerts.openvoiceos:QueryListEntries,show what's in my birthday list
en,ovos-skill-alerts.openvoiceos:QueryListEntries,what have i added to groceries
en,ovos-skill-alerts.openvoiceos:QueryListEntries,what’s inside my grocery list
en,ovos-skill-alerts.openvoiceos:QueryListEntries,show me my list entries
pt,ovos-skill-alerts.openvoiceos:QueryListEntries,o que está na minha lista de compras
pt,ovos-skill-alerts.openvoiceos:QueryListEntries,mostrar-me as entradas da minha lista
pt,ovos-skill-alerts.openvoiceos:QueryListEntries,ler os itens da lista de tarefas
pt,ovos-skill-alerts.openvoiceos:QueryListEntries,mostrar o que está na minha lista de aniversário
pt,ovos-skill-alerts.openvoiceos:QueryListEntries,o que adicionei aos mantimentos
pt,ovos-skill-alerts.openvoiceos:QueryListEntries,quais itens estão na lista de compras?
it,ovos-skill-alerts.openvoiceos:CalendarList,quali calendari sono disponibili
en,ovos-skill-alerts.openvoiceos:CalendarList,which calendars are available?
ca,ovos-skill-alerts.openvoiceos:CalendarList,quins calendaris hi ha disponibles
pt,ovos-skill-alerts.openvoiceos:CalendarList,quais calendários estão disponíveis
pt,ovos-skill-alerts.openvoiceos:CalendarList,dê-me uma lista de calendários
pt,ovos-skill-alerts.openvoiceos:CalendarList,listar todos os meus calendários
en,ovos-skill-alerts.openvoiceos:CalendarList,give me a list of calendars
es,ovos-skill-alerts.openvoiceos:CalendarList,qué calendarios hay disponibles
en,ovos-skill-alerts.openvoiceos:CalendarList,what calendars do i have
pt,ovos-skill-alerts.openvoiceos:CalendarList,mostrar calendários ligados
fr,ovos-skill-alerts.openvoiceos:CalendarList,quels calendriers sont disponibles
pt,ovos-skill-alerts.openvoiceos:CalendarList,que calendários tenho
en,ovos-skill-alerts.openvoiceos:CalendarList,show calendars connected
pt,ovos-skill-alerts.openvoiceos:CalendarList,mostre-me os calendários disponíveis
ca,ovos-skill-alerts.openvoiceos:CalendarList,m mostra els calendaris disponibles
en,ovos-skill-alerts.openvoiceos:CalendarList,list all my calendars
es,ovos-skill-alerts.openvoiceos:CalendarList,muestra los calendarios disponibles
fr,ovos-skill-alerts.openvoiceos:CalendarList,affiche les calendriers disponibles
en,ovos-skill-alerts.openvoiceos:CalendarList,show me the available calendars
it,ovos-skill-alerts.openvoiceos:CalendarList,mostra i calendari disponibili
pt,ovos-skill-alerts.openvoiceos:CalendarList,mostra os calendários disponíveis
pt,ovos-skill-alerts.openvoiceos:CalendarList,que calendários estão disponíveis
en,ovos-skill-alerts.openvoiceos:CalendarList,show me all my calendars
pt,ovos-skill-alerts.openvoiceos:CalendarList,mostrar-me todos os meus calendários
en,ovos-skill-alerts.openvoiceos:CalendarList,which calendars are available
en,ovos-skill-alerts.openvoiceos:DAVSync,synchronize calendars
ca,ovos-skill-alerts.openvoiceos:DAVSync,sincronitza els calendaris
es,ovos-skill-alerts.openvoiceos:DAVSync,sincroniza los calendarios
pt,ovos-skill-alerts.openvoiceos:DAVSync,sincroniza calendários
fr,ovos-skill-alerts.openvoiceos:DAVSync,synchronise les calendriers
it,ovos-skill-alerts.openvoiceos:DAVSync,sincronizza i calendari
en,ovos-skill-alerts.openvoiceos:DAVSync,sync my calendars
ca,ovos-skill-alerts.openvoiceos:DAVSync,sincronitza els meus calendaris
es,ovos-skill-alerts.openvoiceos:DAVSync,sincroniza mis calendarios
pt,ovos-skill-alerts.openvoiceos:DAVSync,sincroniza meus calendários
fr,ovos-skill-alerts.openvoiceos:DAVSync,synchronise mes calendriers
it,ovos-skill-alerts.openvoiceos:DAVSync,sincronizza i miei calendari
en,ovos-skill-alerts.openvoiceos:DAVSync,sync all events
en,ovos-skill-alerts.openvoiceos:DAVSync,update my calendar
en,ovos-skill-alerts.openvoiceos:DAVSync,refresh the calendar
en,ovos-skill-alerts.openvoiceos:DAVSync,pull latest events
en,ovos-skill-alerts.openvoiceos:DAVSync,sync my calendar accounts
pt,ovos-skill-alerts.openvoiceos:DAVSync,atualizar o meu calendário
pt,ovos-skill-alerts.openvoiceos:DAVSync,atualizar o calendário
pt,ovos-skill-alerts.openvoiceos:DAVSync,sincronizar calendários
pt,ovos-skill-alerts.openvoiceos:DAVSync,sincronizar os meus calendários
pt,ovos-skill-alerts.openvoiceos:DAVSync,sincronizar as minhas contas de calendário
pt,ovos-skill-alerts.openvoiceos:DAVSync,obter os últimos eventos
pt,ovos-skill-alerts.openvoiceos:DAVSync,sincronizar todos os eventos
nl,ovos-skill-volume.openvoiceos:volume.default.intent,standaardvolume
en,ovos-skill-volume.openvoiceos:volume.default.intent,reset volume
eu,ovos-skill-volume.openvoiceos:volume.default.intent,bolumen ertaina
eu,ovos-skill-volume.openvoiceos:volume.default.intent,bolumena berrezartzea
es,ovos-skill-volume.openvoiceos:volume.default.intent,ajustar el nivel de volumen al valor predeterminado
nl,ovos-skill-volume.openvoiceos:volume.default.intent,volumeniveau instellen op standaard
de,ovos-skill-volume.openvoiceos:volume.default.intent,lautstärke auf ausgangswert
de,ovos-skill-volume.openvoiceos:volume.default.intent,standardlautstärke
ca,ovos-skill-volume.openvoiceos:volume.default.intent,volum mitjà
da,ovos-skill-volume.openvoiceos:volume.default.intent,genopret lydstyrken
da,ovos-skill-volume.openvoiceos:volume.default.intent,medium lydstyrke
de,ovos-skill-volume.openvoiceos:volume.default.intent,stell  die lautstärke  normale stufe
fr,ovos-skill-volume.openvoiceos:volume.default.intent,définir le niveau de volume par défaut
it,ovos-skill-volume.openvoiceos:volume.default.intent,ripristina il volume di default
de,ovos-skill-volume.openvoiceos:volume.default.intent,stelle  lautstärke  mittel
pt,ovos-skill-volume.openvoiceos:volume.default.intent,ajuste o volume para médio
gl,ovos-skill-volume.openvoiceos:volume.default.intent,fixar o volume no predefinido
de,ovos-skill-volume.openvoiceos:volume.default.intent,änder  lautstärke  normal
de,ovos-skill-volume.openvoiceos:volume.default.intent,setze lautstärke auf den standardwert
pt,ovos-skill-volume.openvoiceos:volume.default.intent,restaurar o volume padrão
ca,ovos-skill-volume.openvoiceos:volume.default.intent,ajusta el volum a la meitat
pt,ovos-skill-volume.openvoiceos:volume.default.intent,redefinir volume
gl,ovos-skill-volume.openvoiceos:volume.default.intent,restabelecer volume
nl,ovos-skill-volume.openvoiceos:volume.default.intent,volume herstellen
nl,ovos-skill-volume.openvoiceos:volume.default.intent,volume resetten
da,ovos-skill-volume.openvoiceos:volume.max.intent,indstil lydstyrken til maksimum
en,ovos-skill-volume.openvoiceos:volume.max.intent,set volume level to maximum
eu,ovos-skill-volume.openvoiceos:volume.max.intent,bolumen gorena
es,ovos-skill-volume.openvoiceos:volume.max.intent,ajustar el volumen al máximo
fr,ovos-skill-volume.openvoiceos:volume.max.intent,max
de,ovos-skill-volume.openvoiceos:volume.max.intent,lautstärke maximal aufdrehen
ca,ovos-skill-volume.openvoiceos:volume.max.intent,volum màxim
da,ovos-skill-volume.openvoiceos:volume.max.intent,maksimal lydstyrke
en,ovos-skill-volume.openvoiceos:volume.max.intent,turn the volume all the way up
de,ovos-skill-volume.openvoiceos:volume.max.intent,stell  die lautstärke auf  höchste stufe
nl,ovos-skill-volume.openvoiceos:volume.max.intent,zet het volume op maximaal
de,ovos-skill-volume.openvoiceos:volume.max.intent,stelle  maximale lautstärke ein
en,ovos-skill-volume.openvoiceos:volume.max.intent,full volume now
gl,ovos-skill-volume.openvoiceos:volume.max.intent,o volume máis alto
pt,ovos-skill-volume.openvoiceos:volume.max.intent,volume total agora
de,ovos-skill-volume.openvoiceos:volume.max.intent,top lautstärke
gl,ovos-skill-volume.openvoiceos:volume.max.intent,fixar o nivel de volume no máximo
nl,ovos-skill-volume.openvoiceos:volume.max.intent,hoogste volume
it,ovos-skill-volume.openvoiceos:volume.max.intent,alza il volume al massimo
de,ovos-skill-volume.openvoiceos:volume.max.intent,änder  lautstärke  maximum
fr,ovos-skill-volume.openvoiceos:volume.max.intent,volume supérieur
fr,ovos-skill-volume.openvoiceos:volume.max.intent,volume de réglage au maximum
pt,ovos-skill-volume.openvoiceos:volume.max.intent,aumentar ao máximo o volume
pt,ovos-skill-volume.openvoiceos:volume.max.intent,ajuste o volume para o máximo
de,ovos-skill-volume.openvoiceos:volume.max.intent,ändere  auf maximale lautstärke
it,ovos-skill-volume.openvoiceos:volume.high.intent,grida
en,ovos-skill-volume.openvoiceos:volume.high.intent,volume high
eu,ovos-skill-volume.openvoiceos:volume.high.intent,bolumen altua
eu,ovos-skill-volume.openvoiceos:volume.high.intent,bolumena igotzea
es,ovos-skill-volume.openvoiceos:volume.high.intent,nivel de volumen alto
nl,ovos-skill-volume.openvoiceos:volume.high.intent,volumeniveau naar hoog
de,ovos-skill-volume.openvoiceos:volume.high.intent,lautstärke hoch
ca,ovos-skill-volume.openvoiceos:volume.high.intent,volum a alt
it,ovos-skill-volume.openvoiceos:volume.high.intent,urla
da,ovos-skill-volume.openvoiceos:volume.high.intent,høj lydstyrke
de,ovos-skill-volume.openvoiceos:volume.high.intent,lautstärke ziemlich aufdrehen
de,ovos-skill-volume.openvoiceos:volume.high.intent,stell  die lautstärke auf  zweithöchste stufe
de,ovos-skill-volume.openvoiceos:volume.high.intent,hohe lautstärke
de,ovos-skill-volume.openvoiceos:volume.high.intent,volle lautstärke
en,ovos-skill-volume.openvoiceos:volume.high.intent,turn the volume up
pt,ovos-skill-volume.openvoiceos:volume.high.intent,volume para nível elevado
de,ovos-skill-volume.openvoiceos:volume.high.intent,stelle  lautstärke  laut
it,ovos-skill-volume.openvoiceos:volume.high.intent,alza il volume
fr,ovos-skill-volume.openvoiceos:volume.high.intent,volume à haut niveau
pt,ovos-skill-volume.openvoiceos:volume.high.intent,aumentar o volume
gl,ovos-skill-volume.openvoiceos:volume.high.intent,subir o volume
pt,ovos-skill-volume.openvoiceos:volume.high.intent,volume muito alto
fr,ovos-skill-volume.openvoiceos:volume.high.intent,volume à élevé
da,ovos-skill-volume.openvoiceos:volume.high.intent,lydstyrke til højt niveau
pt,ovos-skill-volume.openvoiceos:volume.high.intent,volume em nível alto
de,ovos-skill-ip.openvoiceos:IPIntent,gib mir deine ip
en,ovos-skill-ip.openvoiceos:IPIntent,tell me your network address
ca,ovos-skill-ip.openvoiceos:IPIntent,explica'm la teva direcció de xarxa
fr,ovos-skill-ip.openvoiceos:IPIntent,quelle est ton adresse ip
nl,ovos-skill-ip.openvoiceos:IPIntent,wat is jouw ip-adres
it,ovos-skill-ip.openvoiceos:IPIntent,qual è il tuo indirizzo ip
es,ovos-skill-ip.openvoiceos:IPIntent,cuál es tu dirección ip
gl,ovos-skill-ip.openvoiceos:IPIntent,dáme a túa ip
pt,ovos-skill-ip.openvoiceos:IPIntent,dê-me as informações do seu ip
pt,ovos-skill-ip.openvoiceos:IPIntent,mostra-me o teu ip
pt,ovos-skill-ip.openvoiceos:IPIntent,endereço de rede por favor
pt,ovos-skill-ip.openvoiceos:IPIntent,pode dar-me o seu ip
en,ovos-skill-ip.openvoiceos:IPIntent,can you give me your ip
es,ovos-skill-ip.openvoiceos:IPIntent,dame tu ip de red
en,ovos-skill-ip.openvoiceos:IPIntent,what's your ip
nl,ovos-skill-ip.openvoiceos:IPIntent,geef me je ip-adres
de,ovos-skill-ip.openvoiceos:IPIntent,wie ist deine ip-adresse
fr,ovos-skill-ip.openvoiceos:IPIntent,donne-moi ton ip
pt,ovos-skill-ip.openvoiceos:IPIntent,qual é o seu endereço ip
ca,ovos-skill-ip.openvoiceos:IPIntent,digue'm la teva adreça ip
pt,ovos-skill-ip.openvoiceos:IPIntent,mostre-me o seu ip de rede
gl,ovos-skill-ip.openvoiceos:IPIntent,cal é a túa dirección ip
ca,ovos-skill-ip.openvoiceos:IPIntent,quina és la teva ip
ca,ovos-skill-ip.openvoiceos:IPIntent,passa'm la teva ip
en,ovos-skill-ip.openvoiceos:IPIntent,give me your ip info
en,ovos-skill-confucius-quotes.openvoiceos:who.intent,who is confucius
en,ovos-skill-confucius-quotes.openvoiceos:who.intent,who was confucius
pt,ovos-skill-confucius-quotes.openvoiceos:who.intent,quem foi confúcio
pt,ovos-skill-confucius-quotes.openvoiceos:who.intent,quem é confúcio
eu,ovos-skill-confucius-quotes.openvoiceos:who.intent,nor den konfuzio
eu,ovos-skill-confucius-quotes.openvoiceos:who.intent,nor zen konfuzio
es,ovos-skill-confucius-quotes.openvoiceos:who.intent,¿quién es confucio?
es,ovos-skill-confucius-quotes.openvoiceos:who.intent,¿quién fue confucio?
de,ovos-skill-confucius-quotes.openvoiceos:who.intent,bitte gib mir informationen über confuzius
de,ovos-skill-confucius-quotes.openvoiceos:who.intent,bitte gib mir informationen über konfuzius
de,ovos-skill-confucius-quotes.openvoiceos:who.intent,was kannst du mir über confuzius sagen?
de,ovos-skill-confucius-quotes.openvoiceos:who.intent,was kannst du mir über konfuzius sagen?
de,ovos-skill-confucius-quotes.openvoiceos:who.intent,wer ist confuzius?
de,ovos-skill-confucius-quotes.openvoiceos:who.intent,wer ist konfuzius?
de,ovos-skill-confucius-quotes.openvoiceos:who.intent,wer war confuzius?
de,ovos-skill-confucius-quotes.openvoiceos:who.intent,wer war konfuzius?
ca,ovos-skill-confucius-quotes.openvoiceos:who.intent,que era confuci
ca,ovos-skill-confucius-quotes.openvoiceos:who.intent,que fou confuci
ca,ovos-skill-confucius-quotes.openvoiceos:who.intent,que va ser confuci
ca,ovos-skill-confucius-quotes.openvoiceos:who.intent,qui és confuci
da,ovos-skill-confucius-quotes.openvoiceos:who.intent,hvem er confucius
da,ovos-skill-confucius-quotes.openvoiceos:who.intent,hvem var confucius
pt,ovos-skill-confucius-quotes.openvoiceos:who.intent,quem era confúcio
da,ovos-skill-moviemaster.openvoiceos:movie.year.intent,hvilken dato var filmen {movie} frigivet
en,ovos-skill-moviemaster.openvoiceos:movie.year.intent,when was inception released
pt,ovos-skill-moviemaster.openvoiceos:movie.year.intent,quando foi lançado o início
en,ovos-skill-moviemaster.openvoiceos:movie.year.intent,what year did the movie titanic come out
fr,ovos-skill-moviemaster.openvoiceos:movie.year.intent,quand est-ce que le film {movie} a été diffusé
es,ovos-skill-moviemaster.openvoiceos:movie.year.intent,en qué año fue lanzado el película {movie}
de,ovos-skill-moviemaster.openvoiceos:movie.year.intent,zu welchem datum wurde der streifen {movie} veröffentlicht
eu,ovos-skill-moviemaster.openvoiceos:movie.year.intent,zer datetan egin zuten {movie} filma
gl,ovos-skill-moviemaster.openvoiceos:movie.year.intent,cando se estreou a peli {movie}
it,ovos-skill-moviemaster.openvoiceos:movie.year.intent,in che anno è stato fatto il film {movie}
pt,ovos-skill-moviemaster.openvoiceos:movie.year.intent,em que ano foi feito o filme _______
eu,ovos-skill-moviemaster.openvoiceos:movie.year.intent,noiz kaleratu zuten {movie} pelikula
en,ovos-skill-moviemaster.openvoiceos:movie.year.intent,what date was the flick {movie} made
gl,ovos-skill-moviemaster.openvoiceos:movie.year.intent,en que data se rodou o filme {movie}
pt,ovos-skill-moviemaster.openvoiceos:movie.year.intent,em qual data a fita {movie} foi lançado
en,ovos-skill-moviemaster.openvoiceos:movie.year.intent,what year was forrest gump released
de,ovos-skill-moviemaster.openvoiceos:movie.year.intent,wann wurde der film {movie} gemacht
fr,ovos-skill-moviemaster.openvoiceos:movie.year.intent,en quelle année le film {movie} a été fait
es,ovos-skill-moviemaster.openvoiceos:movie.year.intent,cuándo fue lanzado la filme {movie}
da,ovos-skill-moviemaster.openvoiceos:movie.year.intent,hvilket år var filmen {movie} lavet
fr,ovos-skill-moviemaster.openvoiceos:movie.year.intent,a quel date le film {movie} a été réalisé
pt,ovos-skill-moviemaster.openvoiceos:movie.year.intent,quando a fita {movie} foi feito
it,ovos-skill-moviemaster.openvoiceos:movie.year.intent,quando è stato realizzato il film {movie}
gl,ovos-skill-moviemaster.openvoiceos:movie.year.intent,en que ano se estreou a película {movie}
en,ovos-skill-moviemaster.openvoiceos:movie.year.intent,when was the movie _______ made
de,ovos-skill-icanhazdadjokes.openvoiceos:joke.intent,suche nach neuen witzen
en,ovos-skill-icanhazdadjokes.openvoiceos:joke.intent,tell me a joke
en,ovos-skill-icanhazdadjokes.openvoiceos:joke.intent,do you know any jokes
en,ovos-skill-icanhazdadjokes.openvoiceos:joke.intent,say something funny
en,ovos-skill-icanhazdadjokes.openvoiceos:joke.intent,a priest walks into a bar
en,ovos-skill-icanhazdadjokes.openvoiceos:joke.intent,send a giggle my way
ca,ovos-skill-icanhazdadjokes.openvoiceos:joke.intent,diga'm un bon acudit
ca,ovos-skill-icanhazdadjokes.openvoiceos:joke.intent,digues coses gracioses
ca,ovos-skill-icanhazdadjokes.openvoiceos:joke.intent,ei siri has sentit acudits divertits darrerament
ca,ovos-skill-icanhazdadjokes.openvoiceos:joke.intent,quin és la famosa broma de l'ocell de monty python
ca,ovos-skill-icanhazdadjokes.openvoiceos:joke.intent,sigues graciós per mi
da,ovos-skill-icanhazdadjokes.openvoiceos:joke.intent,få mig til at grine
da,ovos-skill-icanhazdadjokes.openvoiceos:joke.intent,løft mit humør
da,ovos-skill-icanhazdadjokes.openvoiceos:joke.intent,hvilken fjollet vittighed kender du
da,ovos-skill-icanhazdadjokes.openvoiceos:joke.intent,hvad er din yndlingsvits
da,ovos-skill-icanhazdadjokes.openvoiceos:joke.intent,sig sjove ting
da,ovos-skill-icanhazdadjokes.openvoiceos:joke.intent,find vittigheden om appelsinen og bananen
da,ovos-skill-icanhazdadjokes.openvoiceos:joke.intent,banke banke på
de,ovos-skill-icanhazdadjokes.openvoiceos:joke.intent,bring mich zum lachen
de,ovos-skill-icanhazdadjokes.openvoiceos:joke.intent,erzähl mir einen guten witz
de,ovos-skill-icanhazdadjokes.openvoiceos:joke.intent,was ist dein lieblingswitz
de,ovos-skill-icanhazdadjokes.openvoiceos:joke.intent,erzähle lustige dinge
de,ovos-skill-icanhazdadjokes.openvoiceos:joke.intent,olly sag etwas lustiges
de,ovos-skill-icanhazdadjokes.openvoiceos:joke.intent,irgendwelche lustigen witze
de,ovos-skill-icanhazdadjokes.openvoiceos:joke.intent,sende ein lächeln auf meinen weg
eu,ovos-skill-screenshot.openvoiceos:take.screenshot.intent,atera pantaila-argazkia
en,ovos-skill-screenshot.openvoiceos:take.screenshot.intent,take screenshot
en,ovos-skill-screenshot.openvoiceos:take.screenshot.intent,grab the screen
ca,ovos-skill-screenshot.openvoiceos:take.screenshot.intent,fes una captura de pantalla
nl,ovos-skill-screenshot.openvoiceos:take.screenshot.intent,maak een schermafbeelding
nl,ovos-skill-screenshot.openvoiceos:take.screenshot.intent,schermenhot
fr,ovos-skill-screenshot.openvoiceos:take.screenshot.intent,capture d'écran
de,ovos-skill-screenshot.openvoiceos:take.screenshot.intent,bildschirm erfassen
de,ovos-skill-screenshot.openvoiceos:take.screenshot.intent,bildschirmfoto machen
de,ovos-skill-screenshot.openvoiceos:take.screenshot.intent,mach eine bildschirmaufnahme
de,ovos-skill-screenshot.openvoiceos:take.screenshot.intent,speicher den bildschirminhalt
da,ovos-skill-screenshot.openvoiceos:take.screenshot.intent,tag et skærmbillede
pt,ovos-skill-screenshot.openvoiceos:take.screenshot.intent,capturar o ecrã
gl,ovos-skill-screenshot.openvoiceos:take.screenshot.intent,garda unha captura
ca,ovos-skill-screenshot.openvoiceos:take.screenshot.intent,enregistra sa pantalla
ca,ovos-skill-screenshot.openvoiceos:take.screenshot.intent,grava la pantalla
it,ovos-skill-screenshot.openvoiceos:take.screenshot.intent,scatta una foto
de,ovos-skill-screenshot.openvoiceos:take.screenshot.intent,speichere den monitor
de,ovos-skill-screenshot.openvoiceos:take.screenshot.intent,screenshot vom display
it,ovos-skill-screenshot.openvoiceos:take.screenshot.intent,fai uno screenshot
de,ovos-skill-screenshot.openvoiceos:take.screenshot.intent,mache einen screenshot
pt,ovos-skill-screenshot.openvoiceos:take.screenshot.intent,fazer uma captura de ecrã
en,ovos-skill-screenshot.openvoiceos:take.screenshot.intent,save a screenshot
de,ovos-skill-screenshot.openvoiceos:take.screenshot.intent,mache eine bildschirm-aufnahme
ca,ovos-skill-screenshot.openvoiceos:take.screenshot.intent,desa una captura
pt,ovos-skill-icanhazdadjokes.openvoiceos:search_joke.intent,qualquer piadas com cães
en,ovos-skill-icanhazdadjokes.openvoiceos:search_joke.intent,tell me a joke about dentists
en,ovos-skill-icanhazdadjokes.openvoiceos:search_joke.intent,do you know any chuck norris jokes
pt,ovos-skill-icanhazdadjokes.openvoiceos:search_joke.intent,anedota sobre {query}
fr,ovos-skill-icanhazdadjokes.openvoiceos:search_joke.intent,peux-tu raconter des blagues sur {query}
eu,ovos-skill-icanhazdadjokes.openvoiceos:search_joke.intent,konta ditzakezu honi buruzko txisteak {query}
da,ovos-skill-icanhazdadjokes.openvoiceos:search_joke.intent,fortæl mig en vittighed om {query}
de,ovos-skill-icanhazdadjokes.openvoiceos:search_joke.intent,kannst du witze über {query} erzählen
de,ovos-skill-icanhazdadjokes.openvoiceos:search_joke.intent,erzähl mir einen {query} witz
pt,ovos-skill-icanhazdadjokes.openvoiceos:search_joke.intent,conhece algum (piada) {query}
eu,ovos-skill-icanhazdadjokes.openvoiceos:search_joke.intent,kontadazu txiste {query} bat
ca,ovos-skill-icanhazdadjokes.openvoiceos:search_joke.intent,em pots dir acudits de {query}
ca,ovos-skill-icanhazdadjokes.openvoiceos:search_joke.intent,saps cap acudit de {query}
fr,ovos-skill-icanhazdadjokes.openvoiceos:search_joke.intent,raconte-moi une blague sur {query}
ca,ovos-skill-icanhazdadjokes.openvoiceos:search_joke.intent,digue'm una broma de {query}
pt,ovos-skill-icanhazdadjokes.openvoiceos:search_joke.intent,diga-me uma piada sobre dentistas
da,ovos-skill-icanhazdadjokes.openvoiceos:search_joke.intent,kan du fortælle {query} vittigheder
ca,ovos-skill-icanhazdadjokes.openvoiceos:search_joke.intent,explica'm un acudit sobre {query}
ca,ovos-skill-icanhazdadjokes.openvoiceos:search_joke.intent,pots explicar-me bromes sobre {query}
eu,ovos-skill-icanhazdadjokes.openvoiceos:search_joke.intent,badakizu {query} buruzko txisterik
ca,ovos-skill-icanhazdadjokes.openvoiceos:search_joke.intent,conta'm alguna broma sobre {query}
pt,ovos-skill-icanhazdadjokes.openvoiceos:search_joke.intent,conheces alguma piada sobre {query}
en,ovos-skill-icanhazdadjokes.openvoiceos:search_joke.intent,say a {query} joke
pt,ovos-skill-icanhazdadjokes.openvoiceos:search_joke.intent,pode contar piadas sobre {query}
eu,ovos-skill-icanhazdadjokes.openvoiceos:search_joke.intent,konta dezakezu txiste {query}
en,ovos-skill-volume.openvoiceos:volume.low.intent,quiet mode
en,ovos-skill-volume.openvoiceos:volume.low.intent,volume level low
eu,ovos-skill-volume.openvoiceos:volume.low.intent,bolumen baxua
eu,ovos-skill-volume.openvoiceos:volume.low.intent,bolumena jaistea
es,ovos-skill-volume.openvoiceos:volume.low.intent,nivel de volumen a bajo
nl,ovos-skill-volume.openvoiceos:volume.low.intent,volumeniveau naar laag
de,ovos-skill-volume.openvoiceos:volume.low.intent,lautstärke niedrig
de,ovos-skill-volume.openvoiceos:volume.low.intent,auf leise
de,ovos-skill-volume.openvoiceos:volume.low.intent,laustärke  minimal
ca,ovos-skill-volume.openvoiceos:volume.low.intent,volum a baix
it,ovos-skill-volume.openvoiceos:volume.low.intent,silenzio
it,ovos-skill-volume.openvoiceos:volume.low.intent,sussurra
da,ovos-skill-volume.openvoiceos:volume.low.intent,lav lydstyrke
pt,ovos-skill-volume.openvoiceos:volume.low.intent,modo silencioso
pt,ovos-skill-volume.openvoiceos:volume.low.intent,defina o volume para a configuração mais baixa
en,ovos-skill-volume.openvoiceos:volume.low.intent,set volume to the lowest setting
it,ovos-skill-volume.openvoiceos:volume.low.intent,metti il volume basso
pt,ovos-skill-volume.openvoiceos:volume.low.intent,volume muito baixo
pt,ovos-skill-volume.openvoiceos:volume.low.intent,volume mínimo
gl,ovos-skill-volume.openvoiceos:volume.low.intent,baixar o volume
fr,ovos-skill-volume.openvoiceos:volume.low.intent,niveau de volume à faible
de,ovos-skill-volume.openvoiceos:volume.low.intent,stell laustärke  minimum
de,ovos-skill-volume.openvoiceos:volume.low.intent,stelle laustärke auf  niedrig
da,ovos-skill-volume.openvoiceos:volume.low.intent,lydstyrke niveau til lavt
da,ovos-skill-volume.openvoiceos:volume.low.intent,lydstyrken til lav
en,ovos-skill-personal.OpenVoiceOS.openvoiceos:WhereWereYouBorn.intent,where were you born
en,ovos-skill-personal.OpenVoiceOS.openvoiceos:WhatAreYou.intent,what are you
pt,ovos-skill-moviemaster.openvoiceos:movie.genres.intent,em que categoria está o filme o padrinho
en,ovos-skill-moviemaster.openvoiceos:movie.genres.intent,what genres does the flick _______ belong to
pt,ovos-skill-moviemaster.openvoiceos:movie.genres.intent,quais são gênero do curta {movie}
eu,ovos-skill-moviemaster.openvoiceos:movie.genres.intent,zein generotan sartzen da {movie} filma
de,ovos-skill-moviemaster.openvoiceos:movie.genres.intent,was sind die genre der streifen {movie}
da,ovos-skill-moviemaster.openvoiceos:movie.genres.intent,hvad er genrer af filmen {movie}
it,ovos-skill-moviemaster.openvoiceos:movie.genres.intent,a che genere può appartenere il film {movie}
es,ovos-skill-moviemaster.openvoiceos:movie.genres.intent,cual es los género de la película {movie}
it,ovos-skill-moviemaster.openvoiceos:movie.genres.intent,a quale generi appartiene  {movie}
pt,ovos-skill-moviemaster.openvoiceos:movie.genres.intent,a qual gêneros o filme {movie} pertence
fr,ovos-skill-moviemaster.openvoiceos:movie.genres.intent,quels sont les genres du film {movie}
fr,ovos-skill-moviemaster.openvoiceos:movie.genres.intent,de quel genre est le films {movie}
es,ovos-skill-moviemaster.openvoiceos:movie.genres.intent,a qué géneros pertenece el filme {movie}
de,ovos-skill-moviemaster.openvoiceos:movie.genres.intent,welches genre hat das film {movie}
gl,ovos-skill-moviemaster.openvoiceos:movie.genres.intent,cal son os xénero da peli {movie}
eu,ovos-skill-moviemaster.openvoiceos:movie.genres.intent,zein dira {movie} filmari dagokion generoak
pt,ovos-skill-moviemaster.openvoiceos:movie.genres.intent,que tipo de filme é a matrix
eu,ovos-skill-moviemaster.openvoiceos:movie.genres.intent,zein genero dagokio {movie} pelikulari
de,ovos-skill-moviemaster.openvoiceos:movie.genres.intent,zu welchem genres gehört der film {movie}
it,ovos-skill-moviemaster.openvoiceos:movie.genres.intent,di quali genere sono   {movie}
gl,ovos-skill-moviemaster.openvoiceos:movie.genres.intent,cales é o xéneros do filme {movie}
pt,ovos-skill-moviemaster.openvoiceos:movie.genres.intent,que géneros são os filmes {movie}
en,ovos-skill-moviemaster.openvoiceos:movie.genres.intent,what category is the movie the godfather
da,ovos-skill-moviemaster.openvoiceos:movie.genres.intent,hvad genre tilhører {movie}
it,ovos-skill-moviemaster.openvoiceos:movie.genres.intent,qual sono il generi del film {movie}
eu,ovos-skill-days-in-history.openvoiceos:today_in_history.intent,gaurko egunez iraganean
en,ovos-skill-days-in-history.openvoiceos:today_in_history.intent,what historical events happened on june 16th
en,ovos-skill-days-in-history.openvoiceos:today_in_history.intent,this date in history
pt,ovos-skill-days-in-history.openvoiceos:today_in_history.intent,conta-me eventos históricos em esta data
pt,ovos-skill-days-in-history.openvoiceos:today_in_history.intent,este dia na história
eu,ovos-skill-days-in-history.openvoiceos:today_in_history.intent,kontadazu zer gertatu zen egun honetan
gl,ovos-skill-days-in-history.openvoiceos:today_in_history.intent,cóntame que aconteceron hoxe
de,ovos-skill-days-in-history.openvoiceos:today_in_history.intent,nenne mir an diesem datum passiert sind
ca,ovos-skill-days-in-history.openvoiceos:today_in_history.intent,avui
ca,ovos-skill-days-in-history.openvoiceos:today_in_history.intent,explica'm passaren hui
da,ovos-skill-days-in-history.openvoiceos:today_in_history.intent,denne dag i historien
da,ovos-skill-days-in-history.openvoiceos:today_in_history.intent,fortæl mig om historiske begivenheder skete den {date}
ca,ovos-skill-days-in-history.openvoiceos:today_in_history.intent,què esdeveniments històrics va passar en aquesta data en la història
ca,ovos-skill-days-in-history.openvoiceos:today_in_history.intent,explica'm sobre fets històrics van succeir el {date}
pt,ovos-skill-days-in-history.openvoiceos:today_in_history.intent,diga-me o que aconteceu hoje
en,ovos-skill-days-in-history.openvoiceos:today_in_history.intent,tell me about happened today
ca,ovos-skill-days-in-history.openvoiceos:today_in_history.intent,explica'm succeiren amb data {date}
ca,ovos-skill-days-in-history.openvoiceos:today_in_history.intent,explica'm sobre passà aquest dia a la història
de,ovos-skill-days-in-history.openvoiceos:today_in_history.intent,dieser tag in der geschichte
eu,ovos-skill-days-in-history.openvoiceos:today_in_history.intent,gaur bezalako egun batean iraganean
ca,ovos-skill-days-in-history.openvoiceos:today_in_history.intent,tal dia com hui en la història
pt,ovos-skill-days-in-history.openvoiceos:today_in_history.intent,que eventos históricos aconteceram neste dia da história
pt,ovos-skill-days-in-history.openvoiceos:today_in_history.intent,diga-me sobre eventos históricos no dia 12 de dezembro
ca,ovos-skill-days-in-history.openvoiceos:today_in_history.intent,explica'm succeí en {date}
de,ovos-skill-days-in-history.openvoiceos:today_in_history.intent,welche historischen ereignissen am {date} passiert sind
en,ovos-skill-volume.openvoiceos:volume.unmute.intent,sound back on
en,ovos-skill-volume.openvoiceos:volume.unmute.intent,unmute audio
pt,ovos-skill-volume.openvoiceos:volume.unmute.intent,ativar som
eu,ovos-skill-volume.openvoiceos:volume.unmute.intent,desmututu
es,ovos-skill-volume.openvoiceos:volume.unmute.intent,activar el volumen
es,ovos-skill-volume.openvoiceos:volume.unmute.intent,desmutear
es,ovos-skill-volume.openvoiceos:volume.unmute.intent,silenciar
nl,ovos-skill-volume.openvoiceos:volume.unmute.intent,geluid aan
nl,ovos-skill-volume.openvoiceos:volume.unmute.intent,volume aanzetten
de,ovos-skill-volume.openvoiceos:volume.unmute.intent,audioausgabe  an
de,ovos-skill-volume.openvoiceos:volume.unmute.intent,ausgabe  ein
de,ovos-skill-volume.openvoiceos:volume.unmute.intent,den ton wieder anstellen
de,ovos-skill-volume.openvoiceos:volume.unmute.intent,du kannst  reden
ca,ovos-skill-volume.openvoiceos:volume.unmute.intent,activa l'àudio
ca,ovos-skill-volume.openvoiceos:volume.unmute.intent,no silenciïs
da,ovos-skill-volume.openvoiceos:volume.unmute.intent,slå lyden til
pt,ovos-skill-volume.openvoiceos:volume.unmute.intent,desfazer silenciamento do áudio
ca,ovos-skill-volume.openvoiceos:volume.unmute.intent,treu el silenci
de,ovos-skill-volume.openvoiceos:volume.unmute.intent,schalt  die  sprachausgabe  an
de,ovos-skill-volume.openvoiceos:volume.unmute.intent,schalte  die  sprache  ein
en,ovos-skill-volume.openvoiceos:volume.unmute.intent,restore audio
de,ovos-skill-volume.openvoiceos:volume.unmute.intent,kannst wieder  sprechen
it,ovos-skill-volume.openvoiceos:volume.unmute.intent,ripristina il volume
pt,ovos-skill-volume.openvoiceos:volume.unmute.intent,restaurar áudio
de,ovos-skill-volume.openvoiceos:volume.unmute.intent,schalt   audio  ein
en,ovos-skill-weather.openvoiceos:daily_temperature.intent,will it be cold on tuesday
en,ovos-skill-weather.openvoiceos:daily_temperature.intent,what's the temperature in paris tomorrow in celsius
eu,ovos-skill-audio-recording.openvoiceos:start_recording.intent,jarraitu grabaketarekin
en,ovos-skill-audio-recording.openvoiceos:start_recording.intent,begin recording
en,ovos-skill-audio-recording.openvoiceos:start_recording.intent,start capturing audio
en,ovos-skill-audio-recording.openvoiceos:start_recording.intent,record now
pt,ovos-skill-audio-recording.openvoiceos:start_recording.intent,ativar  captura de áudio
eu,ovos-skill-audio-recording.openvoiceos:start_recording.intent,antolatu {name} izeneko grabaketa berria
eu,ovos-skill-audio-recording.openvoiceos:start_recording.intent,ekin grabaketari
eu,ovos-skill-audio-recording.openvoiceos:start_recording.intent,grabatu audioa
es,ovos-skill-audio-recording.openvoiceos:start_recording.intent,comienza a grabar
es,ovos-skill-audio-recording.openvoiceos:start_recording.intent,empieza una grabación
gl,ovos-skill-audio-recording.openvoiceos:start_recording.intent,comeza a gravar
gl,ovos-skill-audio-recording.openvoiceos:start_recording.intent,comezar gravación
fr,ovos-skill-audio-recording.openvoiceos:start_recording.intent,commencer l'enregistrement
fr,ovos-skill-audio-recording.openvoiceos:start_recording.intent,commencez à enregistrer maintenant
de,ovos-skill-audio-recording.openvoiceos:start_recording.intent,audioaufnahme aktivieren
de,ovos-skill-audio-recording.openvoiceos:start_recording.intent,aufnahme fortsetzen
de,ovos-skill-audio-recording.openvoiceos:start_recording.intent,aufnahmesitzung starten
de,ovos-skill-audio-recording.openvoiceos:start_recording.intent,starte den audioaufnahmevorgang
de,ovos-skill-audio-recording.openvoiceos:start_recording.intent,eine neue audiodatei aufnehmen
ca,ovos-skill-audio-recording.openvoiceos:start_recording.intent,activa l'enregistrament d'àudio
ca,ovos-skill-audio-recording.openvoiceos:start_recording.intent,comença a enregistrar
ca,ovos-skill-audio-recording.openvoiceos:start_recording.intent,continua amb la gravació
it,ovos-skill-audio-recording.openvoiceos:start_recording.intent,iniziare a registrare
it,ovos-skill-audio-recording.openvoiceos:start_recording.intent,inizio registrazione
da,ovos-skill-audio-recording.openvoiceos:start_recording.intent,aktiver lydoptagelse
en,ovos-skill-personal.OpenVoiceOS.openvoiceos:WhoMadeYou.intent,who made you
ca,ovos-skill-date-time.openvoiceos:what.time.is.it.intent,s
en,ovos-skill-date-time.openvoiceos:what.time.is.it.intent,what time is it
en,ovos-skill-date-time.openvoiceos:what.time.is.it.intent,i need to check the hour
en,ovos-skill-date-time.openvoiceos:what.time.is.it.intent,clock now
en,ovos-skill-date-time.openvoiceos:what.time.is.it.intent,current hours
pt,ovos-skill-date-time.openvoiceos:what.time.is.it.intent,compartilhe a
pt,ovos-skill-date-time.openvoiceos:what.time.is.it.intent,deixe-me saber a
pt,ovos-skill-date-time.openvoiceos:what.time.is.it.intent,diga a
pt,ovos-skill-date-time.openvoiceos:what.time.is.it.intent,dê a
pt,ovos-skill-date-time.openvoiceos:what.time.is.it.intent,eu preciso verificar a
pt,ovos-skill-date-time.openvoiceos:what.time.is.it.intent,forneça a
pt,ovos-skill-date-time.openvoiceos:what.time.is.it.intent,hora agora
pt,ovos-skill-date-time.openvoiceos:what.time.is.it.intent,horas no momento
pt,ovos-skill-date-time.openvoiceos:what.time.is.it.intent,informe a
pt,ovos-skill-date-time.openvoiceos:what.time.is.it.intent,já é
pt,ovos-skill-date-time.openvoiceos:what.time.is.it.intent,pode dar a
pt,ovos-skill-date-time.openvoiceos:what.time.is.it.intent,você sabe a
pt,ovos-skill-date-time.openvoiceos:what.time.is.it.intent,é possível obter a
eu,ovos-skill-date-time.openvoiceos:what.time.is.it.intent,ba al dakizu zer ordu den orain?
eu,ovos-skill-date-time.openvoiceos:what.time.is.it.intent,esadazu ordua nahi baduzu.
eu,ovos-skill-date-time.openvoiceos:what.time.is.it.intent,ordularia
es,ovos-skill-date-time.openvoiceos:what.time.is.it.intent,avísame de la
es,ovos-skill-date-time.openvoiceos:what.time.is.it.intent,reloj ahora
es,ovos-skill-date-time.openvoiceos:what.time.is.it.intent,¿ya es mañana ?
gl,ovos-skill-date-time.openvoiceos:what.time.is.it.intent,xa son a unha
en,ovos-skill-volume.openvoiceos:volume.mute.intent,silence
en,ovos-skill-volume.openvoiceos:volume.mute.intent,mute
pt,ovos-skill-volume.openvoiceos:volume.mute.intent,mudo
pt,ovos-skill-volume.openvoiceos:volume.mute.intent,silenciar áudio
eu,ovos-skill-volume.openvoiceos:volume.mute.intent,mututu
nl,ovos-skill-volume.openvoiceos:volume.mute.intent,dempen
fr,ovos-skill-volume.openvoiceos:volume.mute.intent,volume
de,ovos-skill-volume.openvoiceos:volume.mute.intent,audio aus
de,ovos-skill-volume.openvoiceos:volume.mute.intent,auf  lautlos
de,ovos-skill-volume.openvoiceos:volume.mute.intent,schalt   stumm
ca,ovos-skill-volume.openvoiceos:volume.mute.intent,muteja
ca,ovos-skill-volume.openvoiceos:volume.mute.intent,silenci
ca,ovos-skill-volume.openvoiceos:volume.mute.intent,silencia
it,ovos-skill-volume.openvoiceos:volume.mute.intent,muto
it,ovos-skill-volume.openvoiceos:volume.mute.intent,silenzio
it,ovos-skill-volume.openvoiceos:volume.mute.intent,zitto
da,ovos-skill-volume.openvoiceos:volume.mute.intent,dæm lydstyrken
da,ovos-skill-volume.openvoiceos:volume.mute.intent,slå lyden fra
pt,ovos-skill-volume.openvoiceos:volume.mute.intent,parar todos os sons
pt,ovos-skill-volume.openvoiceos:volume.mute.intent,quero silêncio
pt,ovos-skill-volume.openvoiceos:volume.mute.intent,desliga o som
pt,ovos-skill-volume.openvoiceos:volume.mute.intent,altifalantes desligados
de,ovos-skill-volume.openvoiceos:volume.mute.intent,schalte  die  audioausgabe aus
de,ovos-skill-volume.openvoiceos:volume.mute.intent,ausgabe aus
de,ovos-skill-volume.openvoiceos:volume.mute.intent,sprachausgabe aus
nl,ovos-skill-volume.openvoiceos:volume.mute.toggle.intent,volume uitzetten
en,ovos-skill-volume.openvoiceos:volume.mute.toggle.intent,toggle audio
en,ovos-skill-volume.openvoiceos:volume.mute.toggle.intent,flip mute
pt,ovos-skill-volume.openvoiceos:volume.mute.toggle.intent,alternar mudo
eu,ovos-skill-volume.openvoiceos:volume.mute.toggle.intent,kommutatu audioa
es,ovos-skill-volume.openvoiceos:volume.mute.toggle.intent,conmutar silencio
de,ovos-skill-volume.openvoiceos:volume.mute.toggle.intent,stummschaltung audioausgabe
de,ovos-skill-volume.openvoiceos:volume.mute.toggle.intent,änder   ausgabe
ca,ovos-skill-volume.openvoiceos:volume.mute.toggle.intent,alterna el silenci
ca,ovos-skill-volume.openvoiceos:volume.mute.toggle.intent,conmuta l'àudio
it,ovos-skill-volume.openvoiceos:volume.mute.toggle.intent,stai muto
da,ovos-skill-volume.openvoiceos:volume.mute.toggle.intent,skift lyd
pt,ovos-skill-volume.openvoiceos:volume.mute.toggle.intent,desactivar o som
fr,ovos-skill-volume.openvoiceos:volume.mute.toggle.intent,de basculement audio
nl,ovos-skill-volume.openvoiceos:volume.mute.toggle.intent,audio aan
de,ovos-skill-volume.openvoiceos:volume.mute.toggle.intent,ändere  die  audio
da,ovos-skill-volume.openvoiceos:volume.mute.toggle.intent,slå mute til
pt,ovos-skill-volume.openvoiceos:volume.mute.toggle.intent,alternar áudio
pt,ovos-skill-volume.openvoiceos:volume.mute.toggle.intent,alternar silenciar
de,ovos-skill-volume.openvoiceos:volume.mute.toggle.intent,änder  die  audioausgabe
gl,ovos-skill-volume.openvoiceos:volume.mute.toggle.intent,alternar o modo silencio
ca,ovos-skill-volume.openvoiceos:volume.mute.toggle.intent,conmuta el so
es,ovos-skill-volume.openvoiceos:volume.mute.toggle.intent,alternar audio
eu,ovos-skill-volume.openvoiceos:volume.mute.toggle.intent,kommutatu mututzea
it,ovos-skill-volume.openvoiceos:volume.mute.toggle.intent,stai zitto
da,ovos-skill-dictation.openvoiceos:start_dictation.intent,igangsætte tekstdiktering
en,ovos-skill-dictation.openvoiceos:start_dictation.intent,start dictation
en,ovos-skill-dictation.openvoiceos:start_dictation.intent,activate text capturing
en,ovos-skill-dictation.openvoiceos:start_dictation.intent,begin note compilation
en,ovos-skill-dictation.openvoiceos:start_dictation.intent,enable transcription feature
en,ovos-skill-dictation.openvoiceos:start_dictation.intent,initiate transcribing
pt,ovos-skill-dictation.openvoiceos:start_dictation.intent,ative captura de texto
pt,ovos-skill-dictation.openvoiceos:start_dictation.intent,comece a anotar
pt,ovos-skill-dictation.openvoiceos:start_dictation.intent,começar a ditar
pt,ovos-skill-dictation.openvoiceos:start_dictation.intent,habilitar ditado com nome {name}
pt,ovos-skill-dictation.openvoiceos:start_dictation.intent,iniciar a transcrição
eu,ovos-skill-dictation.openvoiceos:start_dictation.intent,aktibatu diktaketa
eu,ovos-skill-dictation.openvoiceos:start_dictation.intent,gaitu ahotsetik testura modua
eu,ovos-skill-dictation.openvoiceos:start_dictation.intent,grabatu testua
eu,ovos-skill-dictation.openvoiceos:start_dictation.intent,hasi ahotsa testu bihurtzen
es,ovos-skill-dictation.openvoiceos:start_dictation.intent,comenzar a tomar notas
es,ovos-skill-dictation.openvoiceos:start_dictation.intent,comienza a escribir desde la voz
es,ovos-skill-dictation.openvoiceos:start_dictation.intent,puedes empezar el dictado
es,ovos-skill-dictation.openvoiceos:start_dictation.intent,empieza a grabar palabras habladas
gl,ovos-skill-dictation.openvoiceos:start_dictation.intent,comezar a transcribir
de,ovos-skill-dictation.openvoiceos:start_dictation.intent,aktiviere textaufzeichnung
de,ovos-skill-dictation.openvoiceos:start_dictation.intent,beginne diktat
de,ovos-skill-dictation.openvoiceos:start_dictation.intent,diktatmodus aktivieren
de,ovos-skill-dictation.openvoiceos:start_dictation.intent,diktieren beginnen
de,ovos-skill-dictation.openvoiceos:start_dictation.intent,lass uns mit speichern eines textes starten
gl,ovos-skill-naptime.openvoiceos:naptime.intent,adurmiñar
en,ovos-skill-naptime.openvoiceos:naptime.intent,nap time
en,ovos-skill-naptime.openvoiceos:naptime.intent,go to sleep
en,ovos-skill-naptime.openvoiceos:naptime.intent,begin downtime
en,ovos-skill-naptime.openvoiceos:naptime.intent,enter dreamland
en,ovos-skill-naptime.openvoiceos:naptime.intent,initiate naptime
en,ovos-skill-naptime.openvoiceos:naptime.intent,start doze-off
pt,ovos-skill-naptime.openvoiceos:naptime.intent,vá dormir
pt,ovos-skill-naptime.openvoiceos:naptime.intent,ativar o modo de espera
pt,ovos-skill-naptime.openvoiceos:naptime.intent,começar a cochilar
pt,ovos-skill-naptime.openvoiceos:naptime.intent,entrar em hibernação
pt,ovos-skill-naptime.openvoiceos:naptime.intent,hora da soneca
pt,ovos-skill-naptime.openvoiceos:naptime.intent,iniciar a sesta
eu,ovos-skill-naptime.openvoiceos:naptime.intent,aktibatu lo-modua
eu,ovos-skill-naptime.openvoiceos:naptime.intent,egin dezagun siesta
eu,ovos-skill-naptime.openvoiceos:naptime.intent,goazen lotara
eu,ovos-skill-naptime.openvoiceos:naptime.intent,hasi begi-itxiera
eu,ovos-skill-naptime.openvoiceos:naptime.intent,sartu ametsen lurraldean
eu,ovos-skill-naptime.openvoiceos:naptime.intent,siestarako denbora
es,ovos-skill-naptime.openvoiceos:naptime.intent,inicia el sueño
es,ovos-skill-naptime.openvoiceos:naptime.intent,entra en hibernación
gl,ovos-skill-naptime.openvoiceos:naptime.intent,adormecer
gl,ovos-skill-naptime.openvoiceos:naptime.intent,comezar a suspensión
gl,ovos-skill-naptime.openvoiceos:naptime.intent,imos calar un chisco
gl,ovos-skill-naptime.openvoiceos:naptime.intent,pechar os olliños
da,ovos-skill-moviemaster.openvoiceos:movie.description.intent,hvad handler flicken {movie} om
pt,ovos-skill-moviemaster.openvoiceos:movie.description.intent,de que trata o filme _______
fr,ovos-skill-moviemaster.openvoiceos:movie.description.intent,donne moi le synoptique du film {movie}
de,ovos-skill-moviemaster.openvoiceos:movie.description.intent,worum geht es in streifen {movie}
en,ovos-skill-moviemaster.openvoiceos:movie.description.intent,describe the movie the shawshank redemption
da,ovos-skill-moviemaster.openvoiceos:movie.description.intent,giv os en beskrivelse af filmen {movie}
eu,ovos-skill-moviemaster.openvoiceos:movie.description.intent,zeri buruzkoa da {movie} filma
de,ovos-skill-moviemaster.openvoiceos:movie.description.intent,gib mir eine beschreibung des films {movie}
pt,ovos-skill-moviemaster.openvoiceos:movie.description.intent,me dá uma resumo do curta {movie}
it,ovos-skill-moviemaster.openvoiceos:movie.description.intent,di cosa parla {movie}
es,ovos-skill-moviemaster.openvoiceos:movie.description.intent,dame una descripción del película {movie}
eu,ovos-skill-moviemaster.openvoiceos:movie.description.intent,egin guri {movie} filmaren deskribapena
eu,ovos-skill-moviemaster.openvoiceos:movie.description.intent,aurkeztu niri {movie} pelikularen laburpena
de,ovos-skill-moviemaster.openvoiceos:movie.description.intent,erzähle uns vom movie {movie}
pt,ovos-skill-moviemaster.openvoiceos:movie.description.intent,fala pra mim sobre o filme {movie}
gl,ovos-skill-moviemaster.openvoiceos:movie.description.intent,atópame unha descrición do filme {movie}
pt,ovos-skill-moviemaster.openvoiceos:movie.description.intent,descreva-nos o filme {movie}
en,ovos-skill-moviemaster.openvoiceos:movie.description.intent,what is the flick {movie} about
es,ovos-skill-moviemaster.openvoiceos:movie.description.intent,danos una sinopsis de la film {movie}
en,ovos-skill-moviemaster.openvoiceos:movie.description.intent,get us a description of the film {movie}
it,ovos-skill-moviemaster.openvoiceos:movie.description.intent,dicci del film {movie}
fr,ovos-skill-moviemaster.openvoiceos:movie.description.intent,parle me du flick {movie}
it,ovos-skill-moviemaster.openvoiceos:movie.description.intent,cerca una descrizione di film {movie}
gl,ovos-skill-moviemaster.openvoiceos:movie.description.intent,dáme unha sinopse da peli {movie}
da,ovos-skill-moviemaster.openvoiceos:movie.description.intent,fortæl mig om filmen {movie}
en,ovos-skill-personal.OpenVoiceOS.openvoiceos:WhenWereYouBorn.intent,when were you created
fr,ovos-skill-moviemaster.openvoiceos:movie.popular.intent,quels sont les films populaires du moment qui sont joués
en,ovos-skill-moviemaster.openvoiceos:movie.popular.intent,what are  popular movies playing now
pt,ovos-skill-moviemaster.openvoiceos:movie.popular.intent,buscar curtas populares
eu,ovos-skill-moviemaster.openvoiceos:movie.popular.intent,aurkitu film ezagunak
eu,ovos-skill-moviemaster.openvoiceos:movie.popular.intent,zein pelikula ezagun ari dira botatzen
de,ovos-skill-moviemaster.openvoiceos:movie.popular.intent,was sind  beliebtesten filme aktuell
de,ovos-skill-moviemaster.openvoiceos:movie.popular.intent,finde beliebte streifen
pt,ovos-skill-moviemaster.openvoiceos:movie.popular.intent,quais são os filmes em tendência agora
es,ovos-skill-moviemaster.openvoiceos:movie.popular.intent,cuáles son las flimes más populares ahora
gl,ovos-skill-moviemaster.openvoiceos:movie.popular.intent,fai unha lista de pelis populares
da,ovos-skill-moviemaster.openvoiceos:movie.popular.intent,hvad er populære film er ude nu
it,ovos-skill-moviemaster.openvoiceos:movie.popular.intent,quali sono i film più popolari in proiezione al momento al cinema
pt,ovos-skill-moviemaster.openvoiceos:movie.popular.intent,procure por filmes populares
gl,ovos-skill-moviemaster.openvoiceos:movie.popular.intent,atopa películas populares
en,ovos-skill-moviemaster.openvoiceos:movie.popular.intent,look for popular flicks
pt,ovos-skill-moviemaster.openvoiceos:movie.popular.intent,quais filmes as pessoas estão a ver atualmente
en,ovos-skill-moviemaster.openvoiceos:movie.popular.intent,list popular films
en,ovos-skill-moviemaster.openvoiceos:movie.popular.intent,which movies are people watching these days
gl,ovos-skill-moviemaster.openvoiceos:movie.popular.intent,cales son os filmes populares que botan
es,ovos-skill-moviemaster.openvoiceos:movie.popular.intent,busca los peliculas más populares
fr,ovos-skill-moviemaster.openvoiceos:movie.popular.intent,recherche des films populaires
da,ovos-skill-moviemaster.openvoiceos:movie.popular.intent,søg efter populære film
pt,ovos-skill-moviemaster.openvoiceos:movie.popular.intent,pesquisar filmes populares
it,ovos-skill-moviemaster.openvoiceos:movie.popular.intent,cerca dei film più popolari
pt,ovos-skill-moviemaster.openvoiceos:movie.popular.intent,listar filmes populares
en,ovos-skill-color-picker.krisgesling.openvoiceos:request-color-by-name.intent,what does red look like
en,ovos-skill-color-picker.krisgesling.openvoiceos:request-color-by-name.intent,show me the color green
gl,ovos-skill-color-picker.krisgesling.openvoiceos:request-color-by-name.intent,enséñame a cor laranxa
pt,ovos-skill-color-picker.krisgesling.openvoiceos:request-color-by-name.intent,qual é o aspeto do azul escuro
fr,ovos-skill-color-picker.krisgesling.openvoiceos:request-color-by-name.intent,montre-moi la couleur turquoise
it,ovos-skill-color-picker.krisgesling.openvoiceos:request-color-by-name.intent,mostrami il colore turchese
nl,ovos-skill-color-picker.krisgesling.openvoiceos:request-color-by-name.intent,hoe ziet de kleur lichtgroen eruit
de,ovos-skill-color-picker.krisgesling.openvoiceos:request-color-by-name.intent,wie sieht die farbe dunkelrot aus
ca,ovos-skill-color-picker.krisgesling.openvoiceos:request-color-by-name.intent,vull veure verd
es,ovos-skill-color-picker.krisgesling.openvoiceos:request-color-by-name.intent,quiero ver verde
es,ovos-skill-color-picker.krisgesling.openvoiceos:request-color-by-name.intent,muestra cómo es el color rosa
gl,ovos-skill-color-picker.krisgesling.openvoiceos:request-color-by-name.intent,como é a cor vermella
pt,ovos-skill-color-picker.krisgesling.openvoiceos:request-color-by-name.intent,mostrar a cor vermelha
ca,ovos-skill-color-picker.krisgesling.openvoiceos:request-color-by-name.intent,com és el color taronja
pt,ovos-skill-color-picker.krisgesling.openvoiceos:request-color-by-name.intent,mostra-me a cor amarela
pt,ovos-skill-color-picker.krisgesling.openvoiceos:request-color-by-name.intent,exibir a cor azul
gl,ovos-skill-color-picker.krisgesling.openvoiceos:request-color-by-name.intent,amósame o verde
en,ovos-skill-color-picker.krisgesling.openvoiceos:request-color-by-name.intent,display the color blue
ca,ovos-skill-color-picker.krisgesling.openvoiceos:request-color-by-name.intent,mostra'm el color verd
fr,ovos-skill-color-picker.krisgesling.openvoiceos:request-color-by-name.intent,quelle est la couleur violette
nl,ovos-skill-color-picker.krisgesling.openvoiceos:request-color-by-name.intent,toon de kleur zwart
pt,ovos-skill-color-picker.krisgesling.openvoiceos:request-color-by-name.intent,mostre-me a cor verde
ca,ovos-skill-color-picker.krisgesling.openvoiceos:request-color-by-name.intent,com es el color gris
it,ovos-skill-color-picker.krisgesling.openvoiceos:request-color-by-name.intent,mostra il colore marrone
es,ovos-skill-color-picker.krisgesling.openvoiceos:request-color-by-name.intent,muestra el color verde
en,ovos-skill-date-time.openvoiceos:handle_query_date_simple,what's the date
fr,ovos-skill-moviemaster.openvoiceos:movie.top.intent,quels sont le le film le mieux noté du moment
en,ovos-skill-moviemaster.openvoiceos:movie.top.intent,what are the highest rated movies out
pt,ovos-skill-moviemaster.openvoiceos:movie.top.intent,buscar os mais cotados filmes em cartaz
eu,ovos-skill-moviemaster.openvoiceos:movie.top.intent,bilatu botatzen ari diren pelikula ezagunenak
es,ovos-skill-moviemaster.openvoiceos:movie.top.intent,busca las películas mejores en el ranking en cartelera
gl,ovos-skill-moviemaster.openvoiceos:movie.top.intent,cales son as pelis con mellores puntuacións que botan
de,ovos-skill-moviemaster.openvoiceos:movie.top.intent,liste die beliebtesten filme zum abspielen
da,ovos-skill-moviemaster.openvoiceos:movie.top.intent,hvad er de højst vurderede film er ude nu
it,ovos-skill-moviemaster.openvoiceos:movie.top.intent,quali sono i più popolari film nelle sale in proiezione in questo momento
it,ovos-skill-moviemaster.openvoiceos:movie.top.intent,cerca i migliori film nei cinema disponibili ora
pt,ovos-skill-moviemaster.openvoiceos:movie.top.intent,quais são os melhores fitas sendo exibidos agora
en,ovos-skill-moviemaster.openvoiceos:movie.top.intent,search for the most popular films playing now
da,ovos-skill-moviemaster.openvoiceos:movie.top.intent,søg efter de mest populære film der spiller
pt,ovos-skill-moviemaster.openvoiceos:movie.top.intent,procure pelos filmes com as melhores classificações
pt,ovos-skill-moviemaster.openvoiceos:movie.top.intent,diga-me os melhores filmes que existem
gl,ovos-skill-moviemaster.openvoiceos:movie.top.intent,fai unha lista de os filme máis popularesr que exhiben agora
pt,ovos-skill-moviemaster.openvoiceos:movie.top.intent,procurar os filmes com melhor classificação que estão a ser exibidos agora
pt,ovos-skill-moviemaster.openvoiceos:movie.top.intent,procure os filmes mais bem avaliados disponíveis agora
pt,ovos-skill-moviemaster.openvoiceos:movie.top.intent,busque os mais populares fitas saindo
it,ovos-skill-moviemaster.openvoiceos:movie.top.intent,elenca i più votati film al cinema fuori al momento
eu,ovos-skill-moviemaster.openvoiceos:movie.top.intent,zein dira orain ematen ari diren film hobekien baloratuak
pt,ovos-skill-moviemaster.openvoiceos:movie.top.intent,procure os melhores filmes para ver
pt,ovos-skill-moviemaster.openvoiceos:movie.top.intent,listar os principais filmes em exibição
es,ovos-skill-moviemaster.openvoiceos:movie.top.intent,cuáles son los filmes más populares en cartelera ahora
pt,ovos-skill-moviemaster.openvoiceos:movie.top.intent,lista os melhores filmes lançados agora
de,ovos-skill-iss-location.openvoiceos:when_iss.intent,wann fliegt die raumstation an uns über uns hinweg
en,ovos-skill-iss-location.openvoiceos:when_iss.intent,when is the iss passing over
pt,ovos-skill-iss-location.openvoiceos:when_iss.intent,a estação espacial internacional passa quando
eu,ovos-skill-iss-location.openvoiceos:when_iss.intent,n e e noiz egongo da gainean?
es,ovos-skill-iss-location.openvoiceos:when_iss.intent,cuándo estará la eei por encima de nosotros
gl,ovos-skill-iss-location.openvoiceos:when_iss.intent,cando vai estar a e e i sobre min
ca,ovos-skill-iss-location.openvoiceos:when_iss.intent,e e i a dalt
ca,ovos-skill-iss-location.openvoiceos:when_iss.intent,quan serà sa e e i per
it,ovos-skill-iss-location.openvoiceos:when_iss.intent,quand'è che l' i s s passerà sopra
da,ovos-skill-iss-location.openvoiceos:when_iss.intent,hvornår passerer rumstation forbi
pt,ovos-skill-iss-location.openvoiceos:when_iss.intent,quando é que a iss está a passar?
ca,ovos-skill-iss-location.openvoiceos:when_iss.intent,quan estarà estació espacial a sobre jo
it,ovos-skill-iss-location.openvoiceos:when_iss.intent,quando la stazione spaziale internazionale si trova sopra di noi
ca,ovos-skill-iss-location.openvoiceos:when_iss.intent,iss a sobre meu
da,ovos-skill-iss-location.openvoiceos:when_iss.intent,hvornår vil i s s være over her
ca,ovos-skill-iss-location.openvoiceos:when_iss.intent,eei a sobre nosaltres
pt,ovos-skill-iss-location.openvoiceos:when_iss.intent,quando é que a i s s vai acabar para mim
ca,ovos-skill-iss-location.openvoiceos:when_iss.intent,quan passa e e i a sobre nostre
it,ovos-skill-iss-location.openvoiceos:when_iss.intent,quando la ssi passa sopra qui
eu,ovos-skill-iss-location.openvoiceos:when_iss.intent,nazioarteko estazio espaziala noiz igaroko da gure ondotik?
da,ovos-skill-iss-location.openvoiceos:when_iss.intent,hvornår passerer den internationale rumstationen ovenfor mig
pt,ovos-skill-iss-location.openvoiceos:when_iss.intent,quando é que a iss passa por cima de nós
it,ovos-skill-iss-location.openvoiceos:when_iss.intent,quando l' iss si troverà sopra me
de,ovos-skill-iss-location.openvoiceos:when_iss.intent,wann wird die iss über mir sein
gl,ovos-skill-iss-location.openvoiceos:when_iss.intent,cando vai pasar a estación espacial internacional enriba de nós
it,ovos-skill-iss-location.openvoiceos:WhoISSIntent,chi si trova ora nella stazione spaziale
en,ovos-skill-iss-location.openvoiceos:WhoISSIntent,who is on board of the space station
ca,ovos-skill-iss-location.openvoiceos:WhoISSIntent,qui està a bord de l'iss
es,ovos-skill-iss-location.openvoiceos:WhoISSIntent,quién está en la estación espacial en este momento
de,ovos-skill-iss-location.openvoiceos:WhoISSIntent,wer befindet sich gerade auf der raumstation
nl,ovos-skill-iss-location.openvoiceos:WhoISSIntent,wie bevindt zich momenteel in het ruimtestation
pt,ovos-skill-iss-location.openvoiceos:WhoISSIntent,quem são os membros da tripulação a bordo da iss
pt,ovos-skill-iss-location.openvoiceos:WhoISSIntent,quais astronautas estão na iss
fr,ovos-skill-iss-location.openvoiceos:WhoISSIntent,peux-tu me dire qui vit dans la station spatiale
ca,ovos-skill-iss-location.openvoiceos:WhoISSIntent,em pots dir qui viu a l'estació espacial
it,ovos-skill-iss-location.openvoiceos:WhoISSIntent,chi fa parte dell'equipaggio della iss
pt,ovos-skill-iss-location.openvoiceos:WhoISSIntent,pode me dizer quem está vivendo na estação espacial
fr,ovos-skill-iss-location.openvoiceos:WhoISSIntent,qui sont les astronautes présents sur l'iss
it,ovos-skill-iss-location.openvoiceos:WhoISSIntent,chi sono gli astronauti sulla iss
es,ovos-skill-iss-location.openvoiceos:WhoISSIntent,quiénes forman la tripulación de la iss
nl,ovos-skill-iss-location.openvoiceos:WhoISSIntent,wie maakt deel uit van de bemanning van het iss
en,ovos-skill-iss-location.openvoiceos:WhoISSIntent,who are the crew members aboard the iss
en,ovos-skill-iss-location.openvoiceos:WhoISSIntent,can you tell me who is in the iss right now
de,ovos-skill-iss-location.openvoiceos:WhoISSIntent,wer gehört zur besatzung der iss
nl,ovos-skill-iss-location.openvoiceos:WhoISSIntent,wie zijn de astronauten op het iss
pt,ovos-skill-iss-location.openvoiceos:WhoISSIntent,quem está atualmente a viver na iss
de,ovos-skill-iss-location.openvoiceos:WhoISSIntent,wer ist an bord der iss
ca,ovos-skill-iss-location.openvoiceos:WhoISSIntent,qui és a l'estació espacial ara mateix
ca,ovos-skill-iss-location.openvoiceos:WhoISSIntent,qui són els astronautes a l'iss
nl,ovos-skill-iss-location.openvoiceos:WhoISSIntent,kun je me vertellen wie er op het ruimtestation woont
en,ovos-skill-hello-world.openvoiceos:HelloWorldIntent,hello world
en,ovos-skill-hello-world.openvoiceos:HelloWorldIntent,hi there
en,ovos-skill-hello-world.openvoiceos:HelloWorldIntent,hello assistant
de,ovos-skill-dictation.openvoiceos:stop_dictation.intent,deaktiviere texttranskription
en,ovos-skill-dictation.openvoiceos:stop_dictation.intent,end dictation
en,ovos-skill-dictation.openvoiceos:stop_dictation.intent,can you cancel capturing text
en,ovos-skill-dictation.openvoiceos:stop_dictation.intent,let's stop taking notes
en,ovos-skill-dictation.openvoiceos:stop_dictation.intent,terminate transcription
pt,ovos-skill-dictation.openvoiceos:stop_dictation.intent,cancelar anotações
pt,ovos-skill-dictation.openvoiceos:stop_dictation.intent,desabilitar modo de ditado
pt,ovos-skill-dictation.openvoiceos:stop_dictation.intent,encerre a transcrição
pt,ovos-skill-dictation.openvoiceos:stop_dictation.intent,vamos encerrar a anotação
eu,ovos-skill-dictation.openvoiceos:stop_dictation.intent,amaitu al dezakegu diktaketa
eu,ovos-skill-dictation.openvoiceos:stop_dictation.intent,buka dezagun ohar-hartzea
eu,ovos-skill-dictation.openvoiceos:stop_dictation.intent,bukatu testu-hautematea
eu,ovos-skill-dictation.openvoiceos:stop_dictation.intent,gelditu transkripzioa
eu,ovos-skill-dictation.openvoiceos:stop_dictation.intent,utz diezaiogun oharrak hartzeari
eu,ovos-skill-dictation.openvoiceos:stop_dictation.intent,utzi testua hautemateari
es,ovos-skill-dictation.openvoiceos:stop_dictation.intent,desactiva el dictado
es,ovos-skill-dictation.openvoiceos:stop_dictation.intent,podemos finalizar la transcripción
gl,ovos-skill-dictation.openvoiceos:stop_dictation.intent,imos parar a transcrición
de,ovos-skill-dictation.openvoiceos:stop_dictation.intent,abbruch der aufzeichnung
de,ovos-skill-dictation.openvoiceos:stop_dictation.intent,beende diktat
de,ovos-skill-dictation.openvoiceos:stop_dictation.intent,breche textaufzeichnung ab
de,ovos-skill-dictation.openvoiceos:stop_dictation.intent,diktatfunktion deaktivieren
de,ovos-skill-dictation.openvoiceos:stop_dictation.intent,hör auf notizen zu machen
de,ovos-skill-dictation.openvoiceos:stop_dictation.intent,lasst uns die transkription abbrechen
de,ovos-skill-dictation.openvoiceos:stop_dictation.intent,transskription beenden
it,ovos-skill-iss-location.openvoiceos:NumberISSIntent,quanti astronauti ci sono nello spazio adesso
en,ovos-skill-iss-location.openvoiceos:NumberISSIntent,how many persons on board of the space station
es,ovos-skill-iss-location.openvoiceos:NumberISSIntent,dime cuántos tripulantes hay en la estación espacial en este momento
ca,ovos-skill-iss-location.openvoiceos:NumberISSIntent,pots dir-me quants astronautes hi ha a l'espai ara mateix
pt,ovos-skill-iss-location.openvoiceos:NumberISSIntent,quantas pessoas estão em órbita neste instante
de,ovos-skill-iss-location.openvoiceos:NumberISSIntent,sag mir bitte wie viele astronauten gerade auf der raumstation sind
gl,ovos-skill-iss-location.openvoiceos:NumberISSIntent,cantos astronautas están agora no espazo
nl,ovos-skill-iss-location.openvoiceos:NumberISSIntent,vertel me hoeveel astronauten er nu in de ruimte zijn
fr,ovos-skill-iss-location.openvoiceos:NumberISSIntent,combien d'astronautes sont actuellement dans l'espace
en,ovos-skill-iss-location.openvoiceos:NumberISSIntent,can you tell me how many astronauts are orbiting earth right now
pt,ovos-skill-iss-location.openvoiceos:NumberISSIntent,quantos astronautas estão na estação
fr,ovos-skill-iss-location.openvoiceos:NumberISSIntent,pourrais-tu me dire le nombre d'astronautes actuellement en orbite
pt,ovos-skill-iss-location.openvoiceos:NumberISSIntent,quantos membros da tripulação estão no espaço
en,ovos-skill-iss-location.openvoiceos:NumberISSIntent,how many crew members are in space
pt,ovos-skill-iss-location.openvoiceos:NumberISSIntent,pode dizer-me quantos astronautas estão a orbitar a terra neste momento
pt,ovos-skill-iss-location.openvoiceos:NumberISSIntent,quantas pessoas estão atualmente a bordo da estação espacial
it,ovos-skill-iss-location.openvoiceos:NumberISSIntent,fammi sapere quanti astronauti sono in orbita in questo momento
es,ovos-skill-iss-location.openvoiceos:NumberISSIntent,cuántos astronautas hay en el espacio ahora mismo
en,ovos-skill-iss-location.openvoiceos:NumberISSIntent,how many people are currently aboard the space station
gl,ovos-skill-iss-location.openvoiceos:NumberISSIntent,necesito saber cantos astronautas están na estación espacial agora
en,ovos-skill-iss-location.openvoiceos:NumberISSIntent,how many astronauts in space now
de,ovos-skill-iss-location.openvoiceos:NumberISSIntent,wie viele astronauten sind gerade im weltraum
en,ovos-skill-iss-location.openvoiceos:NumberISSIntent,how many astronauts are on the station
pt,ovos-skill-iss-location.openvoiceos:NumberISSIntent,quantos astronautas estão agora no espaço
ca,ovos-skill-iss-location.openvoiceos:NumberISSIntent,quants astronautes hi ha ara mateix a l'espai
eu,ovos-skill-moviemaster.openvoiceos:movie.information.intent,lor dezakezu daturik {movie} filmari buruz
en,ovos-skill-moviemaster.openvoiceos:movie.information.intent,do you have info on the film _______
en,ovos-skill-moviemaster.openvoiceos:movie.information.intent,tell me about parasite
pt,ovos-skill-moviemaster.openvoiceos:movie.information.intent,você pode pegar informação sobre o filme {movie}
eu,ovos-skill-moviemaster.openvoiceos:movie.information.intent,hona hemen {movie} pelikulari buruzko datuak
de,ovos-skill-moviemaster.openvoiceos:movie.information.intent,schaue nach nach informationen zum streifen {movie}
da,ovos-skill-moviemaster.openvoiceos:movie.information.intent,kan du få information om filmen {movie}
es,ovos-skill-moviemaster.openvoiceos:movie.information.intent,puedes obtener información de la película {movie}
it,ovos-skill-moviemaster.openvoiceos:movie.information.intent,puoi cercare delle informazioni sul {movie}
de,ovos-skill-moviemaster.openvoiceos:movie.information.intent,gib mir infos zu den movie {movie}
fr,ovos-skill-moviemaster.openvoiceos:movie.information.intent,est-ce que tu a des informations sur le film {movie}
da,ovos-skill-moviemaster.openvoiceos:movie.information.intent,er der info på  {movie}
it,ovos-skill-moviemaster.openvoiceos:movie.information.intent,ci sono info riguardo al {movie}
gl,ovos-skill-moviemaster.openvoiceos:movie.information.intent,podes conseguir datos sobre a peli {movie}
es,ovos-skill-moviemaster.openvoiceos:movie.information.intent,averiguar info acerca del filme {movie}
it,ovos-skill-moviemaster.openvoiceos:movie.information.intent,cerca info su il {movie}
fr,ovos-skill-moviemaster.openvoiceos:movie.information.intent,cherche desinfo à propos du film {movie}
en,ovos-skill-moviemaster.openvoiceos:movie.information.intent,is there information about the flick {movie}
de,ovos-skill-moviemaster.openvoiceos:movie.information.intent,hast du informationen über den movie {movie} bekommen
pt,ovos-skill-moviemaster.openvoiceos:movie.information.intent,obtém-nos informações sobre o filme {movie}
eu,ovos-skill-moviemaster.openvoiceos:movie.information.intent,aurkeztu guri {movie} filmari buruzko informazioa
pt,ovos-skill-moviemaster.openvoiceos:movie.information.intent,diga-me sobre o parasita
da,ovos-skill-moviemaster.openvoiceos:movie.information.intent,led efter  info om {movie}
fr,ovos-skill-moviemaster.openvoiceos:movie.information.intent,recherche desinformations sur du film {movie}
en,ovos-skill-moviemaster.openvoiceos:movie.information.intent,look for information on the movie {movie}
en,ovos-skill-moviemaster.openvoiceos:movie.runtime.intent,how long does schindler's list run
en,ovos-skill-moviemaster.openvoiceos:movie.runtime.intent,what’s the runtime of avatar
pt,ovos-skill-moviemaster.openvoiceos:movie.runtime.intent,diga a duração da filme {movie}
pt,ovos-skill-moviemaster.openvoiceos:movie.runtime.intent,quanto tempo dura o senhor dos anéis o retorno do rei
fr,ovos-skill-moviemaster.openvoiceos:movie.runtime.intent,combien de temps dure le film {movie}
da,ovos-skill-moviemaster.openvoiceos:movie.runtime.intent,hvor lang tid varer filmen {movie}
eu,ovos-skill-moviemaster.openvoiceos:movie.runtime.intent,zenbat irauten du {movie} filmak
de,ovos-skill-moviemaster.openvoiceos:movie.runtime.intent,was ist die laufzeit vom streifen {movie}
da,ovos-skill-moviemaster.openvoiceos:movie.runtime.intent,hvad er længde af flick {movie}
es,ovos-skill-moviemaster.openvoiceos:movie.runtime.intent,obtiene la duración del película {movie}
eu,ovos-skill-moviemaster.openvoiceos:movie.runtime.intent,lortu {movie} filmaren iraupena
pt,ovos-skill-moviemaster.openvoiceos:movie.runtime.intent,qual é a tamanho do fita {movie}
gl,ovos-skill-moviemaster.openvoiceos:movie.runtime.intent,busca canto dura a peli {movie}
it,ovos-skill-moviemaster.openvoiceos:movie.runtime.intent,quanto è lungo di {movie}
pt,ovos-skill-moviemaster.openvoiceos:movie.runtime.intent,obter o tempo de exibição do filme {movie}
de,ovos-skill-moviemaster.openvoiceos:movie.runtime.intent,suche die länge des films {movie}
es,ovos-skill-moviemaster.openvoiceos:movie.runtime.intent,cuánto dura el filme {movie}
de,ovos-skill-moviemaster.openvoiceos:movie.runtime.intent,wie lange ist der film {movie}
eu,ovos-skill-moviemaster.openvoiceos:movie.runtime.intent,zein da {movie} pelikularen luzera
fr,ovos-skill-moviemaster.openvoiceos:movie.runtime.intent,quelle est la durée du film {movie}
it,ovos-skill-moviemaster.openvoiceos:movie.runtime.intent,quanto dura il film {movie}
da,ovos-skill-moviemaster.openvoiceos:movie.runtime.intent,få længden af film {movie}
pt,ovos-skill-moviemaster.openvoiceos:movie.runtime.intent,mostre a tempo da fita {movie}
pt,ovos-skill-moviemaster.openvoiceos:movie.runtime.intent,quanto tempo dura a lista de schindler
it,ovos-skill-moviemaster.openvoiceos:movie.runtime.intent,qual è la durata de {movie}
pt,ovos-skill-moviemaster.openvoiceos:movie.cast.intent,nomeie o elenco do filme clube da luta
en,ovos-skill-moviemaster.openvoiceos:movie.cast.intent,who plays in the movie _______
pt,ovos-skill-moviemaster.openvoiceos:movie.cast.intent,quem atuou em pulp fiction
fr,ovos-skill-moviemaster.openvoiceos:movie.cast.intent,qui joue dans le film {movie}
eu,ovos-skill-moviemaster.openvoiceos:movie.cast.intent,nork lan egiten du {movie} filman
es,ovos-skill-moviemaster.openvoiceos:movie.cast.intent,quién sale en la película {movie}
da,ovos-skill-moviemaster.openvoiceos:movie.cast.intent,hvem er i filmen {movie}
gl,ovos-skill-moviemaster.openvoiceos:movie.cast.intent,quen traballa na peli {movie}
de,ovos-skill-moviemaster.openvoiceos:movie.cast.intent,wer handelt im titel {movie}
it,ovos-skill-moviemaster.openvoiceos:movie.cast.intent,chi interpreta nel {movie}
pt,ovos-skill-moviemaster.openvoiceos:movie.cast.intent,quem desempenha um papel no filme {movie}
pt,ovos-skill-moviemaster.openvoiceos:movie.cast.intent,quem está no pantera negra
en,ovos-skill-moviemaster.openvoiceos:movie.cast.intent,name the cast of the movie fight club
pt,ovos-skill-moviemaster.openvoiceos:movie.cast.intent,quem atua no curta {movie}
gl,ovos-skill-moviemaster.openvoiceos:movie.cast.intent,quen actúa no filme {movie}
en,ovos-skill-moviemaster.openvoiceos:movie.cast.intent,who's in black panther
eu,ovos-skill-moviemaster.openvoiceos:movie.cast.intent,nork parte hartzen du {movie} pelikulan
pt,ovos-skill-moviemaster.openvoiceos:movie.cast.intent,quem joga no filme _______
pt,ovos-skill-moviemaster.openvoiceos:movie.cast.intent,quem actua no filme {movie}
de,ovos-skill-moviemaster.openvoiceos:movie.cast.intent,wer ist im film {movie}
en,ovos-skill-moviemaster.openvoiceos:movie.cast.intent,who acts in the flick {movie}
en,ovos-skill-moviemaster.openvoiceos:movie.cast.intent,who acted in pulp fiction
gl,ovos-skill-moviemaster.openvoiceos:movie.cast.intent,quen está na película {movie}
en,ovos-skill-moviemaster.openvoiceos:movie.cast.intent,who is in the film {movie}
de,ovos-skill-moviemaster.openvoiceos:movie.cast.intent,wer spielt im movie {movie}
en,ovos-skill-moviemaster.openvoiceos:movie.recommendations.intent,any suggestions similar to the dark knight
en,ovos-skill-moviemaster.openvoiceos:movie.recommendations.intent,what films do you recommend like _______
pt,ovos-skill-moviemaster.openvoiceos:movie.recommendations.intent,listar filmes com ao {movie}
da,ovos-skill-moviemaster.openvoiceos:movie.recommendations.intent,hvilke film kan du anbefale der lignende {movie}
gl,ovos-skill-moviemaster.openvoiceos:movie.recommendations.intent,fai unha lista de boas pelis parecidas a {movie}
eu,ovos-skill-moviemaster.openvoiceos:movie.recommendations.intent,zein pelikula gomendatuko zenuke {movie} filmaren antzekoa
de,ovos-skill-moviemaster.openvoiceos:movie.recommendations.intent,empfehle einen streifen ähnlich zu wie{movie}
pt,ovos-skill-moviemaster.openvoiceos:movie.recommendations.intent,qual filme você recomendaria igual {movie}
de,ovos-skill-moviemaster.openvoiceos:movie.recommendations.intent,finde gute movies vergleichbar mit {movie}
es,ovos-skill-moviemaster.openvoiceos:movie.recommendations.intent,qué películas recomendarias similares a {movie}
eu,ovos-skill-moviemaster.openvoiceos:movie.recommendations.intent,gomendatu {movie} pelikularen antzeko filmak
pt,ovos-skill-moviemaster.openvoiceos:movie.recommendations.intent,recomendar fitas iguais à {movie}
fr,ovos-skill-moviemaster.openvoiceos:movie.recommendations.intent,recommander des video similaire au film {movie}
it,ovos-skill-moviemaster.openvoiceos:movie.recommendations.intent,quale film mi consigli come {movie}
it,ovos-skill-moviemaster.openvoiceos:movie.recommendations.intent,quali film consiglieresti simile a {movie}
fr,ovos-skill-moviemaster.openvoiceos:movie.recommendations.intent,quels sont les films que vous recommanderiez comme le film {movie}
it,ovos-skill-moviemaster.openvoiceos:movie.recommendations.intent,consiglia dei bei film simili a {movie}
it,ovos-skill-moviemaster.openvoiceos:movie.recommendations.intent,consigliami un bel film tipo {movie}
pt,ovos-skill-moviemaster.openvoiceos:movie.recommendations.intent,alguma sugestão semelhante ao cavaleiro das trevas
pt,ovos-skill-moviemaster.openvoiceos:movie.recommendations.intent,quais filmes semelhantes a {movie} me recomendais
gl,ovos-skill-moviemaster.openvoiceos:movie.recommendations.intent,que filmes recomendarías do estilo de {movie}
pt,ovos-skill-moviemaster.openvoiceos:movie.recommendations.intent,obter bons filmes como {movie}
gl,ovos-skill-moviemaster.openvoiceos:movie.recommendations.intent,busca bos filmes parecidas a {movie}
en,ovos-skill-moviemaster.openvoiceos:movie.recommendations.intent,get good flicks like {movie}
de,ovos-skill-moviemaster.openvoiceos:movie.recommendations.intent,was empfehlst du vergleichbare movies wie {movie}
en,ovos-skill-date-time.openvoiceos:handle_day_for_date,when is new year's eve 2024 in terms of weekday
en,ovos-skill-date-time.openvoiceos:handle_day_for_date,which day falls on july 4th 2023
ca,ovos-skill-date-time.openvoiceos:handle_day_for_date,quin dia de la setmana és nadal del 2025
fr,ovos-skill-date-time.openvoiceos:handle_day_for_date,quel jour tombe halloween 2030
it,ovos-skill-date-time.openvoiceos:handle_day_for_date,mi puoi dire che giorno della settimana è il 15 agosto 2026
de,ovos-skill-date-time.openvoiceos:handle_day_for_date,an welchem wochentag ist der memorial day 2020
nl,ovos-skill-date-time.openvoiceos:handle_day_for_date,wat is de dag van de week voor 4 juli 2023
nl,ovos-skill-date-time.openvoiceos:handle_day_for_date,kun je me vertellen op welke dag kerstmis 2025 valt
en,ovos-skill-date-time.openvoiceos:handle_day_for_date,can you tell me the weekday for august 15th 2026
es,ovos-skill-date-time.openvoiceos:handle_day_for_date,puedes decirme qué día cae navidad 2025
pt,ovos-skill-date-time.openvoiceos:handle_day_for_date,quando é a véspera de ano novo 2024 em termos de dia da semana
de,ovos-skill-date-time.openvoiceos:handle_day_for_date,welcher tag ist silvester 2024
it,ovos-skill-date-time.openvoiceos:handle_day_for_date,che giorno è la vigilia di capodanno 2024
es,ovos-skill-date-time.openvoiceos:handle_day_for_date,qué día será el 4 de julio de 2023
en,ovos-skill-date-time.openvoiceos:handle_day_for_date,what weekday is christmas 2025
fr,ovos-skill-date-time.openvoiceos:handle_day_for_date,peux-tu me dire quel jour de la semaine est le 15 août 2026
pt,ovos-skill-date-time.openvoiceos:handle_day_for_date,me diga que dia da semana será o natal de 2025
de,ovos-skill-date-time.openvoiceos:handle_day_for_date,kannst du mir sagen welcher wochentag weihnachten 2025 ist
de,ovos-skill-date-time.openvoiceos:handle_day_for_date,auf welchen tag fällt halloween 2030
en,ovos-skill-date-time.openvoiceos:handle_day_for_date,what day does halloween 2030 fall on
pt,ovos-skill-date-time.openvoiceos:handle_day_for_date,em que dia cai o 4 de julho de 2023
es,ovos-skill-date-time.openvoiceos:handle_day_for_date,qué día es nochevieja del 2024
en,ovos-skill-date-time.openvoiceos:handle_day_for_date,which weekday will halloween be in 2030
es,ovos-skill-date-time.openvoiceos:handle_day_for_date,en qué día de la semana cae la víspera de año nuevo 2024
fr,ovos-skill-date-time.openvoiceos:handle_day_for_date,le 4 juillet 2023 quel jour sera-ce
en,ovos-skill-date-time.openvoiceos:handle_query_relative_date,how many days until july 4th
en,ovos-skill-date-time.openvoiceos:handle_query_relative_date,how long until halloween
en,ovos-skill-date-time.openvoiceos:handle_query_relative_date,how many days until thanksgiving
en,ovos-skill-date-time.openvoiceos:handle_weekday,tell me the day of the week
en,ovos-skill-date-time.openvoiceos:handle_weekday,what day is it today
en,ovos-skill-date-time.openvoiceos:handle_weekday,which day of the week is it
eu,ovos-skill-ip.openvoiceos:what.ssid.intent,zein sare ari zara erabiltzen konektatzeko
en,ovos-skill-ip.openvoiceos:what.ssid.intent,what network are you connected to
pt,ovos-skill-ip.openvoiceos:what.ssid.intent,qual rede você está conectado
gl,ovos-skill-ip.openvoiceos:what.ssid.intent,a que ssid estás usando
de,ovos-skill-ip.openvoiceos:what.ssid.intent,bist du verbunden
ca,ovos-skill-ip.openvoiceos:what.ssid.intent,a quina essa essa i de estàs connectada
da,ovos-skill-ip.openvoiceos:what.ssid.intent,hvilken wifi-netværk er du bruger
de,ovos-skill-ip.openvoiceos:what.ssid.intent,hast du ein verbindung mit ein netzwerkkabel
de,ovos-skill-ip.openvoiceos:what.ssid.intent,hast du eine netzwerkverbindung
de,ovos-skill-ip.openvoiceos:what.ssid.intent,hast du einem kabel
da,ovos-skill-ip.openvoiceos:what.ssid.intent,hvilket ssid er du på
de,ovos-skill-ip.openvoiceos:what.ssid.intent,hast du einer netzwerk
de,ovos-skill-ip.openvoiceos:what.ssid.intent,hast du eines wlan
pt,ovos-skill-ip.openvoiceos:what.ssid.intent,a que rede pertences
ca,ovos-skill-ip.openvoiceos:what.ssid.intent,a quina xarxa wifi estàs connectat
de,ovos-skill-ip.openvoiceos:what.ssid.intent,hast du ssid
pt,ovos-skill-ip.openvoiceos:what.ssid.intent,qual é o ssid que está a utilizar
de,ovos-skill-ip.openvoiceos:what.ssid.intent,wie bist du mit dem netzwerk verbunden
pt,ovos-skill-ip.openvoiceos:what.ssid.intent,que wi-fi estás a usar
pt,ovos-skill-ip.openvoiceos:what.ssid.intent,em que rede wifi está?
de,ovos-skill-ip.openvoiceos:what.ssid.intent,hast du verbindung mit wifi
de,ovos-skill-ip.openvoiceos:what.ssid.intent,mit welche netzwerk bist du verbunden
de,ovos-skill-ip.openvoiceos:what.ssid.intent,mit welchem netzwerk bist du verbunden
de,ovos-skill-ip.openvoiceos:what.ssid.intent,mit welchen netzwerk bist du verbunden
de,ovos-skill-ip.openvoiceos:what.ssid.intent,mit welcher netzwerk bist du verbunden
en,ovos-skill-wallpapers.openvoiceos:MakeWallpaperIntent,make that my wallpaper
es,ovos-skill-wallpapers.openvoiceos:MakeWallpaperIntent,pon esa imagen como fondo de pantalla
ca,ovos-skill-wallpapers.openvoiceos:MakeWallpaperIntent,fes que aquesta sigui la imatge de fons
gl,ovos-skill-wallpapers.openvoiceos:MakeWallpaperIntent,pón esa foto como fondo de pantalla
pt,ovos-skill-wallpapers.openvoiceos:MakeWallpaperIntent,define essa imagem como papel de parede
fr,ovos-skill-wallpapers.openvoiceos:MakeWallpaperIntent,mets cette image en fond d'écran
it,ovos-skill-wallpapers.openvoiceos:MakeWallpaperIntent,imposta quell'immagine come sfondo
nl,ovos-skill-wallpapers.openvoiceos:MakeWallpaperIntent,zet die afbeelding als achtergrond
de,ovos-skill-wallpapers.openvoiceos:MakeWallpaperIntent,stelle dieses bild als hintergrund ein
es,ovos-skill-wallpapers.openvoiceos:MakeWallpaperIntent,haz que esa sea la imagen de fondo
ca,ovos-skill-wallpapers.openvoiceos:MakeWallpaperIntent,fixa aquesta imatge com a fons de pantalla
gl,ovos-skill-wallpapers.openvoiceos:MakeWallpaperIntent,configura esa foto como fondo
pt,ovos-skill-wallpapers.openvoiceos:MakeWallpaperIntent,coloca essa imagem como fundo de ecrã
fr,ovos-skill-wallpapers.openvoiceos:MakeWallpaperIntent,fais de cette image ton fond d'écran
it,ovos-skill-wallpapers.openvoiceos:MakeWallpaperIntent,rendi quell'immagine lo sfondo
nl,ovos-skill-wallpapers.openvoiceos:MakeWallpaperIntent,ged die afbeelding als je achtergrond
de,ovos-skill-wallpapers.openvoiceos:MakeWallpaperIntent,mache dieses bild zum hintergrund
en,ovos-skill-wallpapers.openvoiceos:MakeWallpaperIntent,make that the background
en,ovos-skill-wallpapers.openvoiceos:MakeWallpaperIntent,set that image as wallpaper
en,ovos-skill-wallpapers.openvoiceos:MakeWallpaperIntent,use that as wallpaper
pt,ovos-skill-wallpapers.openvoiceos:MakeWallpaperIntent,faça desse o meu papel de parede
pt,ovos-skill-wallpapers.openvoiceos:MakeWallpaperIntent,faça isso o fundo
pt,ovos-skill-wallpapers.openvoiceos:MakeWallpaperIntent,use isso como papel de parede
pt,ovos-skill-wallpapers.openvoiceos:MakeWallpaperIntent,defina essa imagem como papel de parede
en,stop:stop,cancel
ca,stop:stop,ja n'hi ha prou para-ho tot ara mateix
ca,stop:stop,si us plau atura el que estiguis fent
de,stop:stop,genug jetzt stopp alles sofort
de,stop:stop,bitte hör auf was du gerade machst
de,stop:stop,stoppe den timer es ist zu lang gelaufen
nl,stop:stop,stop alsjeblieft wat je aan het doen bent
fr,stop:stop,c'est assez arrête tout immédiatement
it,stop:stop,basta così ferma tutto subito
it,stop:stop,per favore smetti quello che stai facendo
eu,stop:stop,ados da gelditu dena oraintxe
es,stop:stop,detén todo
es,stop:stop,por favor deja de poner música ahora mismo
eu,stop:stop,musika nahikoa izan dut itzali erreprodukzioa
en,stop:stop,that's enough
en,stop:stop,quit
en,stop:stop,end it
en,stop:stop,shut up
pt,stop:stop,cancelará isso
pt,stop:stop,poderias calar-te
pt,stop:stop,podes desligar
pt,stop:stop,poderia simplesmente cancelar
pt,stop:stop,sair
pt,stop:stop,falarei contigo mais tarde
pt,stop:stop,desliga-o
en,ocp:play,dixie chicks
en,ocp:play,fire up asgard's track sailing out
en,ocp:play,put on everybody is on the beat (trance mix) now
en,ocp:play,i want to hear that thousand-yard stare song
es,ocp:play,pon mi playlist más escuchada
en,ocp:play,stream tears of hope (greg downey remix) from deems
en,ocp:play,i feel like hearing doomination by black overdrive
en,ocp:play,blast some olive inc
en,ocp:play,start playing przemoc przeciw przemocy
en,ocp:play,give me night frost next
da,ocp:play,spil playliste nummer syv
fr,ocp:play,commence un jeu et joue avec moi
en,ocp:play,can you play hibagọn's was wog
it,ocp:play,è tempo della mia radio del rientro a casa per favore
en,ocp:play,queue matador for later
en,ocp:play,kevin energy sharkey & k complex
en,ocp:play,replay persevere
en,ocp:play,how about polen peitsche?
en,ocp:play,let's get sakrament started
en,ocp:play,spin saraphin
en,ocp:play,los bonitos today
pt,ocp:play,toca música do diogo piçarra
es,ocp:play,siguiente reproducción despacito
ca,ocp:play,posa l'emissora de ràdio de pop
es,ocp:play,reproducir corazón partido en la lista
en,ovos-skill-camera.openvoiceos:take_picture.intent,capture an image
es,ovos-skill-camera.openvoiceos:take_picture.intent,saca una fotografía
gl,ovos-skill-camera.openvoiceos:take_picture.intent,captura unha imaxe
pt,ovos-skill-camera.openvoiceos:take_picture.intent,fotografa isto
fr,ovos-skill-camera.openvoiceos:take_picture.intent,prends un cliché
nl,ovos-skill-camera.openvoiceos:take_picture.intent,neem een foto
de,ovos-skill-camera.openvoiceos:take_picture.intent,mach ein bild
en,ovos-skill-camera.openvoiceos:take_picture.intent,snap a picture
pt,ovos-skill-camera.openvoiceos:take_picture.intent,tira uma fotografia neste momento
da,ovos-skill-camera.openvoiceos:take_picture.intent,tag et hurtigt billede
en,ovos-skill-camera.openvoiceos:take_picture.intent,take a photo
it,ovos-skill-camera.openvoiceos:take_picture.intent,scatta una foto proprio adesso
es,ovos-skill-camera.openvoiceos:take_picture.intent,haz una foto ahora
da,ovos-skill-camera.openvoiceos:take_picture.intent,lav et foto lige nu
pt,ovos-skill-camera.openvoiceos:take_picture.intent,capturar uma imagem
ca,ovos-skill-camera.openvoiceos:take_picture.intent,fes una fotografia ara
gl,ovos-skill-camera.openvoiceos:take_picture.intent,tira unha foto agora
fr,ovos-skill-camera.openvoiceos:take_picture.intent,prends une photo tout de suite
de,ovos-skill-camera.openvoiceos:take_picture.intent,nimm ein foto auf
eu,ovos-skill-camera.openvoiceos:take_picture.intent,tomar una foto
pt,ovos-skill-camera.openvoiceos:take_picture.intent,tire uma foto
es,ovos-skill-camera.openvoiceos:take_picture.intent,toma una foto
nl,ovos-skill-camera.openvoiceos:take_picture.intent,maak nu meteen een foto
gl,ovos-skill-camera.openvoiceos:take_picture.intent,sacar unha fotografía
gl,ovos-skill-camera.openvoiceos:take_picture.intent,tirar unha foto
ca,ovos-skill-fuster-quotes.openvoiceos:who.intent,explica qui era joan fuster
es,ovos-skill-fuster-quotes.openvoiceos:who.intent,dime quién fue joan fuster
gl,ovos-skill-fuster-quotes.openvoiceos:who.intent,dime quen foi joan fuster
pt,ovos-skill-fuster-quotes.openvoiceos:who.intent,conta quem foi joan fuster
fr,ovos-skill-fuster-quotes.openvoiceos:who.intent,raconte qui était joan fuster
it,ovos-skill-fuster-quotes.openvoiceos:who.intent,spiegami chi era joan fuster
nl,ovos-skill-fuster-quotes.openvoiceos:who.intent,vertel me wie joan fuster was
de,ovos-skill-fuster-quotes.openvoiceos:who.intent,sag mir wer joan fuster war
ca,ovos-skill-fuster-quotes.openvoiceos:who.intent,qui era joan fuster realment
es,ovos-skill-fuster-quotes.openvoiceos:who.intent,quién fue realmente joan fuster
gl,ovos-skill-fuster-quotes.openvoiceos:who.intent,quen foi joan fuster en realidade
pt,ovos-skill-fuster-quotes.openvoiceos:who.intent,quem foi joan fuster verdadeiramente
fr,ovos-skill-fuster-quotes.openvoiceos:who.intent,qui était vraiment joan fuster
it,ovos-skill-fuster-quotes.openvoiceos:who.intent,chi era veramente joan fuster
nl,ovos-skill-fuster-quotes.openvoiceos:who.intent,wie was joan fuster echt
de,ovos-skill-fuster-quotes.openvoiceos:who.intent,wer war joan fuster wirklich
ca,ovos-skill-fuster-quotes.openvoiceos:who.intent,que era fuster
ca,ovos-skill-fuster-quotes.openvoiceos:who.intent,que era joan fuster
ca,ovos-skill-fuster-quotes.openvoiceos:who.intent,que fou fuster
ca,ovos-skill-fuster-quotes.openvoiceos:who.intent,que fou joan fuster
ca,ovos-skill-fuster-quotes.openvoiceos:who.intent,que va ser fuster
ca,ovos-skill-fuster-quotes.openvoiceos:who.intent,que va ser joan fuster
ca,ovos-skill-fuster-quotes.openvoiceos:who.intent,qui és fuster
ca,ovos-skill-fuster-quotes.openvoiceos:who.intent,qui és joan fuster
de,ovos-skill-diagnostics.openvoiceos:query_ovos_location.intent,wie ist deine lokation
pt,ovos-skill-diagnostics.openvoiceos:query_ovos_location.intent,diga-me a sua localização
pt,ovos-skill-diagnostics.openvoiceos:query_ovos_location.intent,onde estás
gl,ovos-skill-diagnostics.openvoiceos:query_ovos_location.intent,cal é a túa localización
de,ovos-skill-diagnostics.openvoiceos:query_ovos_location.intent,sag mir deinen standort
de,ovos-skill-diagnostics.openvoiceos:query_ovos_location.intent,wo bist du
en,ovos-skill-diagnostics.openvoiceos:query_ovos_location.intent,what is your current location
en,ovos-skill-diagnostics.openvoiceos:query_ovos_location.intent,where are you
es,ovos-skill-diagnostics.openvoiceos:query_ovos_location.intent,dime tu ubicación
ca,ovos-skill-diagnostics.openvoiceos:query_ovos_location.intent,on ets ara
ca,ovos-skill-diagnostics.openvoiceos:query_ovos_location.intent,quina és la teva ubicació actual
fr,ovos-skill-diagnostics.openvoiceos:query_ovos_location.intent,dis-moi ta localisation
it,ovos-skill-diagnostics.openvoiceos:query_ovos_location.intent,dove sei adesso
nl,ovos-skill-diagnostics.openvoiceos:query_ovos_location.intent,waar ben je nu
ca,ovos-skill-diagnostics.openvoiceos:query_ovos_location.intent,digue'm  geolocalitzacó
ca,ovos-skill-diagnostics.openvoiceos:query_ovos_location.intent,digues  localització
da,ovos-skill-diagnostics.openvoiceos:query_ovos_location.intent,fortæl mig din placering
it,ovos-skill-diagnostics.openvoiceos:query_ovos_location.intent,qual è la tua posizione attuale
ca,ovos-skill-diagnostics.openvoiceos:query_ovos_location.intent,dis-me sa teua posició
it,ovos-skill-diagnostics.openvoiceos:query_ovos_location.intent,puoi dirmi dove ti trovi
de,ovos-skill-diagnostics.openvoiceos:query_ovos_location.intent,was ist dein aktueller standort
nl,ovos-skill-diagnostics.openvoiceos:query_ovos_location.intent,wat is je huidige locatie
fr,ovos-skill-diagnostics.openvoiceos:query_ovos_location.intent,où es-tu maintenant
ca,ovos-skill-diagnostics.openvoiceos:query_ovos_location.intent,quina és sa teua geolocalització ara mateix
eu,ovos-skill-diagnostics.openvoiceos:query_ovos_location.intent,cuál es su ubicación actual
de,ovos-skill-diagnostics.openvoiceos:query_memory_usage.intent,speicherdiagnose
ca,ovos-skill-diagnostics.openvoiceos:query_memory_usage.intent,diagnòstic de memòria
ca,ovos-skill-diagnostics.openvoiceos:query_memory_usage.intent,quanta ram estàs utilitzant
es,ovos-skill-diagnostics.openvoiceos:query_memory_usage.intent,cuánta memoria tienes disponible
fr,ovos-skill-diagnostics.openvoiceos:query_memory_usage.intent,comment va ta mémoire
de,ovos-skill-diagnostics.openvoiceos:query_memory_usage.intent,was ist dein aktueller speicherstatus
de,ovos-skill-diagnostics.openvoiceos:query_memory_usage.intent,wie steht es um deinen speicher
nl,ovos-skill-diagnostics.openvoiceos:query_memory_usage.intent,geheugen diagnose
nl,ovos-skill-diagnostics.openvoiceos:query_memory_usage.intent,huidig geheugengebruik
pt,ovos-skill-diagnostics.openvoiceos:query_memory_usage.intent,estado atual da memória
en,ovos-skill-diagnostics.openvoiceos:query_memory_usage.intent,current memory usage
de,ovos-skill-diagnostics.openvoiceos:query_memory_usage.intent,aktuelle speichernutzung
da,ovos-skill-diagnostics.openvoiceos:query_memory_usage.intent,fortæl mig din hukommelsesstatus
da,ovos-skill-diagnostics.openvoiceos:query_memory_usage.intent,hukommelsesdiagnostik
da,ovos-skill-diagnostics.openvoiceos:query_memory_usage.intent,hvad er dit hukommelsesforbrug
ca,ovos-skill-diagnostics.openvoiceos:query_memory_usage.intent,com està la teva memòria
en,ovos-skill-diagnostics.openvoiceos:query_memory_usage.intent,how much ram are you using
it,ovos-skill-diagnostics.openvoiceos:query_memory_usage.intent,qual è il tuo utilizzo di memoria
da,ovos-skill-diagnostics.openvoiceos:query_memory_usage.intent,hvor meget ram bruger du
it,ovos-skill-diagnostics.openvoiceos:query_memory_usage.intent,dimmi lo stato della tua memoria
fr,ovos-skill-diagnostics.openvoiceos:query_memory_usage.intent,combien de ram utilises-tu
gl,ovos-skill-diagnostics.openvoiceos:query_memory_usage.intent,canta memoria tes dispoñible
nl,ovos-skill-diagnostics.openvoiceos:query_memory_usage.intent,hoeveel ram gebruik je
gl,ovos-skill-diagnostics.openvoiceos:query_memory_usage.intent,canto ram estás a usar
it,ovos-skill-diagnostics.openvoiceos:query_memory_usage.intent,quanta memoria hai disponibile
en,ovos-skill-date-time.openvoiceos:what.date.is.it.intent,tell me today’s date
en,ovos-skill-date-time.openvoiceos:what.date.is.it.intent,what is today’s date
en,ovos-skill-date-time.openvoiceos:what.date.is.it.intent,what's today's date
eu,ovos-skill-randomness.openvoiceos:roll-single-die.intent,bota dadoa
en,ovos-skill-randomness.openvoiceos:roll-single-die.intent,roll one die
gl,ovos-skill-randomness.openvoiceos:roll-single-die.intent,lanza  dado
pt,ovos-skill-randomness.openvoiceos:roll-single-die.intent,rolar lançar dados
en,ovos-skill-randomness.openvoiceos:roll-single-die.intent,roll a dice for me
pt,ovos-skill-randomness.openvoiceos:roll-single-die.intent,lança um dado para mim
en,ovos-skill-randomness.openvoiceos:roll-single-die.intent,throw a {faces} sided die
pt,ovos-skill-randomness.openvoiceos:roll-single-die.intent,lançar um dado com {faces} faces
en,ovos-skill-randomness.openvoiceos:roll-single-die.intent,roll a die with {faces} sides
en,ovos-skill-randomness.openvoiceos:roll-single-die.intent,can you roll a die
gl,ovos-skill-randomness.openvoiceos:roll-single-die.intent,lanza dados de {faces} caras
pt,ovos-skill-randomness.openvoiceos:roll-single-die.intent,podes lançar um dado
en,ovos-skill-randomness.openvoiceos:roll-single-die.intent,roll a {faces} sided dice
en,ovos-skill-randomness.openvoiceos:roll-single-die.intent,roll me a die
pt,ovos-skill-randomness.openvoiceos:roll-single-die.intent,rolar [dado]
pt,ovos-skill-randomness.openvoiceos:roll-single-die.intent,lança-me um dado
en,ovos-skill-randomness.openvoiceos:roll-single-die.intent,roll  die
en,ovos-skill-randomness.openvoiceos:roll-single-die.intent,roll a dice
gl,ovos-skill-randomness.openvoiceos:roll-single-die.intent,lanza un dado de {faces} caras
pt,ovos-skill-randomness.openvoiceos:roll-single-die.intent,lançar um dado de {faces} faces
gl,ovos-skill-randomness.openvoiceos:roll-single-die.intent,lanza un dado
en,ovos-skill-randomness.openvoiceos:roll-single-die.intent,roll a {faces} sided die
en,ovos-skill-randomness.openvoiceos:roll-single-die.intent,throw a die
pt,ovos-skill-randomness.openvoiceos:roll-single-die.intent,lançar um dado
eu,ovos-skill-randomness.openvoiceos:roll-single-die.intent,bota {faces} aldeko dadoa
en,ovos-skill-randomness.openvoiceos:roll-multiple-dice.intent,throw {number} dice
pt,ovos-skill-randomness.openvoiceos:roll-multiple-dice.intent,lança {número} d{faces}
pt,ovos-skill-randomness.openvoiceos:roll-multiple-dice.intent,consegue lançar {number} dados
eu,ovos-skill-randomness.openvoiceos:roll-multiple-dice.intent,bota {number} dado
en,ovos-skill-randomness.openvoiceos:roll-multiple-dice.intent,roll {number} die
gl,ovos-skill-randomness.openvoiceos:roll-multiple-dice.intent,lanza {number} de {faces}
en,ovos-skill-randomness.openvoiceos:roll-multiple-dice.intent,can you roll {number} dice
en,ovos-skill-randomness.openvoiceos:roll-multiple-dice.intent,roll {number} dice with {faces} sides
pt,ovos-skill-randomness.openvoiceos:roll-multiple-dice.intent,lança-me {number} dados
pt,ovos-skill-randomness.openvoiceos:roll-multiple-dice.intent,lançar {número} dado
en,ovos-skill-randomness.openvoiceos:roll-multiple-dice.intent,roll {number} {faces} sided dice
pt,ovos-skill-randomness.openvoiceos:roll-multiple-dice.intent,lança {number} dados com {faces} faces
pt,ovos-skill-randomness.openvoiceos:roll-multiple-dice.intent,dado de {número} {faces} lados
gl,ovos-skill-randomness.openvoiceos:roll-multiple-dice.intent,lanza {number} dado
en,ovos-skill-randomness.openvoiceos:roll-multiple-dice.intent,roll me {number} dice
en,ovos-skill-randomness.openvoiceos:roll-multiple-dice.intent,roll {number} d{faces}
pt,ovos-skill-randomness.openvoiceos:roll-multiple-dice.intent,lança {number} dados de {faces} lados
gl,ovos-skill-randomness.openvoiceos:roll-multiple-dice.intent,lanza {number} dados
en,ovos-skill-randomness.openvoiceos:roll-multiple-dice.intent,roll {number} dice of {faces} sides
gl,ovos-skill-randomness.openvoiceos:roll-multiple-dice.intent,lanza {number} dado de {faces} caras
en,ovos-skill-randomness.openvoiceos:roll-multiple-dice.intent,roll {number} dice
eu,ovos-skill-randomness.openvoiceos:roll-multiple-dice.intent,bota {faces} aldeko {number} dado
eu,ovos-skill-randomness.openvoiceos:roll-multiple-dice.intent,bota {number} d {faces}
pt,ovos-skill-randomness.openvoiceos:roll-multiple-dice.intent,lançar {number} dados
en,ovos-skill-randomness.openvoiceos:roll-multiple-dice.intent,roll {number} {faces} sided die
en,ovos-skill-randomness.openvoiceos:pick-a-number.intent,give me a number from {lower} to {upper}
en,ovos-skill-randomness.openvoiceos:pick-a-number.intent,pick a number from {lower} to {upper}
en,ovos-skill-randomness.openvoiceos:pick-a-number.intent,choose a number in the range {lower} to {upper}
en,ovos-skill-randomness.openvoiceos:pick-a-number.intent,can you pick a number between {lower} and {upper}
en,ovos-skill-randomness.openvoiceos:pick-a-number.intent,select a number from {lower} to {upper}
en,ovos-skill-randomness.openvoiceos:pick-a-number.intent,choose a number between {lower} and {upper}
en,ovos-skill-randomness.openvoiceos:pick-a-number.intent,pick a number between {lower} and {upper}
en,ovos-skill-randomness.openvoiceos:pick-a-number.intent,select a number between {lower} and {upper}
eu,ovos-skill-randomness.openvoiceos:pick-a-number.intent,aukeratu {lower} eta {upper} arteko zenbaki bat
eu,ovos-skill-randomness.openvoiceos:pick-a-number.intent,hautatu {lower} eta {upper} arteko zenbaki bat
gl,ovos-skill-randomness.openvoiceos:pick-a-number.intent,elixe un número entre {lower} e {upper}
gl,ovos-skill-randomness.openvoiceos:pick-a-number.intent,escolle un número entre {lower} e {upper}
gl,ovos-skill-randomness.openvoiceos:pick-a-number.intent,selecciona un número entre {lower} e {upper}
pt,ovos-skill-randomness.openvoiceos:pick-a-number.intent,seleccione um número de {lower} a {upper}
pt,ovos-skill-randomness.openvoiceos:pick-a-number.intent,escolha um número entre {lower} e {upper}
pt,ovos-skill-randomness.openvoiceos:pick-a-number.intent,escolha um número no intervalo {lower} a {upper}
pt,ovos-skill-randomness.openvoiceos:pick-a-number.intent,pode escolher um número entre {lower} e {upper}
pt,ovos-skill-randomness.openvoiceos:pick-a-number.intent,escolha um número de {lower} a {upper}
pt,ovos-skill-randomness.openvoiceos:pick-a-number.intent,dê-me um número de {lower} a {upper}
pt,ovos-skill-randomness.openvoiceos:pick-a-number.intent,selecione um número entre {lower} e {upper}
pt,ovos-skill-randomness.openvoiceos:fortune-teller.intent,leia a minha sorte
en,ovos-skill-randomness.openvoiceos:fortune-teller.intent,what's my fortune
en,ovos-skill-randomness.openvoiceos:fortune-teller.intent,tell me a future
eu,ovos-skill-randomness.openvoiceos:fortune-teller.intent,esadazu etorkizuna
gl,ovos-skill-randomness.openvoiceos:fortune-teller.intent,dime a miña fortuna
pt,ovos-skill-randomness.openvoiceos:fortune-teller.intent,o que o futuro reserva
pt,ovos-skill-randomness.openvoiceos:fortune-teller.intent,diz-me uma previsão do futuro
pt,ovos-skill-randomness.openvoiceos:fortune-teller.intent,prever o meu futuro
pt,ovos-skill-randomness.openvoiceos:fortune-teller.intent,diga-me um futuro
gl,ovos-skill-randomness.openvoiceos:fortune-teller.intent,dime un futuro
en,ovos-skill-randomness.openvoiceos:fortune-teller.intent,give me a fortune
en,ovos-skill-randomness.openvoiceos:fortune-teller.intent,what does the future hold
pt,ovos-skill-randomness.openvoiceos:fortune-teller.intent,qual é a minha fortuna
en,ovos-skill-randomness.openvoiceos:fortune-teller.intent,tell me what will happen
pt,ovos-skill-randomness.openvoiceos:fortune-teller.intent,diga-me o que vai acontecer
en,ovos-skill-randomness.openvoiceos:fortune-teller.intent,predict my future
pt,ovos-skill-randomness.openvoiceos:fortune-teller.intent,dá-me uma fortuna
eu,ovos-skill-randomness.openvoiceos:fortune-teller.intent,esadazu nire patua
pt,ovos-skill-randomness.openvoiceos:fortune-teller.intent,diz-me a sorte
en,ovos-skill-randomness.openvoiceos:fortune-teller.intent,tell me the fortune
pt,ovos-skill-randomness.openvoiceos:fortune-teller.intent,ler o meu futuro
pt,ovos-skill-randomness.openvoiceos:fortune-teller.intent,diz-me o meu futuro
en,ovos-skill-randomness.openvoiceos:fortune-teller.intent,read my future
gl,ovos-skill-randomness.openvoiceos:fortune-teller.intent,dime o meu fortuna
en,ovos-skill-randomness.openvoiceos:fortune-teller.intent,tell me my fortune
en,ovos-skill-randomness.openvoiceos:make-a-choice.intent,i need help choosing
en,ovos-skill-randomness.openvoiceos:make-a-choice.intent,can you help me decide
en,ovos-skill-randomness.openvoiceos:make-a-choice.intent,make a decision for me
en,ovos-skill-randomness.openvoiceos:make-a-choice.intent,choose for me
en,ovos-skill-randomness.openvoiceos:make-a-choice.intent,i can’t decide help me
en,ovos-skill-randomness.openvoiceos:make-a-choice.intent,help me decide something
en,ovos-skill-randomness.openvoiceos:make-a-choice.intent,help me make a choice
eu,ovos-skill-randomness.openvoiceos:make-a-choice.intent,lagun iezadazu aukera bat hautatzen
eu,ovos-skill-randomness.openvoiceos:make-a-choice.intent,lagun iezadazu erabaki bat hartzen
gl,ovos-skill-randomness.openvoiceos:make-a-choice.intent,axúdame a decidir algo
gl,ovos-skill-randomness.openvoiceos:make-a-choice.intent,axúdame a facer unha escolla
pt,ovos-skill-randomness.openvoiceos:make-a-choice.intent,preciso de ajuda a escolher
pt,ovos-skill-randomness.openvoiceos:make-a-choice.intent,ajudar-me a decidir algo
pt,ovos-skill-randomness.openvoiceos:make-a-choice.intent,ajuda-me a fazer uma escolha
pt,ovos-skill-randomness.openvoiceos:make-a-choice.intent,escolha para mim
pt,ovos-skill-randomness.openvoiceos:make-a-choice.intent,tome uma decisão por mim
pt,ovos-skill-randomness.openvoiceos:make-a-choice.intent,não consigo decidir ajuda-me
pt,ovos-skill-randomness.openvoiceos:make-a-choice.intent,preciso de ajuda para escolher
pt,ovos-skill-randomness.openvoiceos:make-a-choice.intent,pode ajudar-me a decidir
nl,ovos-skill-wikipedia.openvoiceos:wiki.intent,kun je opzoeken wat matcha is?
es,ovos-skill-wikipedia.openvoiceos:wiki.intent,busca en wikipedia sobre la fotosíntesis
en,ovos-skill-wikipedia.openvoiceos:wiki.intent,can you find {query} on wiki
eu,ovos-skill-wikipedia.openvoiceos:wiki.intent,zer dio wikipediak honi buruz: {query}?
fr,ovos-skill-wikipedia.openvoiceos:wiki.intent,vérifie sur wikipédia au sujet de {query}
de,ovos-skill-wikipedia.openvoiceos:wiki.intent,erzähl uns von {query}
eu,ovos-skill-wikipedia.openvoiceos:wiki.intent,egiaztatu wikipedian {query}
ca,ovos-skill-wikipedia.openvoiceos:wiki.intent,viqui qui era {query}
en,ovos-skill-wikipedia.openvoiceos:wiki.intent,tell me what wikipedia says about the great wall of china
nl,ovos-skill-wikipedia.openvoiceos:wiki.intent,zoek een wikipedia-artikel over verschillende religies in india
de,ovos-skill-wikipedia.openvoiceos:wiki.intent,wkipedia {query}
de,ovos-skill-wikipedia.openvoiceos:wiki.intent,schaue auf wikipedia den zweiten weltkrieg nach
it,ovos-skill-wikipedia.openvoiceos:wiki.intent,ricerca su wikipedia della storia romana
de,ovos-skill-wikipedia.openvoiceos:wiki.intent,was ist der wikipedia eintrag für {query}
da,ovos-skill-wikipedia.openvoiceos:wiki.intent,søg på wikipedia om vikingerne
en,ovos-skill-wikipedia.openvoiceos:wiki.intent,search wikipedia for string theory
eu,ovos-skill-wikipedia.openvoiceos:wiki.intent,bilatu wikipedia-n mendebaldeko kultura
pt,ovos-skill-wikipedia.openvoiceos:wiki.intent,qual é a entrada do wiki para {query}
pt,ovos-skill-wikipedia.openvoiceos:wiki.intent,poderia buscar {query} em wiki
ca,ovos-skill-wikipedia.openvoiceos:wiki.intent,viquipèdia {query}
pt,ovos-skill-wikipedia.openvoiceos:wiki.intent,pesquisar no wikipedia {query}
pt,ovos-skill-wikipedia.openvoiceos:wiki.intent,pesquise na wiki por detalhes sobre {query}
fr,ovos-skill-wikipedia.openvoiceos:wiki.intent,vérifier wiki pour {query}
ca,ovos-skill-wikipedia.openvoiceos:wiki.intent,troba'm un article a la wikipèdia sobre les diferents religions a l'índia
ca,ovos-skill-wikipedia.openvoiceos:wiki.intent,digue'm què és {query} segons la wiki
en,ovos-skill-ddg.openvoiceos:search_duck.intent,look this up on duckduckgo. best electric cars
en,ovos-skill-ddg.openvoiceos:search_duck.intent,ask the duck duck about {query}
es,ovos-skill-ddg.openvoiceos:search_duck.intent,qué dice el pato del pato sobre {query}
de,ovos-skill-ddg.openvoiceos:search_duck.intent,was sagt die ente über {query}
ca,ovos-skill-ddg.openvoiceos:search_duck.intent,què diu es de de ge de {query}
ca,ovos-skill-ddg.openvoiceos:search_duck.intent,consulta al ddg {query}
fr,ovos-skill-ddg.openvoiceos:search_duck.intent,cherche sur duckduckgo les lois sur la vie privée en europe
ca,ovos-skill-ddg.openvoiceos:search_duck.intent,demana a l'ànec {query}
en,ovos-skill-ddg.openvoiceos:search_duck.intent,find duckduckgo results for open source email clients
de,ovos-skill-ddg.openvoiceos:search_duck.intent,suche auf duckduckgo nach den datenschutzgesetzen in europa
pt,ovos-skill-ddg.openvoiceos:search_duck.intent,pesquise no duckduckgo {query}
eu,ovos-skill-ddg.openvoiceos:search_duck.intent,zer dio duck duck go bilatzaileak honi buruz {query}
en,ovos-skill-ddg.openvoiceos:search_duck.intent,can you search duckduckgo for vegan protein sources?
da,ovos-skill-ddg.openvoiceos:search_duck.intent,hvad siger duck duck om {query}
en,ovos-skill-ddg.openvoiceos:search_duck.intent,check duckduckgo for the latest iphone reviews
pt,ovos-skill-ddg.openvoiceos:search_duck.intent,o que é que o duck duck go diz sobre {query}
gl,ovos-skill-ddg.openvoiceos:search_duck.intent,preguntar a duck duck por {query}
en,ovos-skill-ddg.openvoiceos:search_duck.intent,use duckduckgo to find coffee brewing methods
gl,ovos-skill-ddg.openvoiceos:search_duck.intent,procurar en duck duck {query}
eu,ovos-skill-ddg.openvoiceos:search_duck.intent,bilatu duck duck bilatzailean {query}
da,ovos-skill-ddg.openvoiceos:search_duck.intent,søg duck duck efter {query}
en,ovos-skill-ddg.openvoiceos:search_duck.intent,search duckduckgo for top tourist attractions in tokyo
fr,ovos-skill-ddg.openvoiceos:search_duck.intent,demande à duck duck à propos de {query}
de,ovos-skill-ddg.openvoiceos:search_duck.intent,frage duck duck nach {query}
es,ovos-skill-ddg.openvoiceos:search_duck.intent,búsqueda de pato para {query}
fr,ovos-skill-wolfie.openvoiceos:search_wolfie.intent,demande au loup
es,ovos-skill-wolfie.openvoiceos:search_wolfie.intent,pregunta en wolfram alpha la población de méxico
en,ovos-skill-wolfie.openvoiceos:search_wolfie.intent,ask the wolf {query}
eu,ovos-skill-wolfie.openvoiceos:search_wolfie.intent,zer dio wolfram bilatzaileak honi buruz: {query}?
da,ovos-skill-wolfie.openvoiceos:search_wolfie.intent,hvad siger ulven om {query}
es,ovos-skill-wolfie.openvoiceos:search_wolfie.intent,buscar al lobo para {query}
ca,ovos-skill-wolfie.openvoiceos:search_wolfie.intent,què diu es llop sobre {query}
it,ovos-skill-wolfie.openvoiceos:search_wolfie.intent,ri sul lupo su gli {query}
en,ovos-skill-wolfie.openvoiceos:search_wolfie.intent,what does wolfram say about {query}
en,ovos-skill-wolfie.openvoiceos:search_wolfie.intent,use wolfram alpha to calculate pi to 100 digits
de,ovos-skill-wolfie.openvoiceos:search_wolfie.intent,was sagt wolfram über {query}
en,ovos-skill-wolfie.openvoiceos:search_wolfie.intent,search wolfram alpha for air pressure at sea level
de,ovos-skill-wolfie.openvoiceos:search_wolfie.intent,frage wolfram alpha nach der bevölkerung von deutschland
pt,ovos-skill-wolfie.openvoiceos:search_wolfie.intent,pesquise no wolfram alpha a temperatura em tokyo
da,ovos-skill-wolfie.openvoiceos:search_wolfie.intent,søg i wolfram efter {query}
fr,ovos-skill-wolfie.openvoiceos:search_wolfie.intent,que dit le wolfram alpha sur {query}
eu,ovos-skill-wolfie.openvoiceos:search_wolfie.intent,bilatu wolfram bilatzailean {query}
ca,ovos-skill-wolfie.openvoiceos:search_wolfie.intent,busca a wolfram alfa {query}
it,ovos-skill-wolfie.openvoiceos:search_wolfie.intent,che cosa dice wolfram degli {query}
fr,ovos-skill-wolfie.openvoiceos:search_wolfie.intent,chercher wolfram alpha pour {query}
it,ovos-skill-wolfie.openvoiceos:search_wolfie.intent,chiedi a wolfram dei {query}
ca,ovos-skill-wolfie.openvoiceos:search_wolfie.intent,demana a wolfram  {query}
en,ovos-skill-wolfie.openvoiceos:search_wolfie.intent,query wolfram alpha for sunrise time in paris
it,ovos-skill-wolfie.openvoiceos:search_wolfie.intent,ricerca su wolfram alpha {query}
ca,ovos-skill-wolfie.openvoiceos:search_wolfie.intent,cerca a wolfram {query}
fr,ovos-skill-wikihow.openvoiceos:wikihow.intent,cherche sur wikihow comment faire un nœud de cravate
en,ovos-skill-wikihow.openvoiceos:wikihow.intent,explain step by step {query}
de,ovos-skill-wikihow.openvoiceos:wikihow.intent,erkläre schritt für schritt {query}
eu,ovos-skill-wikihow.openvoiceos:wikihow.intent,zer pentsatzen du wiki how-k honi buruz {query}?
da,ovos-skill-wikihow.openvoiceos:wikihow.intent,forklar trin for trin {query}
it,ovos-skill-wikihow.openvoiceos:wikihow.intent,mostra passo dopo passo {query}
eu,ovos-skill-wikihow.openvoiceos:wikihow.intent,nola egingo dut {query}?
eu,ovos-skill-wikihow.openvoiceos:wikihow.intent,azaldu urratsez urrats {query}
gl,ovos-skill-wikihow.openvoiceos:wikihow.intent,explica paso a paso {query}
da,ovos-skill-wikihow.openvoiceos:wikihow.intent,hvordan kan jeg {query}
de,ovos-skill-wikihow.openvoiceos:wikihow.intent,wie kann ich {query}
ca,ovos-skill-wikihow.openvoiceos:wikihow.intent,com es pot fer {query}
pt,ovos-skill-wikihow.openvoiceos:wikihow.intent,como é que faço para {query}
eu,ovos-skill-wikihow.openvoiceos:wikihow.intent,{query} egiteko urratsak
ca,ovos-skill-wikihow.openvoiceos:wikihow.intent,què diuwikihow sobre {query}
it,ovos-skill-wikihow.openvoiceos:wikihow.intent,come poter fare a {query}
en,ovos-skill-wikihow.openvoiceos:wikihow.intent,find instructions on wikihow to fix a leaky faucet
it,ovos-skill-wikihow.openvoiceos:wikihow.intent,passaggi per {query}
es,ovos-skill-wikihow.openvoiceos:wikihow.intent,consulta en wikihow cómo atar una corbata
en,ovos-skill-wikihow.openvoiceos:wikihow.intent,what does wikihow say about {query}
pt,ovos-skill-wikihow.openvoiceos:wikihow.intent,pesquise no wikihow por {query}
de,ovos-skill-wikihow.openvoiceos:wikihow.intent,was sagt wikihow über {query}
de,ovos-skill-wikihow.openvoiceos:wikihow.intent,suche in wikihow nach {query}
da,ovos-skill-wikihow.openvoiceos:wikihow.intent,hvad gør wikihow om {query}
en,ovos-skill-wikihow.openvoiceos:wikihow.intent,how can i {query}
en,ovos-skill-wordnet.openvoiceos:search_wordnet.intent,use wordnet to define 'ambiguous'
en,ovos-skill-wordnet.openvoiceos:search_wordnet.intent,ask word net about {query}
ca,ovos-skill-wordnet.openvoiceos:search_wordnet.intent,què diu sa xarxa de motsd' {query}
ca,ovos-skill-wordnet.openvoiceos:search_wordnet.intent,cerca en el tesaure {query}
en,ovos-skill-wordnet.openvoiceos:search_wordnet.intent,find the meaning of 'serendipity' in wordnet
eu,ovos-skill-wordnet.openvoiceos:search_wordnet.intent,zer dio wordnet datu-baseak honi buruz {query}
pt,ovos-skill-wordnet.openvoiceos:search_wordnet.intent,procure 'run' no wordnet
it,ovos-skill-wordnet.openvoiceos:search_wordnet.intent,che cosa dice wordnet su {query}
fr,ovos-skill-wordnet.openvoiceos:search_wordnet.intent,ce que dit wordnet sur {query}
de,ovos-skill-wordnet.openvoiceos:search_wordnet.intent,suche im wordnet nach {query}
de,ovos-skill-wordnet.openvoiceos:search_wordnet.intent,was sagt wordnet über {query}
da,ovos-skill-wordnet.openvoiceos:search_wordnet.intent,hvad siger wordnet om {query}
da,ovos-skill-wordnet.openvoiceos:search_wordnet.intent,søg i wordnet efter {query}
ca,ovos-skill-wordnet.openvoiceos:search_wordnet.intent,demana al diccionari de sinònims sobre {query}
it,ovos-skill-wordnet.openvoiceos:search_wordnet.intent,parola di ricerca net per {query}
fr,ovos-skill-wordnet.openvoiceos:search_wordnet.intent,chercher wordnet pour {query}
en,ovos-skill-wordnet.openvoiceos:search_wordnet.intent,search wordnet for {query}
fr,ovos-skill-wordnet.openvoiceos:search_wordnet.intent,demandez à wordnet de {query}
gl,ovos-skill-wordnet.openvoiceos:search_wordnet.intent,preguntar a wordnet sobre {query}
en,ovos-skill-wordnet.openvoiceos:search_wordnet.intent,look up 'explore' in wordnet
fr,ovos-skill-wordnet.openvoiceos:search_wordnet.intent,posez un mot net sur {query}
ca,ovos-skill-wordnet.openvoiceos:search_wordnet.intent,busca en la xarxa de mots {query}
eu,ovos-skill-wordnet.openvoiceos:search_wordnet.intent,bilatu word net datu-basean {query}
ca,ovos-skill-wordnet.openvoiceos:search_wordnet.intent,què diu es tesaured' {query}
en,ovos-skill-wordnet.openvoiceos:search_wordnet.intent,what does wordnet say about {query}
en,ovos-skill-wordnet.openvoiceos:antonym.intent,look up antonyms for 'cold' in wordnet
en,ovos-skill-wordnet.openvoiceos:antonym.intent,what is a antonym of {query}
it,ovos-skill-wordnet.openvoiceos:antonym.intent,quali sono gli antoni di {query}
eu,ovos-skill-wordnet.openvoiceos:antonym.intent,zein da honen antonimo bat {query}
de,ovos-skill-wordnet.openvoiceos:antonym.intent,was ist das gegenteil von {query}
fr,ovos-skill-wordnet.openvoiceos:antonym.intent,quels sont les antonymes de {query}
da,ovos-skill-wordnet.openvoiceos:antonym.intent,hvad er antonymerne til {query}
fr,ovos-skill-wordnet.openvoiceos:antonym.intent,ce qui est un antonyme de {query}
es,ovos-skill-wordnet.openvoiceos:antonym.intent,¿cuáles son los antónimos de {query}?
es,ovos-skill-wordnet.openvoiceos:antonym.intent,¿cuál es el antónimo de {query}?
ca,ovos-skill-wordnet.openvoiceos:antonym.intent,quins són els antònims de {query}
pt,ovos-skill-wordnet.openvoiceos:antonym.intent,qual é um antônimo de {query}
ca,ovos-skill-wordnet.openvoiceos:antonym.intent,quin és antònim de {query}
ca,ovos-skill-wordnet.openvoiceos:antonym.intent,vull saber antònim de {query}
ca,ovos-skill-wordnet.openvoiceos:antonym.intent,digues-me un antònim de {query}
it,ovos-skill-wordnet.openvoiceos:antonym.intent,che cosa è un antonym di {query}
ca,ovos-skill-wordnet.openvoiceos:antonym.intent,digue'm antònim de {query}
pt,ovos-skill-wordnet.openvoiceos:antonym.intent,quais são os antónimos de {query}
gl,ovos-skill-wordnet.openvoiceos:antonym.intent,que é un antónimo de {query}
it,ovos-skill-wordnet.openvoiceos:antonym.intent,qual è l'anonimo di {query}
ca,ovos-skill-wordnet.openvoiceos:antonym.intent,dona antònim de {query}
ca,ovos-skill-wordnet.openvoiceos:antonym.intent,dóna antònim de {query}
ca,ovos-skill-wordnet.openvoiceos:antonym.intent,indica antònim de {query}
gl,ovos-skill-wordnet.openvoiceos:antonym.intent,cal é o antónimo de {query}
eu,ovos-skill-wordnet.openvoiceos:antonym.intent,zein dira honen antonimoak {query}
pt,ovos-skill-wordnet.openvoiceos:hypernym.intent,"pesquisar no wordnet palavras relacionadas a ""brilhante"
en,ovos-skill-wordnet.openvoiceos:hypernym.intent,what are the hypernyms of {query}
da,ovos-skill-wordnet.openvoiceos:hypernym.intent,hvad er hypernym af {forespørgsel}
it,ovos-skill-wordnet.openvoiceos:hypernym.intent,quali sono gli ipernimi di {query}
eu,ovos-skill-wordnet.openvoiceos:hypernym.intent,zein da honen holonimo bat {query}
de,ovos-skill-wordnet.openvoiceos:hypernym.intent,was ist der oberbegriff für {query}
fr,ovos-skill-wordnet.openvoiceos:hypernym.intent,quels sont les hypernymes de {query}
fr,ovos-skill-wordnet.openvoiceos:hypernym.intent,ce qui est un hypernyme de {query}
es,ovos-skill-wordnet.openvoiceos:hypernym.intent,¿cuáles son los hiperónimos de {query}?
ca,ovos-skill-wordnet.openvoiceos:hypernym.intent,quins són els hiperònims de {query}
pt,ovos-skill-wordnet.openvoiceos:hypernym.intent,o que é um hiperónimo de {query}
pt,ovos-skill-wordnet.openvoiceos:hypernym.intent,qual é o hiperônimo de {query}
ca,ovos-skill-wordnet.openvoiceos:hypernym.intent,quin és el hiperònim de {query}
ca,ovos-skill-wordnet.openvoiceos:hypernym.intent,vull saber es sinònim de {query}
en,ovos-skill-wordnet.openvoiceos:hypernym.intent,search wordnet for related words to 'bright'
ca,ovos-skill-wordnet.openvoiceos:hypernym.intent,digues-me un hiperònim de {query}
it,ovos-skill-wordnet.openvoiceos:hypernym.intent,che cosa è un ipernimo di {query}
ca,ovos-skill-wordnet.openvoiceos:hypernym.intent,digue'm els sinònims de {query}
pt,ovos-skill-wordnet.openvoiceos:hypernym.intent,quais são os hiperónimos de {query}
ca,ovos-skill-wordnet.openvoiceos:hypernym.intent,dona l'sinònim de {query}
ca,ovos-skill-wordnet.openvoiceos:hypernym.intent,dóna l'hiperònim de {query}
es,ovos-skill-wordnet.openvoiceos:hypernym.intent,¿cuál es el hiperónimo de {query}?
en,ovos-skill-wordnet.openvoiceos:hypernym.intent,use wordnet to get hypernyms of 'dog'
ca,ovos-skill-wordnet.openvoiceos:hypernym.intent,què és un sinònim de {query}
ca,ovos-skill-wordnet.openvoiceos:hypernym.intent,indica el sinònim de {query}
en,ovos-skill-wordnet.openvoiceos:hyponym.intent,search wordnet for hyponyms of 'vehicle'
pt,ovos-skill-wordnet.openvoiceos:hyponym.intent,qual é o hipônimo de {query}
it,ovos-skill-wordnet.openvoiceos:hyponym.intent,quali sono gli ionimi di {query}
eu,ovos-skill-wordnet.openvoiceos:hyponym.intent,zein da honen hiponimo bat {query}
de,ovos-skill-wordnet.openvoiceos:hyponym.intent,was ist eine unterkategorie von {query}
da,ovos-skill-wordnet.openvoiceos:hyponym.intent,hvad er et hyponym af {query}
fr,ovos-skill-wordnet.openvoiceos:hyponym.intent,qu'est-ce qu'un hyponyme de {query}
es,ovos-skill-wordnet.openvoiceos:hyponym.intent,¿cuáles son los hipónimos de {query}?
pt,ovos-skill-wordnet.openvoiceos:hyponym.intent,o que é um hiponímico de {query}
es,ovos-skill-wordnet.openvoiceos:hyponym.intent,¿cuál es el hipónimo de {query}?
ca,ovos-skill-wordnet.openvoiceos:hyponym.intent,quin és els termes més especialitzats de {query}
ca,ovos-skill-wordnet.openvoiceos:hyponym.intent,vull saber l'hipònims de {query}
ca,ovos-skill-wordnet.openvoiceos:hyponym.intent,digues-me l'hipònim de {query}
ca,ovos-skill-wordnet.openvoiceos:hyponym.intent,digue'm l'terme més especialitzat de {query}
it,ovos-skill-wordnet.openvoiceos:hyponym.intent,che cosa è un iponimo di {query}
fr,ovos-skill-wordnet.openvoiceos:hyponym.intent,ce sont les hyponymes de {query}
en,ovos-skill-wordnet.openvoiceos:hyponym.intent,what is the hyponym of {query}
ca,ovos-skill-wordnet.openvoiceos:hyponym.intent,dona es termes més específics de {query}
pt,ovos-skill-wordnet.openvoiceos:hyponym.intent,quais são os hipónimos de {query}
ca,ovos-skill-wordnet.openvoiceos:hyponym.intent,què és el hipònim de {query}
ca,ovos-skill-wordnet.openvoiceos:hyponym.intent,dóna un terme més específic de {query}
ca,ovos-skill-wordnet.openvoiceos:hyponym.intent,digues els hipònims de {query}
da,ovos-skill-wordnet.openvoiceos:hyponym.intent,hvad er hyponymet for {forespørgsel}
de,ovos-skill-wordnet.openvoiceos:hyponym.intent,was sind die unterkategorien von {query}
ca,ovos-skill-wordnet.openvoiceos:hyponym.intent,dóna es hipònim de {query}
it,ovos-skill-wordnet.openvoiceos:holonym.intent,quali sono gli oloni di {query}
de,ovos-skill-wordnet.openvoiceos:holonym.intent,was ist die übergeordnete kategorie von {query}
en,ovos-skill-wordnet.openvoiceos:holonym.intent,what are the holonyms of {query}
eu,ovos-skill-wordnet.openvoiceos:holonym.intent,zein da honen holonimo bat {query}
fr,ovos-skill-wordnet.openvoiceos:holonym.intent,quels sont les holonymes de {query}
da,ovos-skill-wordnet.openvoiceos:holonym.intent,hvad er et holonym til {query}
fr,ovos-skill-wordnet.openvoiceos:holonym.intent,ce qui est un holonyme de {query}
es,ovos-skill-wordnet.openvoiceos:holonym.intent,¿cuáles son los holónimos de {query}?
es,ovos-skill-wordnet.openvoiceos:holonym.intent,¿cuál es el holónimo de {query}?
ca,ovos-skill-wordnet.openvoiceos:holonym.intent,quins són els holònims de {query}
pt,ovos-skill-wordnet.openvoiceos:holonym.intent,qual é o holônimo de {query}
ca,ovos-skill-wordnet.openvoiceos:holonym.intent,quin és holònim de {query}
ca,ovos-skill-wordnet.openvoiceos:holonym.intent,vull saber holònim de {query}
ca,ovos-skill-wordnet.openvoiceos:holonym.intent,digues-me un holònim de {query}
it,ovos-skill-wordnet.openvoiceos:holonym.intent,che cosa è un omonimo di {query}
ca,ovos-skill-wordnet.openvoiceos:holonym.intent,digue'm holònim de {query}
pt,ovos-skill-wordnet.openvoiceos:holonym.intent,quais são os holónimos de {query}
gl,ovos-skill-wordnet.openvoiceos:holonym.intent,que é un holónimo de {query}
de,ovos-skill-wordnet.openvoiceos:holonym.intent,wovon ist {query} ein teil von
ca,ovos-skill-wordnet.openvoiceos:holonym.intent,dona holònim de {query}
ca,ovos-skill-wordnet.openvoiceos:holonym.intent,dóna holònim de {query}
ca,ovos-skill-wordnet.openvoiceos:holonym.intent,indica holònim de {query}
eu,ovos-skill-wordnet.openvoiceos:holonym.intent,zein dira honen holonimoak {query}
gl,ovos-skill-wordnet.openvoiceos:holonym.intent,cal é o holónimo de {query}
da,ovos-skill-wordnet.openvoiceos:holonym.intent,hvad er holonymerne for {query}
nl,ovos-skill-wordnet.openvoiceos:definition.intent,uitleg mobiel apparaat
da,ovos-skill-wordnet.openvoiceos:definition.intent,hvad er et celletårn
nl,ovos-skill-wordnet.openvoiceos:definition.intent,beschrijf een aardappel
en,ovos-skill-wordnet.openvoiceos:definition.intent,how do you describe a capabara
es,ovos-skill-wordnet.openvoiceos:definition.intent,donde puedo usar esta palabra
it,ovos-skill-wordnet.openvoiceos:definition.intent,per favore dammi la definizione di testuale
fr,ovos-skill-wordnet.openvoiceos:definition.intent,qu'est-ce qu'une banane
de,ovos-skill-wordnet.openvoiceos:definition.intent,was ist definition von diesem wor
es,ovos-skill-wordnet.openvoiceos:definition.intent,ok google que es un presidente
en,ovos-skill-wordnet.openvoiceos:definition.intent,what is rock
ca,ovos-skill-wordnet.openvoiceos:definition.intent,defineix forense si us plau
de,ovos-skill-wordnet.openvoiceos:definition.intent,definiere das wort absolut
nl,ovos-skill-wordnet.openvoiceos:definition.intent,wat betekent gespannen
pt,ovos-skill-wordnet.openvoiceos:definition.intent,tenta na wikipédia
da,ovos-skill-wordnet.openvoiceos:definition.intent,hvordan definere du tekstlige
it,ovos-skill-wordnet.openvoiceos:definition.intent,cercalo su wikipedia
nl,ovos-skill-wordnet.openvoiceos:definition.intent,waar kan ik dit woord gebruiken
de,ovos-skill-wordnet.openvoiceos:definition.intent,direktor der einen akt dirigiert
pt,ovos-skill-wordnet.openvoiceos:definition.intent,dê-me a definição da palavra acariciar
es,ovos-skill-wordnet.openvoiceos:definition.intent,dime una definición breve de evacuación
pt,ovos-skill-wordnet.openvoiceos:definition.intent,como seria o carro volkswagen golf
en,ovos-skill-wordnet.openvoiceos:definition.intent,please defined about internet
ca,ovos-skill-wordnet.openvoiceos:definition.intent,què és immigrant
da,ovos-skill-wordnet.openvoiceos:definition.intent,definer lørdagskylling for mig
it,ovos-skill-wordnet.openvoiceos:definition.intent,trova il significato
es,ovos-skill-application-launcher.openvoiceos:close.intent,cerrar {aplicación}
en,ovos-skill-application-launcher.openvoiceos:close.intent,close {application}
gl,ovos-skill-application-launcher.openvoiceos:close.intent,saír de {application}
it,ovos-skill-application-launcher.openvoiceos:close.intent,esci da {application}
en,ovos-skill-application-launcher.openvoiceos:close.intent,exit {application}
en,ovos-skill-application-launcher.openvoiceos:close.intent,kill {application}
en,ovos-skill-application-launcher.openvoiceos:close.intent,quit {application}
en,ovos-skill-application-launcher.openvoiceos:close.intent,terminate {application}
es,ovos-skill-application-launcher.openvoiceos:close.intent,parar {application}
gl,ovos-skill-application-launcher.openvoiceos:close.intent,pechar {application}
gl,ovos-skill-application-launcher.openvoiceos:close.intent,rematar {application}
gl,ovos-skill-application-launcher.openvoiceos:close.intent,terminar {application}
nl,ovos-skill-application-launcher.openvoiceos:close.intent,sluit {application}
nl,ovos-skill-application-launcher.openvoiceos:close.intent,stop {application}
nl,ovos-skill-application-launcher.openvoiceos:close.intent,verlaat {application}
nl,ovos-skill-application-launcher.openvoiceos:close.intent,{application} beëindigen
nl,ovos-skill-application-launcher.openvoiceos:close.intent,{application} stoppen
de,ovos-skill-application-launcher.openvoiceos:close.intent,beende {application}
de,ovos-skill-application-launcher.openvoiceos:close.intent,schließe {application}
de,ovos-skill-application-launcher.openvoiceos:close.intent,{application} beenden
de,ovos-skill-application-launcher.openvoiceos:close.intent,{application} schließen
ca,ovos-skill-application-launcher.openvoiceos:close.intent,finalitza {application}
ca,ovos-skill-application-launcher.openvoiceos:close.intent,mata {application}
ca,ovos-skill-application-launcher.openvoiceos:close.intent,tanca {application}
ca,ovos-skill-application-launcher.openvoiceos:close.intent,termina {application}
es,ovos-skill-application-launcher.openvoiceos:launch.intent,ejecutar {aplicación}
en,ovos-skill-application-launcher.openvoiceos:launch.intent,launch {application}
eu,ovos-skill-application-launcher.openvoiceos:launch.intent,jarri martxan {application}
de,ovos-skill-application-launcher.openvoiceos:launch.intent,lasse {application} laufen
ca,ovos-skill-application-launcher.openvoiceos:launch.intent,executa el {application}
ca,ovos-skill-application-launcher.openvoiceos:launch.intent,inicia la {application}
ca,ovos-skill-application-launcher.openvoiceos:launch.intent,obre sa{application}
en,ovos-skill-application-launcher.openvoiceos:launch.intent,open {application}
en,ovos-skill-application-launcher.openvoiceos:launch.intent,run {application}
pt,ovos-skill-application-launcher.openvoiceos:launch.intent,abre {application}
pt,ovos-skill-application-launcher.openvoiceos:launch.intent,corre {application}
pt,ovos-skill-application-launcher.openvoiceos:launch.intent,correr {application}
pt,ovos-skill-application-launcher.openvoiceos:launch.intent,lança {application}
pt,ovos-skill-application-launcher.openvoiceos:launch.intent,lançar {application}
eu,ovos-skill-application-launcher.openvoiceos:launch.intent,abiarazi {application}
eu,ovos-skill-application-launcher.openvoiceos:launch.intent,ireki {application}
gl,ovos-skill-application-launcher.openvoiceos:launch.intent,executar {application}
nl,ovos-skill-application-launcher.openvoiceos:launch.intent,draai {application}
nl,ovos-skill-application-launcher.openvoiceos:launch.intent,start {application}
de,ovos-skill-application-launcher.openvoiceos:launch.intent,starte {application}
de,ovos-skill-application-launcher.openvoiceos:launch.intent,{application} starten
de,ovos-skill-application-launcher.openvoiceos:launch.intent,öffne {application}
it,ovos-skill-application-launcher.openvoiceos:launch.intent,apri {application}
it,ovos-skill-application-launcher.openvoiceos:launch.intent,avvia {application}
it,ovos-skill-application-launcher.openvoiceos:launch.intent,usa {application}
da,ovos-skill-camera.openvoiceos:have_camera.intent,virker kameraet
en,ovos-skill-camera.openvoiceos:have_camera.intent,can i use the camera
pt,ovos-skill-camera.openvoiceos:have_camera.intent,a câmara está a funcionar
eu,ovos-skill-camera.openvoiceos:have_camera.intent,¿funciona la cámara?
fr,ovos-skill-camera.openvoiceos:have_camera.intent,as-tu une caméra ?
de,ovos-skill-camera.openvoiceos:have_camera.intent,gibt es eine kamera
ca,ovos-skill-camera.openvoiceos:have_camera.intent,hi ha càmera?
de,ovos-skill-camera.openvoiceos:have_camera.intent,kannst du auf die kamera zugreifen
pt,ovos-skill-camera.openvoiceos:have_camera.intent,você pode aceder a câmara
da,ovos-skill-camera.openvoiceos:have_camera.intent,er der et kamera
pt,ovos-skill-camera.openvoiceos:have_camera.intent,há uma câmara disponível
fr,ovos-skill-camera.openvoiceos:have_camera.intent,est-ce que la caméra fonctionne
gl,ovos-skill-camera.openvoiceos:have_camera.intent,hai unha cámara dispoñible?
en,ovos-skill-camera.openvoiceos:have_camera.intent,do you have a camera
pt,ovos-skill-camera.openvoiceos:have_camera.intent,posso usar a câmara
eu,ovos-skill-camera.openvoiceos:have_camera.intent,¿hay una cámara disponible?
gl,ovos-skill-camera.openvoiceos:have_camera.intent,podes acceder á cámara?
en,ovos-skill-camera.openvoiceos:have_camera.intent,is a camera available
ca,ovos-skill-camera.openvoiceos:have_camera.intent,pots accedir a la càmera?
fr,ovos-skill-camera.openvoiceos:have_camera.intent,puis-je utiliser la caméra
da,ovos-skill-camera.openvoiceos:have_camera.intent,kan du få adgang til kameraet
de,ovos-skill-camera.openvoiceos:have_camera.intent,kann ich die kamera benutzen
ca,ovos-skill-camera.openvoiceos:have_camera.intent,tens càmera?
ca,ovos-skill-camera.openvoiceos:have_camera.intent,està funcionant la càmera?
gl,ovos-skill-camera.openvoiceos:have_camera.intent,podo usar a cámara?
en,ovos-skill-color-picker.krisgesling:request-color-by-hex.intent,what color has a hex code of {hex_code}
en,ovos-skill-color-picker.krisgesling:request-color-by-hex.intent,what colour has a hex code of {hex_code}
pt,ovos-skill-color-picker.krisgesling:request-color-by-hex.intent,qual cor tem um código hexadecimal de {hex_code}
pt,ovos-skill-color-picker.krisgesling:request-color-by-hex.intent,que cor tem um código hexadecimal de {hex_code}
eu,ovos-skill-color-picker.krisgesling:request-color-by-hex.intent,¿qué color tiene un código hexadecimal de {hex_code}?
de,ovos-skill-color-picker.krisgesling:request-color-by-hex.intent,welche farbe hat den hex-code {hex_code}
ca,ovos-skill-color-picker.krisgesling:request-color-by-hex.intent,quin color té codi hexadecimal de {hex_code}
ca,ovos-skill-color-picker.krisgesling:request-color-by-hex.intent,quin color té un codi hexadecimal de {hex_code}
it,ovos-skill-color-picker.krisgesling:request-color-by-hex.intent,a che colore corrisponde il valore esadecimale {hex_code}
da,ovos-skill-color-picker.krisgesling:request-color-by-hex.intent,hvad farve har en hex-kode på {hex_code}
en,ovos-skill-color-picker.krisgesling:request-color-by-name.intent,show me the color {color}
en,ovos-skill-color-picker.krisgesling:request-color-by-name.intent,show me the colour {color}
en,ovos-skill-color-picker.krisgesling:request-color-by-name.intent,what does the color {color} look like
en,ovos-skill-color-picker.krisgesling:request-color-by-name.intent,what does the colour {color} look like
pt,ovos-skill-color-picker.krisgesling:request-color-by-name.intent,mostre-me a cor {cor}
pt,ovos-skill-color-picker.krisgesling:request-color-by-name.intent,como é a cor {cor}
eu,ovos-skill-color-picker.krisgesling:request-color-by-name.intent,muéstrame el color {color}
eu,ovos-skill-color-picker.krisgesling:request-color-by-name.intent,¿cómo es el color {color}?
eu,ovos-skill-color-picker.krisgesling:request-color-by-name.intent,¿cómo se ve el color {color}?
de,ovos-skill-color-picker.krisgesling:request-color-by-name.intent,zeig mir die farbe {farbe}
de,ovos-skill-color-picker.krisgesling:request-color-by-name.intent,wie sieht die farbe {farbe} aus
ca,ovos-skill-color-picker.krisgesling:request-color-by-name.intent,mostra el color {color}
ca,ovos-skill-color-picker.krisgesling:request-color-by-name.intent,mostra es color {color}
ca,ovos-skill-color-picker.krisgesling:request-color-by-name.intent,mostra'm el color {color}
ca,ovos-skill-color-picker.krisgesling:request-color-by-name.intent,mostra'm es color {color}
ca,ovos-skill-color-picker.krisgesling:request-color-by-name.intent,quin aspecte té el color {color}
ca,ovos-skill-color-picker.krisgesling:request-color-by-name.intent,quin aspecte té es color {color}
it,ovos-skill-color-picker.krisgesling:request-color-by-name.intent,fai vedere il colore {color}
it,ovos-skill-color-picker.krisgesling:request-color-by-name.intent,fammi vedere il colore {color}
it,ovos-skill-color-picker.krisgesling:request-color-by-name.intent,mostra il colore {color}
it,ovos-skill-color-picker.krisgesling:request-color-by-name.intent,mostrami il colore {color}
da,ovos-skill-color-picker.krisgesling:request-color-by-name.intent,vis mig farve {color}
da,ovos-skill-color-picker.krisgesling:request-color-by-name.intent,hvordan ser farve {color} ud
en,ovos-skill-color-picker.krisgesling:request-color-by-rgb.intent,what color has an rgb value of {rgb}
pt,ovos-skill-color-picker.krisgesling:request-color-by-rgb.intent,qual cor tem um valor rgb de {rgb}
eu,ovos-skill-color-picker.krisgesling:request-color-by-rgb.intent,¿qué color tiene un valor rgb de {rgb}?
de,ovos-skill-color-picker.krisgesling:request-color-by-rgb.intent,welche farbe hat einen rgb-wert von {rgb}
ca,ovos-skill-color-picker.krisgesling:request-color-by-rgb.intent,quin color té un valor rgb de {rgb}
it,ovos-skill-color-picker.krisgesling:request-color-by-rgb.intent,a che colore corrisponde il valore r g b {rgb}
da,ovos-skill-color-picker.krisgesling:request-color-by-rgb.intent,hvilken farve har en rgb-værdi på {rgb}
en,ovos-skill-color-picker.krisgesling:request-color.intent,what color is {requested_color}
pt,ovos-skill-color-picker.krisgesling:request-color.intent,qual é a cor {requested_color}
eu,ovos-skill-color-picker.krisgesling:request-color.intent,¿de qué color es {requested_color}?
de,ovos-skill-color-picker.krisgesling:request-color.intent,welche farbe hat {requested_color}
ca,ovos-skill-color-picker.krisgesling:request-color.intent,quin color és {requested_color}
it,ovos-skill-color-picker.krisgesling:request-color.intent,che colore è {requested_color}
da,ovos-skill-color-picker.krisgesling:request-color.intent,hvilken farve er {requested_color}
pt,ovos-skill-count.openvoiceos:count_to_N.intent,começar a contar para sempre
en,ovos-skill-count.openvoiceos:count_to_N.intent,count to 91 using ordinal numbers using short scale
pt,ovos-skill-count.openvoiceos:count_to_N.intent,contar até ao infinito usando números ordinais usando escala longa
en,ovos-skill-count.openvoiceos:count_to_N.intent,start counting to 70
pt,ovos-skill-count.openvoiceos:count_to_N.intent,contar até 25
pt,ovos-skill-count.openvoiceos:count_to_N.intent,contar infinitamente com números cardinais em escala curta
en,ovos-skill-count.openvoiceos:count_to_N.intent,count forever with cardinal numbers
pt,ovos-skill-count.openvoiceos:count_to_N.intent,começar a contar até 28
pt,ovos-skill-count.openvoiceos:count_to_N.intent,contar até 54
en,ovos-skill-count.openvoiceos:count_to_N.intent,count to 60
pt,ovos-skill-count.openvoiceos:count_to_N.intent,contar até 29
pt,ovos-skill-count.openvoiceos:count_to_N.intent,contar até 24
pt,ovos-skill-count.openvoiceos:count_to_N.intent,contar até 53
pt,ovos-skill-count.openvoiceos:count_to_N.intent,contar até 68
pt,ovos-skill-count.openvoiceos:count_to_N.intent,contar até 89
pt,ovos-skill-count.openvoiceos:count_to_N.intent,contar até 51
pt,ovos-skill-count.openvoiceos:count_to_N.intent,contar até 33
pt,ovos-skill-count.openvoiceos:count_to_N.intent,contar até 18
pt,ovos-skill-count.openvoiceos:count_to_N.intent,contar até 90
pt,ovos-skill-count.openvoiceos:count_to_N.intent,contar até 76
pt,ovos-skill-count.openvoiceos:count_to_N.intent,contar até 92
pt,ovos-skill-count.openvoiceos:count_to_N.intent,contar até 43
pt,ovos-skill-count.openvoiceos:count_to_N.intent,contar até 62
en,ovos-skill-count.openvoiceos:count_to_N.intent,count to 30 in long scale
en,ovos-skill-count.openvoiceos:count_to_N.intent,start counting infinitely in short scale
da,ovos-skill-date-time.openvoiceos:next.leap.year.intent,hvornår skal vi se et skudår igen
en,ovos-skill-date-time.openvoiceos:next.leap.year.intent,can you tell me when next leap year is
pt,ovos-skill-date-time.openvoiceos:next.leap.year.intent,ano que vem é um ano bissexto
pt,ovos-skill-date-time.openvoiceos:next.leap.year.intent,quando 29 de fevereiro acontecerá de novo
es,ovos-skill-date-time.openvoiceos:next.leap.year.intent,¿cuál es el próximo año bisiesto?
de,ovos-skill-date-time.openvoiceos:next.leap.year.intent,ist dieses jahr ein schaltjahr
ca,ovos-skill-date-time.openvoiceos:next.leap.year.intent,quan tornarem a tenir un any bixest?
da,ovos-skill-date-time.openvoiceos:next.leap.year.intent,hvad er det næste år med 366 dage
de,ovos-skill-date-time.openvoiceos:next.leap.year.intent,wann findet 29. feb. als nächstes statt
ca,ovos-skill-date-time.openvoiceos:next.leap.year.intent,quin serà el proper any amb un dia més al febrer
gl,ovos-skill-date-time.openvoiceos:next.leap.year.intent,cal será o próximo ano con un día extra en febreiro
gl,ovos-skill-date-time.openvoiceos:next.leap.year.intent,pódesme dicir cando é o próximo ano bisesto?
ca,ovos-skill-date-time.openvoiceos:next.leap.year.intent,quina data és el pròxim any de traspàs
en,ovos-skill-date-time.openvoiceos:next.leap.year.intent,what's the next year with an extra day in february
pt,ovos-skill-date-time.openvoiceos:next.leap.year.intent,qual é o próximo ano com 366 dias
es,ovos-skill-date-time.openvoiceos:next.leap.year.intent,¿cuándo va a ocurrir un 29 de febrero próximamente?
ca,ovos-skill-date-time.openvoiceos:next.leap.year.intent,quan hi haurà novament un 29 de febrer?
de,ovos-skill-date-time.openvoiceos:next.leap.year.intent,wann wird das nächste schaltjahr sein
gl,ovos-skill-date-time.openvoiceos:next.leap.year.intent,cando vai ser 29 de febreiro?
en,ovos-skill-date-time.openvoiceos:next.leap.year.intent,when is february 29th happening again
es,ovos-skill-date-time.openvoiceos:next.leap.year.intent,¿cuándo volveremos a tener un año bisiesto otra vez?
pt,ovos-skill-date-time.openvoiceos:next.leap.year.intent,você pode me dizer quando será o próximo ano bissexto
da,ovos-skill-date-time.openvoiceos:next.leap.year.intent,hvornår sker det næste gang 29. februar
ca,ovos-skill-date-time.openvoiceos:next.leap.year.intent,quan serà el pròxim any que té 366 dies
de,ovos-skill-date-time.openvoiceos:next.leap.year.intent,was ist das nächste jahr das einen zusätzlichen tag im februar hat
es,ovos-skill-date-time.openvoiceos:what.time.will.it.be.intent,¿cuánto rato queda para las seis?
it,ovos-skill-date-time.openvoiceos:what.time.will.it.be.intent,che ora sarà tra {offset} minuti
es,ovos-skill-date-time.openvoiceos:what.time.will.it.be.intent,necesito que me digas qué hora será cuando hayan pasado 7 horas y media
ca,ovos-skill-date-time.openvoiceos:what.time.will.it.be.intent,d'aquí vint minuts seran les deu i vint?
nl,ovos-skill-date-time.openvoiceos:what.time.will.it.be.intent,als er anderhalf uur voorbij is hoe laat is het dan?
eu,ovos-skill-date-time.openvoiceos:what.time.will.it.be.intent,zer ordu izango da hemendik {offset} ordura leku honetan: {location}
fr,ovos-skill-date-time.openvoiceos:what.time.will.it.be.intent,quand sera-t-il {offset} heures à partir de maintenant
da,ovos-skill-date-time.openvoiceos:what.time.will.it.be.intent,om {offset} timeer fra nu hvad klokken bliver det bliver
de,ovos-skill-date-time.openvoiceos:what.time.will.it.be.intent,um wie viel uhr wird es sein {offset} stunden ab jetzt
ca,ovos-skill-date-time.openvoiceos:what.time.will.it.be.intent,què dirà el rellotge si espero a {offset} horaes
en,ovos-skill-date-time.openvoiceos:what.time.will.it.be.intent,what will the clock say if i wait {offset} hour
pt,ovos-skill-date-time.openvoiceos:what.time.will.it.be.intent,quando o tempo vai mostrar se eu esperar {offset} segundo
ca,ovos-skill-date-time.openvoiceos:what.time.will.it.be.intent,quan és {offset} hores
pt,ovos-skill-date-time.openvoiceos:what.time.will.it.be.intent,o que o relógio mostrará em {location} em {offset} minuto
ca,ovos-skill-date-time.openvoiceos:what.time.will.it.be.intent,a {offset} segon quina hora serà
de,ovos-skill-date-time.openvoiceos:what.time.will.it.be.intent,wann ist es wenn ich verbringe {offset} sekunde in {location}
da,ovos-skill-date-time.openvoiceos:what.time.will.it.be.intent,hvornår tid vil det vises hvis jeg venter {offset} minuter i {location}
gl,ovos-skill-date-time.openvoiceos:what.time.will.it.be.intent,que horas van ser dentro de {offset} minutos
en,ovos-skill-date-time.openvoiceos:what.time.will.it.be.intent,when will it be {offset} minutes from now
es,ovos-skill-date-time.openvoiceos:what.time.will.it.be.intent,quiero estudiar una hora ¿a qué hora paro?
gl,ovos-skill-date-time.openvoiceos:what.time.will.it.be.intent,que marcará o reloxo en {offset} segundos
nl,ovos-skill-date-time.openvoiceos:what.time.will.it.be.intent,wanneer zal het {offset} seconden zijn in {location}
da,ovos-skill-date-time.openvoiceos:what.time.will.it.be.intent,hvad vil uret vise efter {offset} sekunder
pt,ovos-skill-date-time.openvoiceos:what.time.will.it.be.intent,quando será essa hora após {offset} horas
de,ovos-skill-date-time.openvoiceos:what.time.will.it.be.intent,zu welcher zeit wird es zeigen nach {offset} stunde
es,ovos-skill-ddg.openvoiceos:age_at_death.intent,cuando murió
en,ovos-skill-ddg.openvoiceos:age_at_death.intent,how old was {query} on his death
es,ovos-skill-ddg.openvoiceos:age_at_death.intent,que edad tenía en su muerte
fr,ovos-skill-ddg.openvoiceos:age_at_death.intent,le jour où elle est morte
de,ovos-skill-ddg.openvoiceos:age_at_death.intent,wie alt war {query} an dem tag als er starb
eu,ovos-skill-ddg.openvoiceos:age_at_death.intent,zenbat urte zituen {query} hil zen egunean
da,ovos-skill-ddg.openvoiceos:age_at_death.intent,hvor gammel var {query} den dag han døde
gl,ovos-skill-ddg.openvoiceos:age_at_death.intent,cantos anos tiña {query} cando morreu
ca,ovos-skill-ddg.openvoiceos:age_at_death.intent,quants anys tenia {query} quan ell va morir
fr,ovos-skill-ddg.openvoiceos:age_at_death.intent,quel âge avait le mot-clé sur sa mort
pt,ovos-skill-ddg.openvoiceos:age_at_death.intent,quantos anos tinha {query} na sua morte
fr,ovos-skill-ddg.openvoiceos:age_at_death.intent,quand il est mort
ca,ovos-skill-ddg.openvoiceos:age_at_death.intent,quants anys tenia {query} el dia que ella morí
de,ovos-skill-ddg.openvoiceos:age_at_death.intent,wie alt war {query} bei seinem tod
da,ovos-skill-ddg.openvoiceos:age_at_death.intent,hvor gammel var {query} ved hans død
pt,ovos-skill-ddg.openvoiceos:age_at_death.intent,quantos anos tinha {query} no dia em que morreu
es,ovos-skill-ddg.openvoiceos:age_at_death.intent,qué edad tenía el día que murió
en,ovos-skill-ddg.openvoiceos:age_at_death.intent,how old was {query} when he died
en,ovos-skill-ddg.openvoiceos:age_at_death.intent,how old was {query} on the day she died
gl,ovos-skill-ddg.openvoiceos:age_at_death.intent,a que anos morreu {query}
ca,ovos-skill-ddg.openvoiceos:age_at_death.intent,quants anys tenia {query} en morir
da,ovos-skill-ddg.openvoiceos:age_at_death.intent,hvor gammel var {query} ​​da hun døde
pt,ovos-skill-ddg.openvoiceos:age_at_death.intent,quantos anos tinha {query} a data da morte
pt,ovos-skill-ddg.openvoiceos:age_at_death.intent,quantos anos tinha {query} quando morreu
fr,ovos-skill-ddg.openvoiceos:age_at_death.intent,quand elle est morte
en,ovos-skill-ddg.openvoiceos:alma_mater.intent,what is {query} alma mater
eu,ovos-skill-ddg.openvoiceos:alma_mater.intent,zer da {query} alma mater
es,ovos-skill-ddg.openvoiceos:alma_mater.intent,qué es alma mater
gl,ovos-skill-ddg.openvoiceos:alma_mater.intent,onde estudou {query}
fr,ovos-skill-ddg.openvoiceos:alma_mater.intent,c'est quoi alma mater
de,ovos-skill-ddg.openvoiceos:alma_mater.intent,was ist die universität von {query}
ca,ovos-skill-ddg.openvoiceos:alma_mater.intent,quina és l'alma mater de {query}
da,ovos-skill-ddg.openvoiceos:alma_mater.intent,hvad er {query} alma mater
es,ovos-skill-ddg.openvoiceos:birthdate.intent,qué es el cumpleaños
en,ovos-skill-ddg.openvoiceos:birthdate.intent,what is {query} birth date
es,ovos-skill-ddg.openvoiceos:birthdate.intent,cuando nació
ca,ovos-skill-ddg.openvoiceos:birthdate.intent,quina és la data de naixement de {query}
de,ovos-skill-ddg.openvoiceos:birthdate.intent,wann ist der geburtstag von {query}
pt,ovos-skill-ddg.openvoiceos:birthdate.intent,quando é que {query} faz anos
eu,ovos-skill-ddg.openvoiceos:birthdate.intent,noiz jaio zen {query}
da,ovos-skill-ddg.openvoiceos:birthdate.intent,hvornår blev {query} født
fr,ovos-skill-ddg.openvoiceos:birthdate.intent,quand est né {query}
da,ovos-skill-ddg.openvoiceos:birthdate.intent,hvad er {query} fødselsdag
eu,ovos-skill-ddg.openvoiceos:birthdate.intent,zein da {query} jaioteguna
en,ovos-skill-ddg.openvoiceos:birthdate.intent,when was born {query}
ca,ovos-skill-ddg.openvoiceos:birthdate.intent,quan va nàixer {query}
gl,ovos-skill-ddg.openvoiceos:birthdate.intent,cando naceu {query}
ca,ovos-skill-ddg.openvoiceos:birthdate.intent,quin és l'aniversari d' {query}
es,ovos-skill-ddg.openvoiceos:birthdate.intent,lo que es {persona} fecha de nacimiento
pt,ovos-skill-ddg.openvoiceos:birthdate.intent,quando é o aniversário do {query}
de,ovos-skill-ddg.openvoiceos:birthdate.intent,was ist {query} geburtsdatum
de,ovos-skill-ddg.openvoiceos:birthdate.intent,wann wurde {query} geboren
pt,ovos-skill-ddg.openvoiceos:birthdate.intent,quando nasceu {query}
fr,ovos-skill-ddg.openvoiceos:birthdate.intent,quelle est la date de naissance de {query}
gl,ovos-skill-ddg.openvoiceos:birthdate.intent,cando fai anos {query}
gl,ovos-skill-ddg.openvoiceos:birthdate.intent,cal é a data de nacemento de {query}
eu,ovos-skill-ddg.openvoiceos:birthdate.intent,zein da {query} jaiotze-data
en,ovos-skill-ddg.openvoiceos:birthdate.intent,what is {query} birthday
es,ovos-skill-ddg.openvoiceos:born.intent,cuando nació
en,ovos-skill-ddg.openvoiceos:born.intent,when is {query} birth
es,ovos-skill-ddg.openvoiceos:born.intent,día de nacimiento
fr,ovos-skill-ddg.openvoiceos:born.intent,quand est la naissance
de,ovos-skill-ddg.openvoiceos:born.intent,wann ist der geburtstag von {query}
it,ovos-skill-ddg.openvoiceos:born.intent,quando è il compleanno di {query}
eu,ovos-skill-ddg.openvoiceos:born.intent,noiz da {query} jaiotze-data
da,ovos-skill-ddg.openvoiceos:born.intent,hvornår blev {query} født
da,ovos-skill-ddg.openvoiceos:born.intent,{query} dag for fødsel
ca,ovos-skill-ddg.openvoiceos:born.intent,quan va néixer {query}
gl,ovos-skill-ddg.openvoiceos:born.intent,cando naceu {query}
eu,ovos-skill-ddg.openvoiceos:born.intent,{query} jaioteguna
fr,ovos-skill-ddg.openvoiceos:born.intent,quand était né
ca,ovos-skill-ddg.openvoiceos:born.intent,{query} dia de naixement
fr,ovos-skill-ddg.openvoiceos:born.intent,le jour de naissance
de,ovos-skill-ddg.openvoiceos:born.intent,wann wurde {query} geboren
ca,ovos-skill-ddg.openvoiceos:born.intent,quan és {query} aniversari
it,ovos-skill-ddg.openvoiceos:born.intent,quand'è nata {query}
eu,ovos-skill-ddg.openvoiceos:born.intent,noiz jaio zen {query}
gl,ovos-skill-ddg.openvoiceos:born.intent,data de nacemento de {query}
es,ovos-skill-ddg.openvoiceos:born.intent,cuando es el nacimiento
en,ovos-skill-ddg.openvoiceos:born.intent,when was {query} born
da,ovos-skill-ddg.openvoiceos:born.intent,hvornår er {query} fødselsdag
gl,ovos-skill-ddg.openvoiceos:born.intent,cando é o aniversario de que día fai anos {query}
ca,ovos-skill-ddg.openvoiceos:born.intent,quan nasqué {query}
en,ovos-skill-ddg.openvoiceos:children.intent,how many children did {query} have
en,ovos-skill-ddg.openvoiceos:children.intent,how many children does {query} have
pt,ovos-skill-ddg.openvoiceos:children.intent,quantos filhos tem {query}
pt,ovos-skill-ddg.openvoiceos:children.intent,quantos filhos teve {query}
pt,ovos-skill-ddg.openvoiceos:children.intent,quantos filhos tinha {query}
eu,ovos-skill-ddg.openvoiceos:children.intent,zenbat haur ditu {query}
eu,ovos-skill-ddg.openvoiceos:children.intent,zenbat haur izan ditu {query}
es,ovos-skill-ddg.openvoiceos:children.intent,cuántos niños tenían
es,ovos-skill-ddg.openvoiceos:children.intent,cuántos niños tienen
gl,ovos-skill-ddg.openvoiceos:children.intent,cantos fillos ten {query}
gl,ovos-skill-ddg.openvoiceos:children.intent,cantos fillos tivo {query}
fr,ovos-skill-ddg.openvoiceos:children.intent,combien d'enfants ont
fr,ovos-skill-ddg.openvoiceos:children.intent,combien d'enfants ont fait
de,ovos-skill-ddg.openvoiceos:children.intent,wie viele kinder hat {query}
de,ovos-skill-ddg.openvoiceos:children.intent,wie viele kinder hatte {query}
ca,ovos-skill-ddg.openvoiceos:children.intent,quants fills te {query}
ca,ovos-skill-ddg.openvoiceos:children.intent,quants fills tingué {query}
ca,ovos-skill-ddg.openvoiceos:children.intent,quants fills té {query}
ca,ovos-skill-ddg.openvoiceos:children.intent,quants fills va tenir {query}
da,ovos-skill-ddg.openvoiceos:children.intent,hvor mange børn har {query} har
es,ovos-skill-ddg.openvoiceos:died.intent,cuando murió
en,ovos-skill-ddg.openvoiceos:died.intent,when did {query} die
es,ovos-skill-ddg.openvoiceos:died.intent,día de la muerte
fr,ovos-skill-ddg.openvoiceos:died.intent,quand est-ce qu'il est mort
de,ovos-skill-ddg.openvoiceos:died.intent,wann ist der todestag von {query}
eu,ovos-skill-ddg.openvoiceos:died.intent,noiz hil zen {query}
en,ovos-skill-ddg.openvoiceos:died.intent,{query} day of death
da,ovos-skill-ddg.openvoiceos:died.intent,hvornår var {query} død
ca,ovos-skill-ddg.openvoiceos:died.intent,quan va morir {query}
pt,ovos-skill-ddg.openvoiceos:died.intent,dia da morte da {query}
eu,ovos-skill-ddg.openvoiceos:died.intent,{query} heriotza-eguna
gl,ovos-skill-ddg.openvoiceos:died.intent,cando finou {query}
pt,ovos-skill-ddg.openvoiceos:died.intent,quando morreu {query}
ca,ovos-skill-ddg.openvoiceos:died.intent,quan fou la mort de {query}
fr,ovos-skill-ddg.openvoiceos:died.intent,quand était la mort
da,ovos-skill-ddg.openvoiceos:died.intent,{query} dag for død
en,ovos-skill-ddg.openvoiceos:died.intent,when was {query} death
ca,ovos-skill-ddg.openvoiceos:died.intent,quan morí {query}
pt,ovos-skill-ddg.openvoiceos:died.intent,quando foi a morte de {query}
da,ovos-skill-ddg.openvoiceos:died.intent,hvornår døde {query}
es,ovos-skill-ddg.openvoiceos:died.intent,cuando fue la muerte
fr,ovos-skill-ddg.openvoiceos:died.intent,jour de la mort
de,ovos-skill-ddg.openvoiceos:died.intent,{query}s todestag
de,ovos-skill-ddg.openvoiceos:died.intent,wann ist {query} gestorben
pt,ovos-skill-ddg.openvoiceos:died.intent,data da morte do {query}
es,ovos-skill-ddg.openvoiceos:education.intent,donde consiguió su educación
en,ovos-skill-ddg.openvoiceos:education.intent,where did {query} get her education
es,ovos-skill-ddg.openvoiceos:education.intent,dónde lo hizo estudio
fr,ovos-skill-ddg.openvoiceos:education.intent,où a obtenu son éducation
eu,ovos-skill-ddg.openvoiceos:education.intent,non egin zituen {query} ikasketak
da,ovos-skill-ddg.openvoiceos:education.intent,hvor fik {query} hendes uddannelse
pt,ovos-skill-ddg.openvoiceos:education.intent,onde obteve {query} a sua educação
de,ovos-skill-ddg.openvoiceos:education.intent,wo hat {query} ihre ausbildung erhalten
ca,ovos-skill-ddg.openvoiceos:education.intent,on va estudiar {query}
fr,ovos-skill-ddg.openvoiceos:education.intent,où l'a fait étude
gl,ovos-skill-ddg.openvoiceos:education.intent,onde se formou {query}
eu,ovos-skill-ddg.openvoiceos:education.intent,non ikasi zuen {query}
da,ovos-skill-ddg.openvoiceos:education.intent,hvor studerede {query}
pt,ovos-skill-ddg.openvoiceos:education.intent,onde estudou {query}
ca,ovos-skill-ddg.openvoiceos:education.intent,on estudià {query}
de,ovos-skill-ddg.openvoiceos:education.intent,wo hat {query} studiert
fr,ovos-skill-ddg.openvoiceos:education.intent,où elle a eu l'éducation
en,ovos-skill-ddg.openvoiceos:education.intent,where did {query} study
de,ovos-skill-ddg.openvoiceos:education.intent,wo hat {query} seine ausbildung gemacht
da,ovos-skill-ddg.openvoiceos:education.intent,hvor fik {query} sin uddannelse
en,ovos-skill-ddg.openvoiceos:education.intent,where did {query} get his education
de,ovos-skill-ddg.openvoiceos:education.intent,wo hat {query} ihre ausbildung gemacht
de,ovos-skill-ddg.openvoiceos:education.intent,wo hat {query} seine ausbildung erhalten
pt,ovos-skill-ddg.openvoiceos:education.intent,onde obteve {query} a educação
ca,ovos-skill-ddg.openvoiceos:education.intent,on estudià {query}?
en,ovos-skill-ddg.openvoiceos:fields.intent,what is {query} field of expertise
eu,ovos-skill-ddg.openvoiceos:fields.intent,zein da {query} espezializaio-arloa
es,ovos-skill-ddg.openvoiceos:fields.intent,lo que es {query} campo de experiencia
gl,ovos-skill-ddg.openvoiceos:fields.intent,cal é o eido de especialización de {query}
fr,ovos-skill-ddg.openvoiceos:fields.intent,ce qui est {query} domaine d'expertise
de,ovos-skill-ddg.openvoiceos:fields.intent,was ist das fachgebiet von {query}
ca,ovos-skill-ddg.openvoiceos:fields.intent,quin és l'àmbit d'expertesa de {query}
da,ovos-skill-ddg.openvoiceos:fields.intent,hvad er {query} ekspertiseområde
en,ovos-skill-ddg.openvoiceos:known_for.intent,what is {query} famous for
en,ovos-skill-ddg.openvoiceos:known_for.intent,what is {query} known for
pt,ovos-skill-ddg.openvoiceos:known_for.intent,pelo que é {query} conhecida
pt,ovos-skill-ddg.openvoiceos:known_for.intent,pelo que é {query} conhecido
eu,ovos-skill-ddg.openvoiceos:known_for.intent,zergatik da ezagun {query}
eu,ovos-skill-ddg.openvoiceos:known_for.intent,zergatik da ospetsu {query}
es,ovos-skill-ddg.openvoiceos:known_for.intent,lo que es famoso por
es,ovos-skill-ddg.openvoiceos:known_for.intent,qué es conocido
gl,ovos-skill-ddg.openvoiceos:known_for.intent,por que se coñece {query}
gl,ovos-skill-ddg.openvoiceos:known_for.intent,por que ten fama {query}
fr,ovos-skill-ddg.openvoiceos:known_for.intent,c'est quoi connue pour
fr,ovos-skill-ddg.openvoiceos:known_for.intent,ce qui est célèbre pour
de,ovos-skill-ddg.openvoiceos:known_for.intent,wofür ist {query} bekannt
de,ovos-skill-ddg.openvoiceos:known_for.intent,wofür ist {query} berühmt
ca,ovos-skill-ddg.openvoiceos:known_for.intent,per a què es coneix {query}
ca,ovos-skill-ddg.openvoiceos:known_for.intent,per què és famós {query}
da,ovos-skill-ddg.openvoiceos:known_for.intent,hvad er {query} berømt for
da,ovos-skill-ddg.openvoiceos:known_for.intent,hvad er {query} kendt for
en,ovos-skill-ddg.openvoiceos:official_website.intent,what is {query} official website
eu,ovos-skill-ddg.openvoiceos:official_website.intent,zein da {query} webgune ofiziala
es,ovos-skill-ddg.openvoiceos:official_website.intent,lo que es {query} sitio oficial
gl,ovos-skill-ddg.openvoiceos:official_website.intent,cal é o sitio web oficial de {query}
fr,ovos-skill-ddg.openvoiceos:official_website.intent,quel est le site officiel {query}
de,ovos-skill-ddg.openvoiceos:official_website.intent,was ist die offizielle website von {query}
ca,ovos-skill-ddg.openvoiceos:official_website.intent,quin és el lloc web oficial de {query}
it,ovos-skill-ddg.openvoiceos:official_website.intent,qual è il sito di {query}
it,ovos-skill-ddg.openvoiceos:official_website.intent,qual è il sito ufficiale di {query}
da,ovos-skill-ddg.openvoiceos:official_website.intent,hvad er {query} officielle hjemmeside
en,ovos-skill-ddg.openvoiceos:resting_place.intent,where is {query} resting buried
en,ovos-skill-ddg.openvoiceos:resting_place.intent,where is {query} resting place
eu,ovos-skill-ddg.openvoiceos:resting_place.intent,non dago lurperatuta {query}
eu,ovos-skill-ddg.openvoiceos:resting_place.intent,non datza {query}
es,ovos-skill-ddg.openvoiceos:resting_place.intent,donde está descansando enterrado
es,ovos-skill-ddg.openvoiceos:resting_place.intent,donde está {query} lugar de descanso
gl,ovos-skill-ddg.openvoiceos:resting_place.intent,onde descansan os restos de {query}
gl,ovos-skill-ddg.openvoiceos:resting_place.intent,onde está enterrado {query}
fr,ovos-skill-ddg.openvoiceos:resting_place.intent,où est enterré le mot-clé
fr,ovos-skill-ddg.openvoiceos:resting_place.intent,où est le lieu de repos
de,ovos-skill-ddg.openvoiceos:resting_place.intent,wo ist das grab von {query}
de,ovos-skill-ddg.openvoiceos:resting_place.intent,wo ist {query} begraben
ca,ovos-skill-ddg.openvoiceos:resting_place.intent,on està enterrat {query}
ca,ovos-skill-ddg.openvoiceos:resting_place.intent,on està la tomba de {query}
ca,ovos-skill-ddg.openvoiceos:resting_place.intent,on és enterrat {query}
ca,ovos-skill-ddg.openvoiceos:resting_place.intent,on és la tomba de {query}
da,ovos-skill-ddg.openvoiceos:resting_place.intent,hvor er {query} hvilested
da,ovos-skill-ddg.openvoiceos:resting_place.intent,hvor ligger {query} begravet
en,ovos-skill-ddg.openvoiceos:thesis.intent,what is {query} thesis subject
eu,ovos-skill-ddg.openvoiceos:thesis.intent,zein da {query} tesiaren gaia
es,ovos-skill-ddg.openvoiceos:thesis.intent,qué es tema de la tesis
gl,ovos-skill-ddg.openvoiceos:thesis.intent,que é o tema da tese {query}
fr,ovos-skill-ddg.openvoiceos:thesis.intent,c'est quoi sujet de thèse
de,ovos-skill-ddg.openvoiceos:thesis.intent,was ist {query} diplomarbeitsthema
ca,ovos-skill-ddg.openvoiceos:thesis.intent,quin és el tema de la tesi de {query}
da,ovos-skill-ddg.openvoiceos:thesis.intent,hvad er {query} specialeemne
en,ovos-skill-ddg.openvoiceos:who.intent,who is {query}
pt,ovos-skill-ddg.openvoiceos:who.intent,quem é {query}
pt,ovos-skill-ddg.openvoiceos:who.intent,quem é que é {query}
eu,ovos-skill-ddg.openvoiceos:who.intent,nor da {query}
es,ovos-skill-ddg.openvoiceos:who.intent,que es {persona}
gl,ovos-skill-ddg.openvoiceos:who.intent,quen é {query}
fr,ovos-skill-ddg.openvoiceos:who.intent,qui est {query}
de,ovos-skill-ddg.openvoiceos:who.intent,wer ist {query}
ca,ovos-skill-ddg.openvoiceos:who.intent,qui és {query}
it,ovos-skill-ddg.openvoiceos:who.intent,chi è {query}
da,ovos-skill-ddg.openvoiceos:who.intent,hvem er {query}
it,ovos-skill-diagnostics.openvoiceos:query_cpu_usage.intent,diagnostico c p u
en,ovos-skill-diagnostics.openvoiceos:query_cpu_usage.intent,cpu diagnostics
en,ovos-skill-diagnostics.openvoiceos:query_cpu_usage.intent,how much processor is in use
pt,ovos-skill-diagnostics.openvoiceos:query_cpu_usage.intent,quanto processador está em utilização
de,ovos-skill-diagnostics.openvoiceos:query_cpu_usage.intent,wie viel prozessor wird verwendet
ca,ovos-skill-diagnostics.openvoiceos:query_cpu_usage.intent,càrrega actual de ce pe u
it,ovos-skill-diagnostics.openvoiceos:query_cpu_usage.intent,carico attuale della c p u?
it,ovos-skill-diagnostics.openvoiceos:query_cpu_usage.intent,che percentuale di c p u stai usando?
da,ovos-skill-diagnostics.openvoiceos:query_cpu_usage.intent,fortæl mig dit cpu-brug
da,ovos-skill-diagnostics.openvoiceos:query_cpu_usage.intent,hvor meget cpu bruger du
de,ovos-skill-diagnostics.openvoiceos:query_cpu_usage.intent,sag mir deine cpu-auslastung
en,ovos-skill-diagnostics.openvoiceos:query_cpu_usage.intent,tell me your cpu usage
gl,ovos-skill-diagnostics.openvoiceos:query_cpu_usage.intent,cal é o uso da túa cpu
da,ovos-skill-diagnostics.openvoiceos:query_cpu_usage.intent,hvad er cpu-belastningen
pt,ovos-skill-diagnostics.openvoiceos:query_cpu_usage.intent,carga atual do cpu
da,ovos-skill-diagnostics.openvoiceos:query_cpu_usage.intent,nuværende cpu-belastning
en,ovos-skill-diagnostics.openvoiceos:query_cpu_usage.intent,current cpu load
ca,ovos-skill-diagnostics.openvoiceos:query_cpu_usage.intent,quanta cpu estàs usant
de,ovos-skill-diagnostics.openvoiceos:query_cpu_usage.intent,cpu diagnose
da,ovos-skill-diagnostics.openvoiceos:query_cpu_usage.intent,cpu diagnostik
ca,ovos-skill-diagnostics.openvoiceos:query_cpu_usage.intent,diagnòstic cpu
ca,ovos-skill-diagnostics.openvoiceos:query_cpu_usage.intent,digue'm l'ús de cpu
eu,ovos-skill-diagnostics.openvoiceos:query_cpu_usage.intent,cuánto procesador se está utilizando
eu,ovos-skill-diagnostics.openvoiceos:query_cpu_usage.intent,diagnóstico de la cpu
eu,ovos-skill-diagnostics.openvoiceos:query_cpu_usage.intent,cuánta cpu estás usando
gl,ovos-skill-diagnostics.openvoiceos:query_extra_langs.intent,tes linguas secundarias
en,ovos-skill-diagnostics.openvoiceos:query_extra_langs.intent,do you have secondary languages
pt,ovos-skill-diagnostics.openvoiceos:query_extra_langs.intent,diga-me os seus idiomas extra
pt,ovos-skill-diagnostics.openvoiceos:query_extra_langs.intent,que outras línguas tem
de,ovos-skill-diagnostics.openvoiceos:query_extra_langs.intent,hast du zusätzliche sprachen
ca,ovos-skill-diagnostics.openvoiceos:query_extra_langs.intent,digue'm els idiomes addicionals
ca,ovos-skill-diagnostics.openvoiceos:query_extra_langs.intent,digues es llengües extres
it,ovos-skill-diagnostics.openvoiceos:query_extra_langs.intent,hai lingue secondarie
da,ovos-skill-diagnostics.openvoiceos:query_extra_langs.intent,fortæl mig dine ekstra sprog
ca,ovos-skill-diagnostics.openvoiceos:query_extra_langs.intent,quines idiomes estàs usant
ca,ovos-skill-diagnostics.openvoiceos:query_extra_langs.intent,quins altres idiomes coneixes
ca,ovos-skill-diagnostics.openvoiceos:query_extra_langs.intent,tens idiomes secundaris
eu,ovos-skill-diagnostics.openvoiceos:query_extra_langs.intent,cuáles son tus idiomas adicionales
eu,ovos-skill-diagnostics.openvoiceos:query_extra_langs.intent,dime qué otros idiomas hablas
en,ovos-skill-diagnostics.openvoiceos:query_extra_langs.intent,what are your additional languages
de,ovos-skill-diagnostics.openvoiceos:query_extra_langs.intent,was sind deine zusätzlichen sprachen?
da,ovos-skill-diagnostics.openvoiceos:query_extra_langs.intent,hvilke andre sprog har du
it,ovos-skill-diagnostics.openvoiceos:query_extra_langs.intent,quali sono le tue lingue aggiuntive
ca,ovos-skill-diagnostics.openvoiceos:query_extra_langs.intent,dis-me les llengües addicionals
gl,ovos-skill-diagnostics.openvoiceos:query_extra_langs.intent,dime as túas linguas adicionais
pt,ovos-skill-diagnostics.openvoiceos:query_extra_langs.intent,que outros idiomas tens
ca,ovos-skill-diagnostics.openvoiceos:query_extra_langs.intent,quines llengües uses
ca,ovos-skill-diagnostics.openvoiceos:query_extra_langs.intent,digues ses idiomes extra
ca,ovos-skill-diagnostics.openvoiceos:query_extra_langs.intent,tens llengües secundàries
ca,ovos-skill-diagnostics.openvoiceos:query_extra_langs.intent,quins llengües saps
en,ovos-skill-diagnostics.openvoiceos:query_gpu.intent,are you using a gpu
de,ovos-skill-diagnostics.openvoiceos:query_gpu.intent,befindet sich in deinem system eine grafikkarte?
ca,ovos-skill-diagnostics.openvoiceos:query_gpu.intent,el teu sistema té ge pe u
it,ovos-skill-diagnostics.openvoiceos:query_gpu.intent,c'è una g p u nel tuo computer?
pt,ovos-skill-diagnostics.openvoiceos:query_gpu.intent,está a usar uma gpu
gl,ovos-skill-diagnostics.openvoiceos:query_gpu.intent,estás usando unha gpu
da,ovos-skill-diagnostics.openvoiceos:query_gpu.intent,bruger du en gpu
ca,ovos-skill-diagnostics.openvoiceos:query_gpu.intent,fas servir gpu
ca,ovos-skill-diagnostics.openvoiceos:query_gpu.intent,uses gpu
ca,ovos-skill-diagnostics.openvoiceos:query_gpu.intent,utilitzes gpu
en,ovos-skill-diagnostics.openvoiceos:query_gpu.intent,does your system have a gpu
ca,ovos-skill-diagnostics.openvoiceos:query_gpu.intent,gastes gpu
ca,ovos-skill-diagnostics.openvoiceos:query_gpu.intent,tens gpu
eu,ovos-skill-diagnostics.openvoiceos:query_gpu.intent,tu sistema tiene una gpu
da,ovos-skill-diagnostics.openvoiceos:query_gpu.intent,er der en gpu i dit system
pt,ovos-skill-diagnostics.openvoiceos:query_gpu.intent,há uma gpu no seu sistema
ca,ovos-skill-diagnostics.openvoiceos:query_gpu.intent,hi ha gpu en es teu sistema
it,ovos-skill-diagnostics.openvoiceos:query_gpu.intent,hai una g p u?
de,ovos-skill-diagnostics.openvoiceos:query_gpu.intent,hat ihr system eine gpu
eu,ovos-skill-diagnostics.openvoiceos:query_gpu.intent,tienes una gpu
pt,ovos-skill-diagnostics.openvoiceos:query_gpu.intent,tem uma gpu
de,ovos-skill-diagnostics.openvoiceos:query_gpu.intent,hast du eine grafikkarte
en,ovos-skill-diagnostics.openvoiceos:query_gpu.intent,do you have a gpu
gl,ovos-skill-diagnostics.openvoiceos:query_gpu.intent,o teu sistema ten unha gpu
it,ovos-skill-diagnostics.openvoiceos:query_gpu.intent,stai usando una g p u?
da,ovos-skill-diagnostics.openvoiceos:query_kernel_version.intent,fortæl mig din kerneversion
en,ovos-skill-diagnostics.openvoiceos:query_kernel_version.intent,tell me your kernel version
ca,ovos-skill-diagnostics.openvoiceos:query_kernel_version.intent,digue'm la versió del nucli
da,ovos-skill-diagnostics.openvoiceos:query_kernel_version.intent,hvilken kerne har du
pt,ovos-skill-diagnostics.openvoiceos:query_kernel_version.intent,qual a versão do kernel que está a usar
eu,ovos-skill-diagnostics.openvoiceos:query_kernel_version.intent,qué kernel tienes
it,ovos-skill-diagnostics.openvoiceos:query_kernel_version.intent,quale kernel hai
eu,ovos-skill-diagnostics.openvoiceos:query_kernel_version.intent,cuál es tu versión del kernel
ca,ovos-skill-diagnostics.openvoiceos:query_kernel_version.intent,quin nucli tens
ca,ovos-skill-diagnostics.openvoiceos:query_kernel_version.intent,quina versió de nucli estàs usant
en,ovos-skill-diagnostics.openvoiceos:query_kernel_version.intent,which kernel do you have
de,ovos-skill-diagnostics.openvoiceos:query_kernel_version.intent,welchen kernel hast du
gl,ovos-skill-diagnostics.openvoiceos:query_kernel_version.intent,cal é a versión do teu kernel
de,ovos-skill-diagnostics.openvoiceos:query_kernel_version.intent,sag mir deine kernel-version
it,ovos-skill-diagnostics.openvoiceos:query_kernel_version.intent,dimmi la tua versione del kernel
en,ovos-skill-diagnostics.openvoiceos:query_kernel_version.intent,what kernel version are you using
de,ovos-skill-diagnostics.openvoiceos:query_kernel_version.intent,welche kernel-version verwendest du
gl,ovos-skill-diagnostics.openvoiceos:query_kernel_version.intent,que kernel tes
ca,ovos-skill-diagnostics.openvoiceos:query_kernel_version.intent,digues-me sa meua versió del nucli
pt,ovos-skill-diagnostics.openvoiceos:query_kernel_version.intent,diga-me a sua versão do kernel
gl,ovos-skill-diagnostics.openvoiceos:query_kernel_version.intent,que versión do kernel estás usando
ca,ovos-skill-diagnostics.openvoiceos:query_kernel_version.intent,quina és sa teua versió de nucli
it,ovos-skill-diagnostics.openvoiceos:query_kernel_version.intent,quale versione del kernel stai usando
pt,ovos-skill-diagnostics.openvoiceos:query_kernel_version.intent,qual kernel tens
pt,ovos-skill-diagnostics.openvoiceos:query_kernel_version.intent,qual o kernel que tem
da,ovos-skill-diagnostics.openvoiceos:query_langs.intent,hvad er dine systemsprog
en,ovos-skill-diagnostics.openvoiceos:query_langs.intent,available languages
pt,ovos-skill-diagnostics.openvoiceos:query_langs.intent,diga-me todas as suas línguas
pt,ovos-skill-diagnostics.openvoiceos:query_langs.intent,idiomas disponíveis
gl,ovos-skill-diagnostics.openvoiceos:query_langs.intent,cales linguas entendes
de,ovos-skill-diagnostics.openvoiceos:query_langs.intent,liste sprachen
de,ovos-skill-diagnostics.openvoiceos:query_langs.intent,was sind deine systemsprachen?
ca,ovos-skill-diagnostics.openvoiceos:query_langs.intent,digue'm totes els teues idiomes
ca,ovos-skill-diagnostics.openvoiceos:query_langs.intent,digues tots es teus llengües
ca,ovos-skill-diagnostics.openvoiceos:query_langs.intent,idiome disponibles
it,ovos-skill-diagnostics.openvoiceos:query_langs.intent,che lingue puoi capire
da,ovos-skill-diagnostics.openvoiceos:query_langs.intent,hvilke sprog bruger du
ca,ovos-skill-diagnostics.openvoiceos:query_langs.intent,quines idiomes estàs usant
ca,ovos-skill-diagnostics.openvoiceos:query_langs.intent,quantes idiomes pots entendre
ca,ovos-skill-diagnostics.openvoiceos:query_langs.intent,quants idiomes saps parlar
ca,ovos-skill-diagnostics.openvoiceos:query_langs.intent,llista les idiomes suportades
ca,ovos-skill-diagnostics.openvoiceos:query_langs.intent,enumera ses idiomes suportats
ca,ovos-skill-diagnostics.openvoiceos:query_langs.intent,quins idiomes uses
it,ovos-skill-diagnostics.openvoiceos:query_langs.intent,quali sono le lingue del tuo sistema
pt,ovos-skill-diagnostics.openvoiceos:query_langs.intent,quais línguas consegues compreender
ca,ovos-skill-diagnostics.openvoiceos:query_langs.intent,quines són les teves llengües des sistema
eu,ovos-skill-diagnostics.openvoiceos:query_langs.intent,dime todos los idiomas que hablas
pt,ovos-skill-diagnostics.openvoiceos:query_langs.intent,quais são os seus idiomas do sistema
pt,ovos-skill-diagnostics.openvoiceos:query_langs.intent,que línguas consegue falar
da,ovos-skill-diagnostics.openvoiceos:query_langs.intent,fortæl mig alle dine sprog
de,ovos-skill-diagnostics.openvoiceos:query_primary_lang.intent,auf welche sprache bist du eingestellt
en,ovos-skill-diagnostics.openvoiceos:query_primary_lang.intent,tell me your core language
pt,ovos-skill-diagnostics.openvoiceos:query_primary_lang.intent,em que idioma está definido
pt,ovos-skill-diagnostics.openvoiceos:query_primary_lang.intent,qual a sua língua principal
eu,ovos-skill-diagnostics.openvoiceos:query_primary_lang.intent,cuál es tu lengua materna
gl,ovos-skill-diagnostics.openvoiceos:query_primary_lang.intent,cal é a túa lingua predeterminada
de,ovos-skill-diagnostics.openvoiceos:query_primary_lang.intent,nenne mir deine hauptsprache
ca,ovos-skill-diagnostics.openvoiceos:query_primary_lang.intent,digue'm el teu llengua
da,ovos-skill-diagnostics.openvoiceos:query_primary_lang.intent,fortæl mig dit kernesprog
eu,ovos-skill-diagnostics.openvoiceos:query_primary_lang.intent,en qué idioma estás configurado
ca,ovos-skill-diagnostics.openvoiceos:query_primary_lang.intent,quin idioma estàs fent servir
ca,ovos-skill-diagnostics.openvoiceos:query_primary_lang.intent,quina idioma de sistema
ca,ovos-skill-diagnostics.openvoiceos:query_primary_lang.intent,digues la teua idioma primari
ca,ovos-skill-diagnostics.openvoiceos:query_primary_lang.intent,quina llengua tens configurada
ca,ovos-skill-diagnostics.openvoiceos:query_primary_lang.intent,dis-me sa teva idioma primària
ca,ovos-skill-diagnostics.openvoiceos:query_primary_lang.intent,quin llengua és es per defecte
en,ovos-skill-diagnostics.openvoiceos:query_primary_lang.intent,which language are you set to
da,ovos-skill-diagnostics.openvoiceos:query_primary_lang.intent,hvilket sprog er du indstillet til
it,ovos-skill-diagnostics.openvoiceos:query_primary_lang.intent,in che lingua sei impostato?
ca,ovos-skill-diagnostics.openvoiceos:query_primary_lang.intent,quina llengua uses
ca,ovos-skill-diagnostics.openvoiceos:query_primary_lang.intent,quin idioma utilitzes
gl,ovos-skill-diagnostics.openvoiceos:query_primary_lang.intent,dime o teu idioma principal
de,ovos-skill-diagnostics.openvoiceos:query_primary_lang.intent,was ist deine muttersprache?
da,ovos-skill-diagnostics.openvoiceos:query_primary_lang.intent,hvad er dit hovedsprog
it,ovos-skill-diagnostics.openvoiceos:query_primary_lang.intent,qual è la tua lingua primaria?
de,ovos-skill-diagnostics.openvoiceos:query_user_lang.intent,welche sprache spreche ich
en,ovos-skill-diagnostics.openvoiceos:query_user_lang.intent,what language am i speaking
pt,ovos-skill-diagnostics.openvoiceos:query_user_lang.intent,qual a língua que estamos falando
eu,ovos-skill-diagnostics.openvoiceos:query_user_lang.intent,qué idioma estoy hablando
gl,ovos-skill-diagnostics.openvoiceos:query_user_lang.intent,cal lingua estou usando
ca,ovos-skill-diagnostics.openvoiceos:query_user_lang.intent,en quin llengua estic parlant
ca,ovos-skill-diagnostics.openvoiceos:query_user_lang.intent,quines idiomes estem usant
ca,ovos-skill-diagnostics.openvoiceos:query_user_lang.intent,quins llengües parlem
da,ovos-skill-diagnostics.openvoiceos:query_user_lang.intent,hvilket sprog er jeg bruger
ca,ovos-skill-diagnostics.openvoiceos:query_user_lang.intent,quina idioma faig servir
it,ovos-skill-diagnostics.openvoiceos:query_user_lang.intent,che lingua stiamo parlando
en,ovos-skill-diagnostics.openvoiceos:query_user_lang.intent,which language are we using
ca,ovos-skill-diagnostics.openvoiceos:query_user_lang.intent,quina llengua parlo
ca,ovos-skill-diagnostics.openvoiceos:query_user_lang.intent,quin idioma uso
ca,ovos-skill-diagnostics.openvoiceos:query_user_lang.intent,quines llengües usem
pt,ovos-skill-diagnostics.openvoiceos:query_user_lang.intent,em que língua estou a falar
ca,ovos-skill-diagnostics.openvoiceos:query_user_lang.intent,en quina idioma utilitzo
ca,ovos-skill-diagnostics.openvoiceos:query_user_lang.intent,quina idioma estic usant
it,ovos-skill-diagnostics.openvoiceos:query_user_lang.intent,quale lingua sto usando
da,ovos-skill-diagnostics.openvoiceos:query_user_lang.intent,hvilket sprog vi taler
eu,ovos-skill-diagnostics.openvoiceos:query_user_lang.intent,qué idioma estamos usando
ca,ovos-skill-diagnostics.openvoiceos:query_user_lang.intent,quins idiomes usem
de,ovos-skill-diagnostics.openvoiceos:query_user_lang.intent,welche sprache sprechen wir
gl,ovos-skill-diagnostics.openvoiceos:query_user_lang.intent,que lingua estou falando
ca,ovos-skill-diagnostics.openvoiceos:query_user_lang.intent,en quin idioma parlo
en,ovos-skill-diagnostics.openvoiceos:query_user_location.intent,where am i
en,ovos-skill-diagnostics.openvoiceos:query_user_location.intent,tell me my location
pt,ovos-skill-diagnostics.openvoiceos:query_user_location.intent,onde estou
pt,ovos-skill-diagnostics.openvoiceos:query_user_location.intent,qual a minha localização
eu,ovos-skill-diagnostics.openvoiceos:query_user_location.intent,cuál es mi ubicación
eu,ovos-skill-diagnostics.openvoiceos:query_user_location.intent,dónde estoy
gl,ovos-skill-diagnostics.openvoiceos:query_user_location.intent,cal é a miña localización
de,ovos-skill-diagnostics.openvoiceos:query_user_location.intent,sag mir meinen standort
de,ovos-skill-diagnostics.openvoiceos:query_user_location.intent,wo bin ich
ca,ovos-skill-diagnostics.openvoiceos:query_user_location.intent,digue'm la meva geolocalització
ca,ovos-skill-diagnostics.openvoiceos:query_user_location.intent,on estic
ca,ovos-skill-diagnostics.openvoiceos:query_user_location.intent,quina és sa meua localització
da,ovos-skill-diagnostics.openvoiceos:query_user_location.intent,fortæl mig min placering
da,ovos-skill-diagnostics.openvoiceos:query_user_location.intent,hvor er jeg
it,ovos-skill-diagnostics.openvoiceos:query_user_location.intent,dimmi la mia posizione
de,ovos-skill-diagnostics.openvoiceos:query_user_location.intent,was ist mein aktueller standort?
ca,ovos-skill-diagnostics.openvoiceos:query_user_location.intent,quina és la meva posició ara mateix
ca,ovos-skill-diagnostics.openvoiceos:query_user_location.intent,dis-me la meva ubicació
it,ovos-skill-diagnostics.openvoiceos:query_user_location.intent,dove mi trovo
ca,ovos-skill-diagnostics.openvoiceos:query_user_location.intent,quina és sa meva posicició
ca,ovos-skill-diagnostics.openvoiceos:query_user_location.intent,quina és la meua geolocalització actual
ca,ovos-skill-diagnostics.openvoiceos:query_user_location.intent,digues la meva ubicació
da,ovos-skill-diagnostics.openvoiceos:query_user_location.intent,hvad er min nuværende placering
en,ovos-skill-diagnostics.openvoiceos:query_user_location.intent,what is my current location
ca,ovos-skill-diagnostics.openvoiceos:query_user_location.intent,on soc
pt,ovos-skill-fuster-quotes.openvoiceos:fuster_quotes.intent,pensamentos fustéricos
en,ovos-skill-fuster-quotes.openvoiceos:fuster_quotes.intent,any fusterian thoughts
en,ovos-skill-fuster-quotes.openvoiceos:fuster_quotes.intent,do you have a quote from joan fuster
ca,ovos-skill-fuster-quotes.openvoiceos:fuster_quotes.intent,algun pensament fusterià
ca,ovos-skill-fuster-quotes.openvoiceos:fuster_quotes.intent,digues-me alguna cosa fusteriana
ca,ovos-skill-fuster-quotes.openvoiceos:fuster_quotes.intent,què pensen els fusterians
pt,ovos-skill-fuster-quotes.openvoiceos:fuster_quotes.intent,o que pensam os fusterianos
en,ovos-skill-fuster-quotes.openvoiceos:fuster_quotes.intent,i want to hear a fuster aphorism
pt,ovos-skill-fuster-quotes.openvoiceos:fuster_quotes.intent,quero ouvir um aforismo de fuster
ca,ovos-skill-fuster-quotes.openvoiceos:fuster_quotes.intent,la frase del fuster del dia
en,ovos-skill-fuster-quotes.openvoiceos:fuster_quotes.intent,what does fuster say
pt,ovos-skill-fuster-quotes.openvoiceos:fuster_quotes.intent,diga-me algo fusteriano
ca,ovos-skill-fuster-quotes.openvoiceos:fuster_quotes.intent,digue’m una cita de fuster
pt,ovos-skill-fuster-quotes.openvoiceos:fuster_quotes.intent,dê-me uma citação de fuster
en,ovos-skill-fuster-quotes.openvoiceos:fuster_quotes.intent,the fuster quote of the day
ca,ovos-skill-fuster-quotes.openvoiceos:fuster_quotes.intent,què diria joan fuster aquí
pt,ovos-skill-fuster-quotes.openvoiceos:fuster_quotes.intent,tens alguma ideia fusteriana
pt,ovos-skill-fuster-quotes.openvoiceos:fuster_quotes.intent,o que diz joan fuster
en,ovos-skill-fuster-quotes.openvoiceos:fuster_quotes.intent,give me a fusterian thought
ca,ovos-skill-fuster-quotes.openvoiceos:fuster_quotes.intent,tens alguna frase de joan fuster
en,ovos-skill-fuster-quotes.openvoiceos:fuster_quotes.intent,i need a fusterian idea
ca,ovos-skill-fuster-quotes.openvoiceos:fuster_quotes.intent,què diu en fuster
ca,ovos-skill-fuster-quotes.openvoiceos:fuster_quotes.intent,vull sentir un aforisme fusterià
en,ovos-skill-fuster-quotes.openvoiceos:fuster_quotes.intent,what do fusterians think
ca,ovos-skill-fuster-quotes.openvoiceos:fuster_quotes.intent,dóna’m un pensament de joan fuster
fr,ovos-skill-laugh.openvoiceos:Laugh.intent,ricane
en,ovos-skill-laugh.openvoiceos:Laugh.intent,i want you to laugh
en,ovos-skill-laugh.openvoiceos:Laugh.intent,evil laughing
pt,ovos-skill-laugh.openvoiceos:Laugh.intent,ria como a alexa
pt,ovos-skill-laugh.openvoiceos:Laugh.intent,risada do mal
pt,ovos-skill-laugh.openvoiceos:Laugh.intent,risadinha maligna
pt,ovos-skill-laugh.openvoiceos:Laugh.intent,você consegue rir
eu,ovos-skill-laugh.openvoiceos:Laugh.intent,algara maltzurra
eu,ovos-skill-laugh.openvoiceos:Laugh.intent,barre egin al dezakezu?
es,ovos-skill-laugh.openvoiceos:Laugh.intent,carcajada malvada
es,ovos-skill-laugh.openvoiceos:Laugh.intent,¿puedes reírte?
gl,ovos-skill-laugh.openvoiceos:Laugh.intent,risa malvado
gl,ovos-skill-laugh.openvoiceos:Laugh.intent,riso malvados
nl,ovos-skill-laugh.openvoiceos:Laugh.intent,kan jij lachen
nl,ovos-skill-laugh.openvoiceos:Laugh.intent,kwaadaardige? gelach
fr,ovos-skill-laugh.openvoiceos:Laugh.intent,peux tu rigoler ?
fr,ovos-skill-laugh.openvoiceos:Laugh.intent,rire démoniaque
de,ovos-skill-laugh.openvoiceos:Laugh.intent,böses gelächter
ca,ovos-skill-laugh.openvoiceos:Laugh.intent,desitjo que riguis
ca,ovos-skill-laugh.openvoiceos:Laugh.intent,ensenya'm com rius
ca,ovos-skill-laugh.openvoiceos:Laugh.intent,fes un riure malèfic
ca,ovos-skill-laugh.openvoiceos:Laugh.intent,per què no estàs rient
ca,ovos-skill-laugh.openvoiceos:Laugh.intent,rialla diabòlica
ca,ovos-skill-laugh.openvoiceos:Laugh.intent,riu de forma sinistra
it,ovos-skill-laugh.openvoiceos:Laugh.intent,puoi ridere?
de,ovos-skill-laugh.openvoiceos:RandomLaugh.intent,lache zufällig
en,ovos-skill-laugh.openvoiceos:RandomLaugh.intent,laugh randomly
en,ovos-skill-laugh.openvoiceos:RandomLaugh.intent,random laughing
pt,ovos-skill-laugh.openvoiceos:RandomLaugh.intent,disparar risada aleatória
pt,ovos-skill-laugh.openvoiceos:RandomLaugh.intent,ria aleatoriamente
eu,ovos-skill-laugh.openvoiceos:RandomLaugh.intent,ausazko algara
eu,ovos-skill-laugh.openvoiceos:RandomLaugh.intent,barre egin ausaz
es,ovos-skill-laugh.openvoiceos:RandomLaugh.intent,activa una carcajada aleatoria
es,ovos-skill-laugh.openvoiceos:RandomLaugh.intent,reir al azar
gl,ovos-skill-laugh.openvoiceos:RandomLaugh.intent,activar risa ao chou
nl,ovos-skill-laugh.openvoiceos:RandomLaugh.intent,lach willekeurig
nl,ovos-skill-laugh.openvoiceos:RandomLaugh.intent,trigger een? willekeurige? gelach
fr,ovos-skill-laugh.openvoiceos:RandomLaugh.intent,active le rire aléatoire
fr,ovos-skill-laugh.openvoiceos:RandomLaugh.intent,rigole aléatoirement
de,ovos-skill-laugh.openvoiceos:RandomLaugh.intent,löse zufälliges gelächter aus
ca,ovos-skill-laugh.openvoiceos:RandomLaugh.intent,executa un riure aleatori
ca,ovos-skill-laugh.openvoiceos:RandomLaugh.intent,rialla aleatòria
ca,ovos-skill-laugh.openvoiceos:RandomLaugh.intent,riu aleatòriament
it,ovos-skill-laugh.openvoiceos:RandomLaugh.intent,attiva risata a caso
da,ovos-skill-laugh.openvoiceos:RandomLaugh.intent,grin tilfældigt
da,ovos-skill-laugh.openvoiceos:RandomLaugh.intent,tilfældig latter
pt,ovos-skill-laugh.openvoiceos:RandomLaugh.intent,despertar riso aleatório
pt,ovos-skill-laugh.openvoiceos:RandomLaugh.intent,risadas aleatórias
pt,ovos-skill-laugh.openvoiceos:RandomLaugh.intent,rir de forma imprevisível
pt,ovos-skill-laugh.openvoiceos:RandomLaugh.intent,provocar risos aleatórios
eu,ovos-skill-laugh.openvoiceos:haunted.intent,exorzismo bat behar al duzu?
en,ovos-skill-laugh.openvoiceos:haunted.intent,are you haunted
gl,ovos-skill-laugh.openvoiceos:haunted.intent,precisas dun exorcismo?
gl,ovos-skill-laugh.openvoiceos:haunted.intent,tes un meigallo?
fr,ovos-skill-laugh.openvoiceos:haunted.intent,es-tu hanté?
de,ovos-skill-laugh.openvoiceos:haunted.intent,bist du verwunschen
ca,ovos-skill-laugh.openvoiceos:haunted.intent,estàs embruixada
it,ovos-skill-laugh.openvoiceos:haunted.intent,hai bisogno di essere esorcizzato?
it,ovos-skill-laugh.openvoiceos:haunted.intent,sei posseduta?
pt,ovos-skill-laugh.openvoiceos:haunted.intent,és assombrado
pt,ovos-skill-laugh.openvoiceos:haunted.intent,estás possuído?
da,ovos-skill-laugh.openvoiceos:haunted.intent,har du brug for en eksorcisme
ca,ovos-skill-laugh.openvoiceos:haunted.intent,et cal un exorcista
de,ovos-skill-laugh.openvoiceos:haunted.intent,brauchst du einen exorzismus
ca,ovos-skill-laugh.openvoiceos:haunted.intent,necessites un exorcisme
en,ovos-skill-laugh.openvoiceos:haunted.intent,do you need an exorcism
eu,ovos-skill-laugh.openvoiceos:haunted.intent,sorginduta al zaude?
da,ovos-skill-laugh.openvoiceos:haunted.intent,er du hjemsøgt
pt,ovos-skill-laugh.openvoiceos:haunted.intent,precisa de um exorcismo
ca,ovos-skill-laugh.openvoiceos:haunted.intent,estàs embruixat
ca,ovos-skill-laugh.openvoiceos:haunted.intent,estàs posesió
ca,ovos-skill-laugh.openvoiceos:haunted.intent,estàs possess
ca,ovos-skill-laugh.openvoiceos:haunted.intent,estàs posseïda
ca,ovos-skill-laugh.openvoiceos:haunted.intent,estàs posseït
fr,ovos-skill-laugh.openvoiceos:haunted.intent,as-tu besoin d'un exorcisme
fr,ovos-skill-moviemaster.openvoiceos:genre.movie.search.intent,trouve les videos {genre}
pt,ovos-skill-moviemaster.openvoiceos:genre.movie.search.intent,encontrar filmes {género}
gl,ovos-skill-moviemaster.openvoiceos:genre.movie.search.intent,fai unha lista de películas que sexan de {genre}
da,ovos-skill-moviemaster.openvoiceos:genre.movie.search.intent,find film der er en {genre}
de,ovos-skill-moviemaster.openvoiceos:genre.movie.search.intent,finde filme die in {genre} sind
eu,ovos-skill-moviemaster.openvoiceos:genre.movie.search.intent,aurkitu {genre} diren filmak
en,ovos-skill-moviemaster.openvoiceos:genre.movie.search.intent,list films that are  {genre}
eu,ovos-skill-moviemaster.openvoiceos:genre.movie.search.intent,zerrendatu {genre} pelikulak
it,ovos-skill-moviemaster.openvoiceos:genre.movie.search.intent,elenca di {genre}
pt,ovos-skill-moviemaster.openvoiceos:genre.movie.search.intent,buscar curtas {genre}
de,ovos-skill-moviemaster.openvoiceos:genre.movie.search.intent,liste {genre} movies
it,ovos-skill-moviemaster.openvoiceos:genre.movie.search.intent,trova  {genre}
es,ovos-skill-moviemaster.openvoiceos:genre.movie.search.intent,listar filmes que son un {genre}
pt,ovos-skill-moviemaster.openvoiceos:genre.movie.search.intent,procurar filmes de {genre}
it,ovos-skill-moviemaster.openvoiceos:genre.movie.search.intent,cerca film {genre}
fr,ovos-skill-moviemaster.openvoiceos:genre.movie.search.intent,liste moi les vidéos du genre {genre}
pt,ovos-skill-moviemaster.openvoiceos:genre.movie.search.intent,exibir curtas que são de {genre}
gl,ovos-skill-moviemaster.openvoiceos:genre.movie.search.intent,busca filmes que sexan  {genre}
en,ovos-skill-moviemaster.openvoiceos:genre.movie.search.intent,find {genre} films
pt,ovos-skill-moviemaster.openvoiceos:genre.movie.search.intent,lista de filmes que são um {género}
da,ovos-skill-moviemaster.openvoiceos:genre.movie.search.intent,list {genre} film
es,ovos-skill-moviemaster.openvoiceos:genre.movie.search.intent,encontrar películas de {genre}
pt,ovos-skill-moviemaster.openvoiceos:genre.movie.search.intent,listar curtas de {genre}
de,ovos-skill-moviemaster.openvoiceos:genre.movie.search.intent,finde {genre} movies
fr,ovos-skill-moviemaster.openvoiceos:genre.movie.search.intent,liste les films {genre}
de,ovos-skill-moviemaster.openvoiceos:genre.tv.search.intent,finde {genre} fernsehsendungen
pt,ovos-skill-moviemaster.openvoiceos:genre.tv.search.intent,lista de programas de televisão que são um {género}
da,ovos-skill-moviemaster.openvoiceos:genre.tv.search.intent,find fjernsynsprogrammer der er en {genre}
de,ovos-skill-moviemaster.openvoiceos:genre.tv.search.intent,hole fernsehssendungen die in {genre} sind
fr,ovos-skill-moviemaster.openvoiceos:genre.tv.search.intent,récupère les émissions télé {genre}
eu,ovos-skill-moviemaster.openvoiceos:genre.tv.search.intent,aurkitu {genre} diren tb saioak
en,ovos-skill-moviemaster.openvoiceos:genre.tv.search.intent,get television shows that are {genre}
it,ovos-skill-moviemaster.openvoiceos:genre.tv.search.intent,quali sono programmi televisivi del {genre}
it,ovos-skill-moviemaster.openvoiceos:genre.tv.search.intent,cerca di serie tv {genre}
da,ovos-skill-moviemaster.openvoiceos:genre.tv.search.intent,list {genre} fjernsnsprogrammer
eu,ovos-skill-moviemaster.openvoiceos:genre.tv.search.intent,lortu {genre} ikuskizunak
pt,ovos-skill-moviemaster.openvoiceos:genre.tv.search.intent,pegar {genre} seriados
de,ovos-skill-moviemaster.openvoiceos:genre.tv.search.intent,liste {genre} sendung
pt,ovos-skill-moviemaster.openvoiceos:genre.tv.search.intent,listar {genre} séries
it,ovos-skill-moviemaster.openvoiceos:genre.tv.search.intent,cercami show {genre}
pt,ovos-skill-moviemaster.openvoiceos:genre.tv.search.intent,encontrar {genre} programas
gl,ovos-skill-moviemaster.openvoiceos:genre.tv.search.intent,atopa programas da tele que sexan {genre}
es,ovos-skill-moviemaster.openvoiceos:genre.tv.search.intent,obtener shows que son del género {genre}
it,ovos-skill-moviemaster.openvoiceos:genre.tv.search.intent,dimmi programmi tv {genre}
da,ovos-skill-moviemaster.openvoiceos:genre.tv.search.intent,find {genre} programmer
eu,ovos-skill-moviemaster.openvoiceos:genre.tv.search.intent,zerrendatu {genre} telebistako saioak
gl,ovos-skill-moviemaster.openvoiceos:genre.tv.search.intent,busca programas de {genre}
pt,ovos-skill-moviemaster.openvoiceos:genre.tv.search.intent,obter programas de tv do género {genre}
it,ovos-skill-moviemaster.openvoiceos:genre.tv.search.intent,elenco di show televisivi {genre}
it,ovos-skill-moviemaster.openvoiceos:genre.tv.search.intent,trova programmi di {genre}
eu,ovos-skill-moviemaster.openvoiceos:movie.genre.search.intent,zerrendatu {genre} pelikulak
pt,ovos-skill-moviemaster.openvoiceos:movie.genre.search.intent,encontrar filmes do género {género}
gl,ovos-skill-moviemaster.openvoiceos:movie.genre.search.intent,fai unha lista de pelis que sexan de {genre}
da,ovos-skill-moviemaster.openvoiceos:movie.genre.search.intent,liste film der er  {genre}
eu,ovos-skill-moviemaster.openvoiceos:movie.genre.search.intent,aurkitu {genre} diren filmak
en,ovos-skill-moviemaster.openvoiceos:movie.genre.search.intent,list films that are  {genre}
de,ovos-skill-moviemaster.openvoiceos:movie.genre.search.intent,finde {genre} filme
de,ovos-skill-moviemaster.openvoiceos:movie.genre.search.intent,suche {genre} streifen
en,ovos-skill-moviemaster.openvoiceos:movie.genre.search.intent,find {genre} flicks
gl,ovos-skill-moviemaster.openvoiceos:movie.genre.search.intent,busca películas de {genre}
pt,ovos-skill-moviemaster.openvoiceos:movie.genre.search.intent,lista de filmes que são um {género}
gl,ovos-skill-moviemaster.openvoiceos:movie.genre.search.intent,busca filmes que sexan  {genre}
de,ovos-skill-moviemaster.openvoiceos:movie.genre.search.intent,finde movies aus der gruppe  {genre}
pt,ovos-skill-moviemaster.openvoiceos:movie.genre.search.intent,encontrar filmes que sejam {genre}
en,ovos-skill-moviemaster.openvoiceos:movie.genre.search.intent,list {genre} movies
da,ovos-skill-moviemaster.openvoiceos:movie.genre.search.intent,find {genre} film
en,ovos-skill-moviemaster.openvoiceos:movie.genre.search.intent,find {genre} films
en,ovos-skill-moviemaster.openvoiceos:movie.genre.search.intent,find movies that are  {genre}
eu,ovos-skill-moviemaster.openvoiceos:movie.genre.search.intent,aurkitu {genre} pelikulak
eu,ovos-skill-moviemaster.openvoiceos:movie.genre.search.intent,zerrendatu {genre} filmak
de,ovos-skill-moviemaster.openvoiceos:movie.genre.search.intent,suche {genre} movies
pt,ovos-skill-moviemaster.openvoiceos:movie.genre.search.intent,listar filmes que sejam de {género}
de,ovos-skill-moviemaster.openvoiceos:movie.genre.search.intent,suche filme aus der gruppe  {genre}
gl,ovos-skill-moviemaster.openvoiceos:movie.genre.search.intent,busca pelis de {genre}
de,ovos-skill-moviemaster.openvoiceos:movie.genre.search.intent,finde {genre} streifen
eu,ovos-skill-moviemaster.openvoiceos:movie.production.intent,zein konpainiak egin du {movie} filma
it,ovos-skill-moviemaster.openvoiceos:movie.production.intent,quale casa di produzione ha fatto il film {movie}
es,ovos-skill-moviemaster.openvoiceos:movie.production.intent,qué companía hizo la película {movie}
da,ovos-skill-moviemaster.openvoiceos:movie.production.intent,hvilket firma ahr lavet filmen {movie}
gl,ovos-skill-moviemaster.openvoiceos:movie.production.intent,que empresa fixo o filme {movie}
en,ovos-skill-moviemaster.openvoiceos:movie.production.intent,what company made the movie {movie}
fr,ovos-skill-moviemaster.openvoiceos:movie.production.intent,quel studio a fait le film {movie}
de,ovos-skill-moviemaster.openvoiceos:movie.production.intent,wer produziert den film {movie}
pt,ovos-skill-moviemaster.openvoiceos:movie.production.intent,qual estúdio fez o filme {movie}
gl,ovos-skill-moviemaster.openvoiceos:movie.production.intent,quen produciu o filme {movie}
pt,ovos-skill-moviemaster.openvoiceos:movie.production.intent,quem produziu o filme {movie}
en,ovos-skill-moviemaster.openvoiceos:movie.production.intent,who produced the movie {movie}
fr,ovos-skill-moviemaster.openvoiceos:movie.production.intent,qui a produit le film {movie}
de,ovos-skill-moviemaster.openvoiceos:movie.production.intent,welche firma produzierte den film {movie}
it,ovos-skill-moviemaster.openvoiceos:movie.production.intent,chi ha prodotto il film {movie}
eu,ovos-skill-moviemaster.openvoiceos:movie.production.intent,nork produzitu du {movie} filma
es,ovos-skill-moviemaster.openvoiceos:movie.production.intent,quién produjo la película {movie}
da,ovos-skill-moviemaster.openvoiceos:movie.production.intent,hvem ahr produceret filmen {movie}
pt,ovos-skill-moviemaster.openvoiceos:movie.production.intent,qual empresa produziu o filme {movie}
gl,ovos-skill-moviemaster.openvoiceos:movie.production.intent,quen fixo o filme {movie}
it,ovos-skill-moviemaster.openvoiceos:movie.production.intent,quale compagnia ha fatto il film {movie}
pt,ovos-skill-moviemaster.openvoiceos:movie.production.intent,quem fez o filme {movie}
en,ovos-skill-moviemaster.openvoiceos:movie.production.intent,who made the movie {movie}
fr,ovos-skill-moviemaster.openvoiceos:movie.production.intent,qui a fait le film {movie}
de,ovos-skill-moviemaster.openvoiceos:movie.production.intent,wer produzierte den film {movie}
eu,ovos-skill-news.openvoiceos:global_news.intent,zer moduz doa mundua gaur?
en,ovos-skill-news.openvoiceos:global_news.intent,any big news globally
en,ovos-skill-news.openvoiceos:global_news.intent,how's the world doing today?
en,ovos-skill-news.openvoiceos:global_news.intent,what has happened internationally
pt,ovos-skill-news.openvoiceos:global_news.intent,como está o mundo hoje?
pt,ovos-skill-news.openvoiceos:global_news.intent,conte-me sobre as notícias globais
pt,ovos-skill-news.openvoiceos:global_news.intent,há alguma notícia de última hora globalmente?
pt,ovos-skill-news.openvoiceos:global_news.intent,o que aconteceu internacionalmente?
eu,ovos-skill-news.openvoiceos:global_news.intent,badago albiste garrantzitsu globalak?
es,ovos-skill-news.openvoiceos:global_news.intent,dame noticias globales
es,ovos-skill-news.openvoiceos:global_news.intent,¿hay alguna gran noticia global?
es,ovos-skill-news.openvoiceos:global_news.intent,¿qué ha pasado a nivel internacional?
gl,ovos-skill-news.openvoiceos:global_news.intent,dáme unha actualización das novas internacionais
gl,ovos-skill-news.openvoiceos:global_news.intent,hai algunha nova importante mundial?
de,ovos-skill-news.openvoiceos:global_news.intent,alle wichtigen nachrichten international
de,ovos-skill-news.openvoiceos:global_news.intent,erzähl mir was auf der welt passiert
ca,ovos-skill-news.openvoiceos:global_news.intent,com està el món avui?
ca,ovos-skill-news.openvoiceos:global_news.intent,diga'm les notícies globals
ca,ovos-skill-news.openvoiceos:global_news.intent,explica’m què passa arreu del globus
da,ovos-skill-news.openvoiceos:global_news.intent,enhver stor nyhed globalt
da,ovos-skill-news.openvoiceos:global_news.intent,fortæl mig om globale nyheder
da,ovos-skill-news.openvoiceos:global_news.intent,hvordan har verden det i dag?
ca,ovos-skill-news.openvoiceos:global_news.intent,pots posar la bbc?
nl,ovos-skill-news.openvoiceos:global_news.intent,wat gebeurt er nu overal?
nl,ovos-skill-news.openvoiceos:global_news.intent,wereldnieuws
eu,ovos-skill-news.openvoiceos:news.intent,albisteetako titularrak
en,ovos-skill-news.openvoiceos:news.intent,i want to hear the news
pt,ovos-skill-news.openvoiceos:news.intent,alguma notícia de última hora
pt,ovos-skill-news.openvoiceos:news.intent,atualize-me com notícias
eu,ovos-skill-news.openvoiceos:news.intent,albisteen azken eguneraketa
eu,ovos-skill-news.openvoiceos:news.intent,behar dut albisteak entzuteko
eu,ovos-skill-news.openvoiceos:news.intent,eguneratu nazazu
eu,ovos-skill-news.openvoiceos:news.intent,emadazu
eu,ovos-skill-news.openvoiceos:news.intent,eman albiste labur bat
eu,ovos-skill-news.openvoiceos:news.intent,entzun
eu,ovos-skill-news.openvoiceos:news.intent,esan
eu,ovos-skill-news.openvoiceos:news.intent,informatu
eu,ovos-skill-news.openvoiceos:news.intent,jarri
eu,ovos-skill-news.openvoiceos:news.intent,jokatu
eu,ovos-skill-news.openvoiceos:news.intent,kontatu gaurko berriak
eu,ovos-skill-news.openvoiceos:news.intent,toka
eu,ovos-skill-news.openvoiceos:news.intent,zeintzuk dira
eu,ovos-skill-news.openvoiceos:news.intent,zer dago albisteetan
es,ovos-skill-news.openvoiceos:news.intent,actualízame con noticias
gl,ovos-skill-news.openvoiceos:news.intent,cales son novas
gl,ovos-skill-news.openvoiceos:news.intent,escoitar asnoticias
gl,ovos-skill-news.openvoiceos:news.intent,faime un resumo informativo
gl,ovos-skill-news.openvoiceos:news.intent,reproducir asnovas
de,ovos-skill-news.openvoiceos:news.intent,ich möchte die nachrichten hören
de,ovos-skill-news.openvoiceos:news.intent,nachrichtenbericht
ca,ovos-skill-parrot.openvoiceos:did.you.hear.me.intent,hola hi ets?
en,ovos-skill-parrot.openvoiceos:did.you.hear.me.intent,can you hear me?
pt,ovos-skill-parrot.openvoiceos:did.you.hear.me.intent,você pode ouvir isso?
eu,ovos-skill-parrot.openvoiceos:did.you.hear.me.intent,entzun al didazu?
es,ovos-skill-parrot.openvoiceos:did.you.hear.me.intent,¿has oído eso?
es,ovos-skill-parrot.openvoiceos:did.you.hear.me.intent,¿oíste esto?
es,ovos-skill-parrot.openvoiceos:did.you.hear.me.intent,¿pudiste oírme?
gl,ovos-skill-parrot.openvoiceos:did.you.hear.me.intent,oes iso?
gl,ovos-skill-parrot.openvoiceos:did.you.hear.me.intent,oíches isto?
de,ovos-skill-parrot.openvoiceos:did.you.hear.me.intent,hast du mir ?
ca,ovos-skill-parrot.openvoiceos:did.you.hear.me.intent,em escoltes
ca,ovos-skill-parrot.openvoiceos:did.you.hear.me.intent,pots escoltar això
it,ovos-skill-parrot.openvoiceos:did.you.hear.me.intent,mi puoi sentire?
ca,ovos-skill-parrot.openvoiceos:did.you.hear.me.intent,t'ha quedat clar?
ca,ovos-skill-parrot.openvoiceos:did.you.hear.me.intent,estàs parant atenció?
ca,ovos-skill-parrot.openvoiceos:did.you.hear.me.intent,captes el que et dic?
es,ovos-skill-parrot.openvoiceos:did.you.hear.me.intent,¿te enteras?
es,ovos-skill-parrot.openvoiceos:did.you.hear.me.intent,¿estás pasando de mí?
es,ovos-skill-parrot.openvoiceos:did.you.hear.me.intent,¿hay alguien ahí?
es,ovos-skill-parrot.openvoiceos:did.you.hear.me.intent,¿queda claro?
es,ovos-skill-parrot.openvoiceos:did.you.hear.me.intent,¿capisci?
nl,ovos-skill-parrot.openvoiceos:did.you.hear.me.intent,heb je gehoord wat ik zei?
nl,ovos-skill-parrot.openvoiceos:did.you.hear.me.intent,alles helder?
ca,ovos-skill-parrot.openvoiceos:did.you.hear.me.intent,m'has sentit bé o he anat massa ràpid parlant?
nl,ovos-skill-parrot.openvoiceos:did.you.hear.me.intent,is het duidelijk voor je?
es,ovos-skill-personal.openvoiceos:WhenWereYouBorn.intent,¿cuántos años tienes?
en,ovos-skill-personal.openvoiceos:WhenWereYouBorn.intent,what is your date of birth
en,ovos-skill-personal.openvoiceos:WhenWereYouBorn.intent,when did you come into existence
pt,ovos-skill-personal.openvoiceos:WhenWereYouBorn.intent,qual é sua data de nascimento
pt,ovos-skill-personal.openvoiceos:WhenWereYouBorn.intent,quando você apareceu pela primeira vez
eu,ovos-skill-personal.openvoiceos:WhenWereYouBorn.intent,noiz asmatu zintuzten?
es,ovos-skill-personal.openvoiceos:WhenWereYouBorn.intent,cuando viniste al mundo
es,ovos-skill-personal.openvoiceos:WhenWereYouBorn.intent,cuándo empezaste a existir
gl,ovos-skill-personal.openvoiceos:WhenWereYouBorn.intent,cando fuches construído
nl,ovos-skill-personal.openvoiceos:WhenWereYouBorn.intent,wanneer ben je ontstaan?
fr,ovos-skill-personal.openvoiceos:WhenWereYouBorn.intent,quand as-tu été assemblé
de,ovos-skill-personal.openvoiceos:WhenWereYouBorn.intent,wann bist du geboren
de,ovos-skill-personal.openvoiceos:WhenWereYouBorn.intent,was ist dein geburtsdatum?
ca,ovos-skill-personal.openvoiceos:WhenWereYouBorn.intent,quan es va publicar la teva primera versió
da,ovos-skill-personal.openvoiceos:WhenWereYouBorn.intent,hvad er din fødselsdato
ca,ovos-skill-personal.openvoiceos:WhenWereYouBorn.intent,fa quant que ets aquí?
ca,ovos-skill-personal.openvoiceos:WhenWereYouBorn.intent,quin dia et van crear?
es,ovos-skill-personal.openvoiceos:WhenWereYouBorn.intent,¿qué día te crearon?
es,ovos-skill-personal.openvoiceos:WhenWereYouBorn.intent,¿fuiste creado hace mucho?
ca,ovos-skill-personal.openvoiceos:WhenWereYouBorn.intent,em pots dir quan vas néixer?
nl,ovos-skill-personal.openvoiceos:WhenWereYouBorn.intent,op welke datum zijn je makers begonnen met jou?
it,ovos-skill-personal.openvoiceos:WhenWereYouBorn.intent,quando sei stata creata
da,ovos-skill-personal.openvoiceos:WhenWereYouBorn.intent,hvornår begyndte du at eksistere
pt,ovos-skill-personal.openvoiceos:WhenWereYouBorn.intent,quando é que foi criado
de,ovos-skill-personal.openvoiceos:WhenWereYouBorn.intent,wann wurde deine erste version veröffentlicht
es,ovos-skill-personal.openvoiceos:WhereWereYouBorn.intent,¿tienes alguna nacionalidad?
en,ovos-skill-personal.openvoiceos:WhereWereYouBorn.intent,where did you originate
pt,ovos-skill-personal.openvoiceos:WhereWereYouBorn.intent,de onde você vem
eu,ovos-skill-personal.openvoiceos:WhereWereYouBorn.intent,non asmatu zintuzten?
es,ovos-skill-personal.openvoiceos:WhereWereYouBorn.intent,dónde fuiste construido
nl,ovos-skill-personal.openvoiceos:WhereWereYouBorn.intent,waar ben je geboren
fr,ovos-skill-personal.openvoiceos:WhereWereYouBorn.intent,où as-tu été conçu
de,ovos-skill-personal.openvoiceos:WhereWereYouBorn.intent,wo kommst du her
ca,ovos-skill-personal.openvoiceos:WhereWereYouBorn.intent,d'on es va publicar la teva primera versió
it,ovos-skill-personal.openvoiceos:WhereWereYouBorn.intent,dove sei nata
da,ovos-skill-personal.openvoiceos:WhereWereYouBorn.intent,hvor blev din første version udgivet
ca,ovos-skill-personal.openvoiceos:WhereWereYouBorn.intent,quin és el teu lloc d'origen?
ca,ovos-skill-personal.openvoiceos:WhereWereYouBorn.intent,a quina empresa et van fer?
ca,ovos-skill-personal.openvoiceos:WhereWereYouBorn.intent,vas néixer a catalunya?
es,ovos-skill-personal.openvoiceos:WhereWereYouBorn.intent,¿en qué sitio naciste?
es,ovos-skill-personal.openvoiceos:WhereWereYouBorn.intent,¿eres extranjero o español?
ca,ovos-skill-personal.openvoiceos:WhereWereYouBorn.intent,d'on t'has sortit?
gl,ovos-skill-personal.openvoiceos:WhereWereYouBorn.intent,onde se publicou a túa primeira versión
nl,ovos-skill-personal.openvoiceos:WhereWereYouBorn.intent,wie waren de eerste mensen die je begroetten?
nl,ovos-skill-personal.openvoiceos:WhereWereYouBorn.intent,wat is jouw plek van herkomst?
pt,ovos-skill-personal.openvoiceos:WhereWereYouBorn.intent,onde é que te programaram
ca,ovos-skill-personal.openvoiceos:WhereWereYouBorn.intent,doncs d'on vens
da,ovos-skill-personal.openvoiceos:WhereWereYouBorn.intent,hvor er du født
es,ovos-skill-personal.openvoiceos:WhereWereYouBorn.intent,¿cuál es tu lugar de nacimiento?
gl,ovos-skill-personal.openvoiceos:WhereWereYouBorn.intent,onde fuches deseñado
ca,ovos-skill-personal.openvoiceos:WhoMadeYou.intent,quin nom tenen els teus creadors?
en,ovos-skill-personal.openvoiceos:WhoMadeYou.intent,by whom were you built
en,ovos-skill-personal.openvoiceos:WhoMadeYou.intent,who is your builder
pt,ovos-skill-personal.openvoiceos:WhoMadeYou.intent,por quem você foi construído
eu,ovos-skill-personal.openvoiceos:WhoMadeYou.intent,nor izan zen asmatu zintuena?
eu,ovos-skill-personal.openvoiceos:WhoMadeYou.intent,nork egin zintuen?
es,ovos-skill-personal.openvoiceos:WhoMadeYou.intent,quién te construyó
gl,ovos-skill-personal.openvoiceos:WhoMadeYou.intent,quen é o teu construtor
nl,ovos-skill-personal.openvoiceos:WhoMadeYou.intent,door wie ben je gebouwd
fr,ovos-skill-personal.openvoiceos:WhoMadeYou.intent,par qui as-tu été conçu
de,ovos-skill-personal.openvoiceos:WhoMadeYou.intent,von wem wurdest du entworfen
de,ovos-skill-personal.openvoiceos:WhoMadeYou.intent,wer hat dich erfunden
it,ovos-skill-personal.openvoiceos:WhoMadeYou.intent,chi ti ha costruita
da,ovos-skill-personal.openvoiceos:WhoMadeYou.intent,hvem byggede dig
ca,ovos-skill-personal.openvoiceos:WhoMadeYou.intent,et van fer uns enginyers?
ca,ovos-skill-personal.openvoiceos:WhoMadeYou.intent,com es diuen les persones que t'han creat?
es,ovos-skill-personal.openvoiceos:WhoMadeYou.intent,¿quiénes son tus papás?
nl,ovos-skill-personal.openvoiceos:WhoMadeYou.intent,hoe heten de mensen die jou hebben gemaakt?
ca,ovos-skill-personal.openvoiceos:WhoMadeYou.intent,per qui vas ser construït
es,ovos-skill-personal.openvoiceos:WhoMadeYou.intent,¿cómo se llama la persona que te creó?
nl,ovos-skill-personal.openvoiceos:WhoMadeYou.intent,vertel me wie jou ontwikkeld heeft
es,ovos-skill-personal.openvoiceos:WhoMadeYou.intent,¿podrías explicare quien te ha hecho?
ca,ovos-skill-personal.openvoiceos:WhoMadeYou.intent,qui t'ha posat en marxa?
nl,ovos-skill-personal.openvoiceos:WhoMadeYou.intent,wie zijn jouw makers?
fr,ovos-skill-personal.openvoiceos:WhoMadeYou.intent,qui t'a créé
es,ovos-skill-wikipedia.openvoiceos:wikiroulette.intent,explícame algo
en,ovos-skill-wikipedia.openvoiceos:wikiroulette.intent,display random wiki
en,ovos-skill-wikipedia.openvoiceos:wikiroulette.intent,play the wikipedia roulette
pt,ovos-skill-wikipedia.openvoiceos:wikiroulette.intent,abra página aleatória wikipédia
es,ovos-skill-wikipedia.openvoiceos:wikiroulette.intent,abre unawiki al azar
es,ovos-skill-wikipedia.openvoiceos:wikiroulette.intent,enseña unawikipedia aleatoria
ca,ovos-skill-wikipedia.openvoiceos:wikiroulette.intent,article a l'atzar de la viqui
ca,ovos-skill-wikipedia.openvoiceos:wikiroulette.intent,pàgina viquipèdia aleatori
ca,ovos-skill-wikipedia.openvoiceos:wikiroulette.intent,ensenya'm una entrada que no conegui
es,ovos-skill-wikipedia.openvoiceos:wikiroulette.intent,dame información sobre cualquier tema
es,ovos-skill-wikipedia.openvoiceos:wikiroulette.intent,lee un artículo aleatorio
nl,ovos-skill-wikipedia.openvoiceos:wikiroulette.intent,leg me een willekeurig artikel uit
nl,ovos-skill-wikipedia.openvoiceos:wikiroulette.intent,ik wil wat nieuws leren van wikipedia
eu,ovos-skill-wikipedia.openvoiceos:wikiroulette.intent,(erakutsi|bistaratu|ireki wikipedia ausaz
gl,ovos-skill-wikipedia.openvoiceos:wikiroulette.intent,páxina da wikipedia ao chou
eu,ovos-skill-wikipedia.openvoiceos:wikiroulette.intent,wikipedia ausazko orria
de,ovos-skill-wikipedia.openvoiceos:wikiroulette.intent,zufällige wikipedia seite
pt,ovos-skill-wikipedia.openvoiceos:wikiroulette.intent,jogar na roleta do wiki
eu,ovos-skill-wikipedia.openvoiceos:wikiroulette.intent,erreproduzitu wikipedia erruleta
fr,ovos-skill-wikipedia.openvoiceos:wikiroulette.intent,affiche le wiki aléatoirement
de,ovos-skill-wikipedia.openvoiceos:wikiroulette.intent,starte zufälliges wikipedia
da,ovos-skill-wikipedia.openvoiceos:wikiroulette.intent,tilfældig wikipedia side
nl,ovos-skill-wikipedia.openvoiceos:wikiroulette.intent,geef willekeurige wikipedia
fr,ovos-skill-wikipedia.openvoiceos:wikiroulette.intent,page wiki aléatoire
it,ovos-skill-wikipedia.openvoiceos:wikiroulette.intent,dimmi di articolo di wikipedia a caso
it,ovos-skill-wordnet.openvoiceos:lemma.intent,quali sono i lemmi di {query}
fr,ovos-skill-wordnet.openvoiceos:lemma.intent,qu'est-ce qu'une lemme de {query}
de,ovos-skill-wordnet.openvoiceos:lemma.intent,was sind die lemmata von {query}
en,ovos-skill-wordnet.openvoiceos:lemma.intent,what are the lemmas of {query}
da,ovos-skill-wordnet.openvoiceos:lemma.intent,hvad er et lemma for {query}
eu,ovos-skill-wordnet.openvoiceos:lemma.intent,zein dira honen lemak {query}
ca,ovos-skill-wordnet.openvoiceos:lemma.intent,digue'me quins són els lemes per a {query}
ca,ovos-skill-wordnet.openvoiceos:lemma.intent,digues quin lema té {query}
es,ovos-skill-wordnet.openvoiceos:lemma.intent,¿cuáles son los lemas de {query}?
pt,ovos-skill-wordnet.openvoiceos:lemma.intent,qual é o sinónimo de {query}
es,ovos-skill-wordnet.openvoiceos:lemma.intent,¿qué es un lema de {query}?
pt,ovos-skill-wordnet.openvoiceos:lemma.intent,o que é um lema de {query}
it,ovos-skill-wordnet.openvoiceos:lemma.intent,che cosa è il lemma di {query}
fr,ovos-skill-wordnet.openvoiceos:lemma.intent,ce sont les lemmas de {query}
pt,ovos-skill-wordnet.openvoiceos:lemma.intent,quais são os lemas de {query}
ca,ovos-skill-wordnet.openvoiceos:lemma.intent,dis-me quin és el lema de {query}
de,ovos-skill-wordnet.openvoiceos:lemma.intent,was ist das lemma von {query}
fr,ovos-skill-wordnet.openvoiceos:lemma.intent,quelle est la lemme de {query}
eu,ovos-skill-wordnet.openvoiceos:lemma.intent,zein da honen lema bat {query}
en,ovos-skill-wordnet.openvoiceos:lemma.intent,what is a lemma of {query}
gl,ovos-skill-wordnet.openvoiceos:lemma.intent,cal é un lema de {query}
es,ovos-skill-wordnet.openvoiceos:lemma.intent,¿cuál es el lema de {query}?
da,ovos-skill-wordnet.openvoiceos:lemma.intent,hvad er lemmaerne i {query}
gl,ovos-skill-wordnet.openvoiceos:lemma.intent,cales son os lemas de {query}
ca,ovos-skill-wordnet.openvoiceos:lemma.intent,digues quin és el lema per a {query}
pt,ovos-skill-ddg.openvoiceos:search_wolfie.intent,pergunta ao pato {query}
pt,ovos-skill-diagnostics.openvoiceos:no_secondary_langs.intent,eu não falo outra língua
pt,ovos-skill-weather.openvoiceos:do.i.need.an.umbrella.intent,devo levar um casaco de chuva
pt,ovos-skill-weather.openvoiceos:do.i.need.an.umbrella.intent,devo levar um guarda-chuva
pt,ovos-skill-weather.openvoiceos:do.i.need.an.umbrella.intent,preciso de um guarda-chuva
pt,ovos-skill-weather.openvoiceos:do.i.need.an.umbrella.intent,preciso de uma capa de chuva
gl,ovos-skill-weather.openvoiceos:do.i.need.an.umbrella.intent,debería traer un paraugas
gl,ovos-skill-weather.openvoiceos:do.i.need.an.umbrella.intent,debo levar unha gabardina
gl,ovos-skill-weather.openvoiceos:do.i.need.an.umbrella.intent,necesito unha gabardina
gl,ovos-skill-weather.openvoiceos:do.i.need.an.umbrella.intent,preciso dun paraugas
it,ovos-skill-weather.openvoiceos:do.i.need.an.umbrella.intent,devo prendere il giaccone?
it,ovos-skill-weather.openvoiceos:do.i.need.an.umbrella.intent,devo prendere l'ombrello?
it,ovos-skill-weather.openvoiceos:do.i.need.an.umbrella.intent,piove?
en,ovos-skill-weather.openvoiceos:current_weather,what's the weather like?
en,ovos-skill-weather.openvoiceos:current_weather,how's the weather in lisbon?
en,ovos-skill-weather.openvoiceos:current_weather,what's the weather now?
en,ovos-skill-weather.openvoiceos:current_weather,can you tell me the current weather?
en,ovos-skill-weather.openvoiceos:current_weather,is it nice outside right now?
en,ovos-skill-weather.openvoiceos:current_weather,what's it like outside?
en,ovos-skill-weather.openvoiceos:current_weather,is it nice outside?
en,ovos-skill-weather.openvoiceos:current_weather,how's the weather outside?
en,ovos-skill-weather.openvoiceos:current_weather,can i go out without a jacket?
en,ovos-skill-weather.openvoiceos:current_weather,what's the weather like outside right now?
en,ovos-skill-weather.openvoiceos:current_weather,what's the outside condition right now?
en,ovos-skill-weather.openvoiceos:current_weather,how's it looking outside weather-wise?
en,ovos-skill-weather.openvoiceos:current_weather,would you say the weather is good now?
en,ovos-skill-weather.openvoiceos:current_weather,can you check the weather in rome for me?
en,ovos-skill-weather.openvoiceos:current_weather,what's the weather like right now in tokyo?
en,ovos-skill-weather.openvoiceos:current_weather,give me the current weather in são paulo.
en,ovos-skill-weather.openvoiceos:current_weather,how’s it looking in vancouver weather-wise?
en,ovos-skill-weather.openvoiceos:current_weather,what's the weather like in porto?
en,ovos-skill-weather.openvoiceos:current_weather,how's the weather in new york right now?
en,ovos-skill-weather.openvoiceos:current_weather,can you tell me the current weather in tokyo?
en,ovos-skill-weather.openvoiceos:current_weather,is it nice outside in paris today?
en,ovos-skill-weather.openvoiceos:current_weather,what's the weather like outside in madrid?
en,ovos-skill-weather.openvoiceos:daily_forecast,what's the weather going to be like on tuesday?
en,ovos-skill-weather.openvoiceos:daily_forecast,how's the weather tomorrow?
en,ovos-skill-weather.openvoiceos:daily_forecast,what's tomorrow's forecast in seattle?
en,ovos-skill-weather.openvoiceos:daily_forecast,what's the weather on thursday?
en,ovos-skill-weather.openvoiceos:daily_forecast,how will the weather be on monday?
en,ovos-skill-weather.openvoiceos:daily_forecast,will it rain tomorrow?
en,ovos-skill-weather.openvoiceos:daily_forecast,can you give me tomorrow's weather update?
en,ovos-skill-weather.openvoiceos:daily_forecast,what should i expect from the weather on sunday?
en,ovos-skill-weather.openvoiceos:daily_forecast,is it going to rain the day after tomorrow?
en,ovos-skill-weather.openvoiceos:daily_forecast,what's the forecast for two days from now?
en,ovos-skill-weather.openvoiceos:daily_forecast,will it be sunny on wednesday?
en,ovos-skill-weather.openvoiceos:daily_forecast,what’s the forecast in madrid for thursday?
en,ovos-skill-weather.openvoiceos:daily_forecast,can i get tomorrow's weather in cape town?
en,ovos-skill-weather.openvoiceos:daily_forecast,how will the weather be in oslo on monday?
en,ovos-skill-weather.openvoiceos:daily_forecast,forecast for wednesday in istanbul?
en,ovos-skill-weather.openvoiceos:daily_forecast,is it going to rain in dublin tomorrow?
en,ovos-skill-weather.openvoiceos:daily_forecast,what's the weather going to be like on tuesday in berlin?
en,ovos-skill-weather.openvoiceos:daily_forecast,how's the weather tomorrow in rome?
en,ovos-skill-weather.openvoiceos:daily_forecast,what should i expect from the weather on sunday in amsterdam?
en,ovos-skill-weather.openvoiceos:daily_forecast,will it be sunny on wednesday in barcelona?
en,ovos-skill-weather.openvoiceos:hourly_forecast,what's the forecast for friday 9 pm?
en,ovos-skill-weather.openvoiceos:hourly_forecast,tell me the weather at 6 am tomorrow
en,ovos-skill-weather.openvoiceos:hourly_forecast,how's the weather tonight?
en,ovos-skill-weather.openvoiceos:hourly_forecast,what’s it like this evening?
en,ovos-skill-weather.openvoiceos:hourly_forecast,will it rain around noon?
en,ovos-skill-weather.openvoiceos:hourly_forecast,could you tell me the weather at 3pm?
en,ovos-skill-weather.openvoiceos:hourly_forecast,what's it going to be like in a couple of hours?
en,ovos-skill-weather.openvoiceos:hourly_forecast,how will the weather change throughout the evening?
en,ovos-skill-weather.openvoiceos:hourly_forecast,is there any rain expected tonight?
en,ovos-skill-weather.openvoiceos:hourly_forecast,will it be cloudy around 10am?
en,ovos-skill-weather.openvoiceos:hourly_forecast,what's the weather at 10pm in toronto?
en,ovos-skill-weather.openvoiceos:hourly_forecast,can i get the hourly forecast for chicago this evening?
en,ovos-skill-weather.openvoiceos:hourly_forecast,how’s it looking around 8am in paris?
en,ovos-skill-weather.openvoiceos:hourly_forecast,will it rain at 3pm in prague?
en,ovos-skill-weather.openvoiceos:hourly_forecast,what’s the forecast like at midnight in melbourne?
en,ovos-skill-weather.openvoiceos:hourly_forecast,what's the forecast for friday 9 pm in london?
en,ovos-skill-weather.openvoiceos:hourly_forecast,tell me the weather at 6 am tomorrow in chicago
en,ovos-skill-weather.openvoiceos:hourly_forecast,how's the weather tonight in dublin?
en,ovos-skill-weather.openvoiceos:hourly_forecast,what’s it like this evening in sydney?
en,ovos-skill-weather.openvoiceos:hourly_forecast,will it rain around noon in toronto?
en,ovos-skill-weather.openvoiceos:N_days_forecast,will it stay dry all week?
en,ovos-skill-weather.openvoiceos:N_days_forecast,what is the 3 day forecast?
en,ovos-skill-weather.openvoiceos:N_days_forecast,can i get a weekly outlook?
en,ovos-skill-weather.openvoiceos:N_days_forecast,any storms expected in the next few days?
en,ovos-skill-weather.openvoiceos:N_days_forecast,give me a heads up for this week's weather.
en,ovos-skill-weather.openvoiceos:N_days_forecast,how does the week look in mumbai?
en,ovos-skill-weather.openvoiceos:N_days_forecast,tell me what to expect this week in buenos aires.
en,ovos-skill-weather.openvoiceos:N_days_forecast,will the whole week be sunny?
en,ovos-skill-weather.openvoiceos:N_days_forecast,is it going to be a wet week?
en,ovos-skill-weather.openvoiceos:N_days_forecast,can you give me a 5-day forecast for berlin?
en,ovos-skill-weather.openvoiceos:N_days_forecast,what’s the weather like this week in lima?
en,ovos-skill-weather.openvoiceos:N_days_forecast,seven day forecast please for athens
en,ovos-skill-weather.openvoiceos:N_days_forecast,tell me the forecast for the next 5 days
en,ovos-skill-weather.openvoiceos:N_days_forecast,how's the weather for the upcoming week?
en,ovos-skill-weather.openvoiceos:N_days_forecast,give me the week’s forecast in brussels.
en,ovos-skill-weather.openvoiceos:N_days_forecast,how’s the weather shaping up over the next few days?
en,ovos-skill-weather.openvoiceos:N_days_forecast,what's coming up in the weather for the next week?
en,ovos-skill-weather.openvoiceos:N_days_forecast,how will the weather be over the week in warsaw?
en,ovos-skill-weather.openvoiceos:N_days_forecast,give me the 10-day forecast for copenhagen
en,ovos-skill-weather.openvoiceos:N_days_forecast,what’s the outlook for the next few days in vienna?
en,ovos-skill-weather.openvoiceos:N_days_forecast,give me the weather for the entire week in istanbul
en,ovos-skill-weather.openvoiceos:N_days_forecast,what does the weather look like for the next 7 days?
en,ovos-skill-weather.openvoiceos:N_days_forecast,what's the weekly forecast?
en,ovos-skill-weather.openvoiceos:N_days_forecast,what's the weather like all week?
en,ovos-skill-weather.openvoiceos:N_days_forecast,what’s the weather for the next 3 days in barcelona?
en,ovos-skill-weather.openvoiceos:weekend_forecast,what’s the weather this weekend?
en,ovos-skill-weather.openvoiceos:weekend_forecast,will it rain over the weekend?
en,ovos-skill-weather.openvoiceos:weekend_forecast,forecast for saturday and sunday?
en,ovos-skill-weather.openvoiceos:weekend_forecast,is the weekend going to be sunny?
en,ovos-skill-weather.openvoiceos:weekend_forecast,what’s the weekend weather like?
en,ovos-skill-weather.openvoiceos:weekend_forecast,what's the weekend forecast?
en,ovos-skill-weather.openvoiceos:weekend_forecast,how's the weather this weekend?
en,ovos-skill-weather.openvoiceos:weekend_forecast,what's the weather like on saturday and sunday?
en,ovos-skill-weather.openvoiceos:weekend_forecast,give me the weekend weather update.
en,ovos-skill-weather.openvoiceos:weekend_forecast,should i expect rain this weekend?
en,ovos-skill-weather.openvoiceos:weekend_forecast,is the weekend looking dry?
en,ovos-skill-weather.openvoiceos:weekend_forecast,will sunday be sunny?
en,ovos-skill-weather.openvoiceos:weekend_forecast,do i need to cancel plans this weekend due to weather?
en,ovos-skill-weather.openvoiceos:weekend_forecast,what's saturday's forecast?
en,ovos-skill-weather.openvoiceos:weekend_forecast,will it be sunny in florence this weekend?
en,ovos-skill-weather.openvoiceos:weekend_forecast,weekend forecast for johannesburg?
en,ovos-skill-weather.openvoiceos:weekend_forecast,how’s the weather on saturday and sunday in warsaw?
en,ovos-skill-weather.openvoiceos:weekend_forecast,will it rain in athens this weekend?
en,ovos-skill-weather.openvoiceos:weekend_forecast,what’s the weekend outlook for edinburgh?
en,ovos-skill-weather.openvoiceos:weekend_forecast,what’s the weather this weekend in oslo?
en,ovos-skill-weather.openvoiceos:weekend_forecast,will it rain over the weekend in stockholm?
en,ovos-skill-weather.openvoiceos:weekend_forecast,forecast for saturday and sunday in helsinki?
en,ovos-skill-weather.openvoiceos:weekend_forecast,is the weekend going to be sunny in zurich?
en,ovos-skill-weather.openvoiceos:weekend_forecast,what's the weekend weather like in brussels?
en,ovos-skill-weather.openvoiceos:current_temperature,will i need a coat today in dublin?
en,ovos-skill-weather.openvoiceos:current_temperature,tell me the current temperature
en,ovos-skill-weather.openvoiceos:current_temperature,how hot is it outside?
en,ovos-skill-weather.openvoiceos:current_temperature,is the weather too cold for shorts?
en,ovos-skill-weather.openvoiceos:current_temperature,what's the temp right now in madrid?
en,ovos-skill-weather.openvoiceos:current_temperature,what's the outside temperature currently?
en,ovos-skill-weather.openvoiceos:current_temperature,temperature update for today.
en,ovos-skill-weather.openvoiceos:current_temperature,do you know the temperature right now?
en,ovos-skill-weather.openvoiceos:current_temperature,is it warm outside at the moment?
en,ovos-skill-weather.openvoiceos:current_temperature,is it cold right now?
en,ovos-skill-weather.openvoiceos:current_temperature,is it too hot to wear a sweater?
en,ovos-skill-weather.openvoiceos:current_temperature,what is the temperature in celsius in porto?
en,ovos-skill-weather.openvoiceos:current_temperature,is today a hot day?
en,ovos-skill-weather.openvoiceos:current_temperature,is it chilly outside in amsterdam?
en,ovos-skill-weather.openvoiceos:current_temperature,current temperature please.
en,ovos-skill-weather.openvoiceos:current_temperature,can you give me the current temp?
en,ovos-skill-weather.openvoiceos:current_temperature,do i need a coat right now?
en,ovos-skill-weather.openvoiceos:current_temperature,how warm is it today?
en,ovos-skill-weather.openvoiceos:current_temperature,what is the temperature in baltimore now?
en,ovos-skill-weather.openvoiceos:current_temperature,what's the temperature like outside now?
en,ovos-skill-weather.openvoiceos:current_temperature,what is the temperature?
en,ovos-skill-weather.openvoiceos:current_temperature,how freezing is it outside?
en,ovos-skill-weather.openvoiceos:current_temperature,how hot is it right now?
en,ovos-skill-weather.openvoiceos:current_temperature,tell me today's temperature.
en,ovos-skill-weather.openvoiceos:current_temperature,is it chilly outside?
en,ovos-skill-weather.openvoiceos:hourly_temperature,temperature around midnight?
en,ovos-skill-weather.openvoiceos:hourly_temperature,how cold will it be this evening?
en,ovos-skill-weather.openvoiceos:hourly_temperature,should i wear a jacket today?
en,ovos-skill-weather.openvoiceos:hourly_temperature,is it going to get chilly later?
en,ovos-skill-weather.openvoiceos:hourly_temperature,give me a sense of the temperature range.
en,ovos-skill-weather.openvoiceos:hourly_temperature,will i need a coat today?
en,ovos-skill-weather.openvoiceos:hourly_temperature,temperature at 7 am in sydney?
en,ovos-skill-weather.openvoiceos:hourly_temperature,temperature forecast for tonight?
en,ovos-skill-weather.openvoiceos:hourly_temperature,will it feel warm all day?
en,ovos-skill-weather.openvoiceos:hourly_temperature,what is the temperature tomorrow morning in chicago?
en,ovos-skill-weather.openvoiceos:hourly_temperature,tell me how warm it's going to be in paris
en,ovos-skill-weather.openvoiceos:hourly_temperature,how warm will the afternoon get?
en,ovos-skill-weather.openvoiceos:hourly_temperature,is it going to be mild or extreme today?
en,ovos-skill-weather.openvoiceos:hourly_temperature,is it dropping tonight?
en,ovos-skill-weather.openvoiceos:hourly_temperature,what's it like tomorrow evening?
en,ovos-skill-weather.openvoiceos:hourly_temperature,what's the temperature range for today in barcelona?
en,ovos-skill-weather.openvoiceos:hourly_temperature,is it going to be hot today in berlin?
en,ovos-skill-weather.openvoiceos:hourly_temperature,how hot will it get tomorrow in lisbon?
en,ovos-skill-weather.openvoiceos:hourly_temperature,what's the expected temperature this evening?
en,ovos-skill-weather.openvoiceos:hourly_temperature,how warm is it expected to be?
en,ovos-skill-weather.openvoiceos:hourly_temperature,is it going to be warm this afternoon in toronto?
en,ovos-skill-weather.openvoiceos:hourly_temperature,how cold should i expect it to be this morning?
en,ovos-skill-weather.openvoiceos:hourly_temperature,what is the temperature tonight in london?
en,ovos-skill-weather.openvoiceos:hourly_temperature,is it going to be cold tonight?
en,ovos-skill-weather.openvoiceos:hourly_temperature,how chilly is it going to be in madrid?
en,ovos-skill-weather.openvoiceos:high_temperature,what is the high temperature tomorrow?
en,ovos-skill-weather.openvoiceos:high_temperature,what is the high temperature in london on tuesday?
en,ovos-skill-weather.openvoiceos:high_temperature,how hot will it get tomorrow?
en,ovos-skill-weather.openvoiceos:high_temperature,what’s the maximum temperature today?
en,ovos-skill-weather.openvoiceos:high_temperature,tell me the high temp for saturday
en,ovos-skill-weather.openvoiceos:high_temperature,tell me the high for today.
en,ovos-skill-weather.openvoiceos:high_temperature,what's the maximum temperature today?
en,ovos-skill-weather.openvoiceos:high_temperature,what's the hottest it will get today?
en,ovos-skill-weather.openvoiceos:high_temperature,is tomorrow going to be really hot?
en,ovos-skill-weather.openvoiceos:high_temperature,can you tell me the peak temperature?
en,ovos-skill-weather.openvoiceos:high_temperature,what’s the temperature high for sunday?
en,ovos-skill-weather.openvoiceos:high_temperature,how high will the temperature climb today?
en,ovos-skill-weather.openvoiceos:high_temperature,what is the high temperature tomorrow in lisbon?
en,ovos-skill-weather.openvoiceos:high_temperature,how hot will it get tomorrow in berlin?
en,ovos-skill-weather.openvoiceos:high_temperature,what’s the maximum temperature today in rome?
en,ovos-skill-weather.openvoiceos:high_temperature,tell me the high temp for saturday in amsterdam
en,ovos-skill-weather.openvoiceos:low_temperature,what is the low temperature tomorrow?
en,ovos-skill-weather.openvoiceos:low_temperature,what is the lowest temperature in lisbon next monday?
en,ovos-skill-weather.openvoiceos:low_temperature,how cold will it get tonight?
en,ovos-skill-weather.openvoiceos:low_temperature,tell me the minimum temperature
en,ovos-skill-weather.openvoiceos:low_temperature,what's the expected low temperature today?
en,ovos-skill-weather.openvoiceos:low_temperature,tell me the low for tonight.
en,ovos-skill-weather.openvoiceos:low_temperature,how cold will it get today?
en,ovos-skill-weather.openvoiceos:low_temperature,what's the minimum temperature tomorrow?
en,ovos-skill-weather.openvoiceos:low_temperature,is it going to be chilly tonight?
en,ovos-skill-weather.openvoiceos:low_temperature,how low will the temperature get overnight?
en,ovos-skill-weather.openvoiceos:low_temperature,what’s the coldest time expected today?
en,ovos-skill-weather.openvoiceos:low_temperature,is it freezing tonight?
en,ovos-skill-weather.openvoiceos:low_temperature,minimum temperature for this evening?
en,ovos-skill-weather.openvoiceos:low_temperature,what is the low temperature tomorrow in porto?
en,ovos-skill-weather.openvoiceos:low_temperature,how cold will it get tonight in paris?
en,ovos-skill-weather.openvoiceos:low_temperature,tell me the minimum temperature in madrid
en,ovos-skill-weather.openvoiceos:low_temperature,what's the expected low temperature today in barcelona?
en,ovos-skill-weather.openvoiceos:is_wind,is it windy today?
en,ovos-skill-weather.openvoiceos:is_wind,will it be breezy this afternoon?
en,ovos-skill-weather.openvoiceos:is_wind,should i expect strong winds today?
en,ovos-skill-weather.openvoiceos:is_wind,is it gusty right now?
en,ovos-skill-weather.openvoiceos:is_wind,is there wind outside today?
en,ovos-skill-weather.openvoiceos:is_wind,will it be windy outside?
en,ovos-skill-weather.openvoiceos:is_wind,is the wind strong today?
en,ovos-skill-weather.openvoiceos:is_wind,will there be wind later?
en,ovos-skill-weather.openvoiceos:is_wind,is it breezy today?
en,ovos-skill-weather.openvoiceos:is_wind,how windy is it?
en,ovos-skill-weather.openvoiceos:is_wind,what’s the wind speed?
en,ovos-skill-weather.openvoiceos:is_wind,tell me the wind conditions.
en,ovos-skill-weather.openvoiceos:is_wind,is it very windy now?
en,ovos-skill-weather.openvoiceos:is_wind,current wind speed?
en,ovos-skill-weather.openvoiceos:is_wind,will it be blustery today?
en,ovos-skill-weather.openvoiceos:is_wind,how strong is the wind expected to be?
en,ovos-skill-weather.openvoiceos:is_wind,is it going to be calm or windy?
en,ovos-skill-weather.openvoiceos:is_wind,will it feel breezy today?
en,ovos-skill-weather.openvoiceos:is_wind,should i worry about strong gusts?
en,ovos-skill-weather.openvoiceos:is_wind,is it windy today in london?
en,ovos-skill-weather.openvoiceos:is_wind,will it be breezy this afternoon in chicago?
en,ovos-skill-weather.openvoiceos:is_wind,should i expect strong winds today in dublin?
en,ovos-skill-weather.openvoiceos:is_wind,is it gusty right now in sydney?
en,ovos-skill-weather.openvoiceos:is_wind,is there wind outside today in toronto?
en,ovos-skill-weather.openvoiceos:is_snow,is it snowing today?
en,ovos-skill-weather.openvoiceos:is_snow,will it snow tonight?
en,ovos-skill-weather.openvoiceos:is_snow,are there snow showers expected?
en,ovos-skill-weather.openvoiceos:is_snow,is there snow in the forecast?
en,ovos-skill-weather.openvoiceos:is_snow,will we see snow this week?
en,ovos-skill-weather.openvoiceos:is_snow,are we getting snow today?
en,ovos-skill-weather.openvoiceos:is_snow,will it snow this week?
en,ovos-skill-weather.openvoiceos:is_snow,any snowfall today?
en,ovos-skill-weather.openvoiceos:is_snow,will we get any snow in the next 24 hours?
en,ovos-skill-weather.openvoiceos:is_snow,is there a snow warning?
en,ovos-skill-weather.openvoiceos:is_snow,should i prepare for snow today?
en,ovos-skill-weather.openvoiceos:is_snow,could it snow later?
en,ovos-skill-weather.openvoiceos:is_snow,is it snowing today in oslo?
en,ovos-skill-weather.openvoiceos:is_snow,will it snow tonight in stockholm?
en,ovos-skill-weather.openvoiceos:is_snow,are there snow showers expected in helsinki?
en,ovos-skill-weather.openvoiceos:is_snow,is there snow in the forecast for zurich?
en,ovos-skill-weather.openvoiceos:is_snow,will we see snow this week in brussels?
en,ovos-skill-weather.openvoiceos:is_clear,do we have overcast skies?
en,ovos-skill-weather.openvoiceos:is_clear,is the sky clear today?
en,ovos-skill-weather.openvoiceos:is_clear,will it be bright all day?
en,ovos-skill-weather.openvoiceos:is_clear,is there cloud cover now in madrid?
en,ovos-skill-weather.openvoiceos:is_clear,is it completely sunny out?
en,ovos-skill-weather.openvoiceos:is_clear,how cloudy is it outside?
en,ovos-skill-weather.openvoiceos:is_clear,are there no clouds today?
en,ovos-skill-weather.openvoiceos:is_clear,are the skies cloud-free?
en,ovos-skill-weather.openvoiceos:is_clear,will clouds be around this afternoon?
en,ovos-skill-weather.openvoiceos:is_clear,is the day looking gloomy?
en,ovos-skill-weather.openvoiceos:is_clear,what’s the cloud situation today in barcelona?
en,ovos-skill-weather.openvoiceos:is_clear,is it going to be a clear day in istanbul?
en,ovos-skill-weather.openvoiceos:is_clear,will it be overcast today in paris?
en,ovos-skill-weather.openvoiceos:is_clear,is it sunny right now in warsaw?
en,ovos-skill-weather.openvoiceos:is_clear,is it bright and clear?
en,ovos-skill-weather.openvoiceos:is_clear,is it cloudy today in porto?
en,ovos-skill-weather.openvoiceos:is_clear,are there clouds in the sky in lisbon?
en,ovos-skill-weather.openvoiceos:is_clear,is the sky full of clouds?
en,ovos-skill-weather.openvoiceos:is_clear,are the skies gray today?
en,ovos-skill-weather.openvoiceos:is_clear,will it be sunny today?
en,ovos-skill-weather.openvoiceos:is_clear,are there any clouds today in athens?
en,ovos-skill-weather.openvoiceos:is_clear,will it be clear this afternoon in budapest?
en,ovos-skill-weather.openvoiceos:is_clear,is it going to be cloudy outside?
en,ovos-skill-weather.openvoiceos:is_clear,is it a clear-sky day?
en,ovos-skill-weather.openvoiceos:is_clear,is it cloudy today?
en,ovos-skill-weather.openvoiceos:is_fog,is it foggy today?
en,ovos-skill-weather.openvoiceos:is_fog,will there be fog in the morning?
en,ovos-skill-weather.openvoiceos:is_fog,is fog expected tonight?
en,ovos-skill-weather.openvoiceos:is_fog,are we getting fog today?
en,ovos-skill-weather.openvoiceos:is_fog,will there be low visibility?
en,ovos-skill-weather.openvoiceos:is_fog,will there be fog this morning?
en,ovos-skill-weather.openvoiceos:is_fog,are there foggy conditions now?
en,ovos-skill-weather.openvoiceos:is_fog,is it misty outside?
en,ovos-skill-weather.openvoiceos:is_fog,is there thick fog right now?
en,ovos-skill-weather.openvoiceos:is_fog,will fog cause delays this morning?
en,ovos-skill-weather.openvoiceos:is_fog,are the roads foggy today?
en,ovos-skill-weather.openvoiceos:is_fog,do i need fog lights today?
en,ovos-skill-weather.openvoiceos:is_fog,how bad is the fog expected to be?
en,ovos-skill-weather.openvoiceos:is_fog,is it foggy today in london?
en,ovos-skill-weather.openvoiceos:is_fog,will there be fog in the morning in chicago?
en,ovos-skill-weather.openvoiceos:is_fog,is fog expected tonight in dublin?
en,ovos-skill-weather.openvoiceos:is_fog,are we getting fog today in sydney?
en,ovos-skill-weather.openvoiceos:is_fog,will there be low visibility in toronto?
en,ovos-skill-weather.openvoiceos:is_stormy,is it storming today?
en,ovos-skill-weather.openvoiceos:is_stormy,are there storms expected?
en,ovos-skill-weather.openvoiceos:is_stormy,will there be thunder and lightning?
en,ovos-skill-weather.openvoiceos:is_stormy,is there a storm in the forecast?
en,ovos-skill-weather.openvoiceos:is_stormy,should i prepare for a storm today?
en,ovos-skill-weather.openvoiceos:is_stormy,will there be a storm?
en,ovos-skill-weather.openvoiceos:is_stormy,are there storms coming?
en,ovos-skill-weather.openvoiceos:is_stormy,is there thunder expected?
en,ovos-skill-weather.openvoiceos:is_stormy,will it be stormy outside?
en,ovos-skill-weather.openvoiceos:is_stormy,are thunderstorms predicted?
en,ovos-skill-weather.openvoiceos:is_stormy,is there lightning in the forecast?
en,ovos-skill-weather.openvoiceos:is_stormy,could we get storms today?
en,ovos-skill-weather.openvoiceos:is_stormy,is today a stormy day?
en,ovos-skill-weather.openvoiceos:is_stormy,should i expect severe weather today?
en,ovos-skill-weather.openvoiceos:is_stormy,is it storming today in london?
en,ovos-skill-weather.openvoiceos:is_stormy,are there storms expected in chicago?
en,ovos-skill-weather.openvoiceos:is_stormy,will there be thunder and lightning in dublin?
en,ovos-skill-weather.openvoiceos:is_stormy,is there a storm in the forecast for sydney?
en,ovos-skill-weather.openvoiceos:is_stormy,should i prepare for a storm today in toronto?
en,ovos-skill-weather.openvoiceos:next_rain,when will it rain next?
en,ovos-skill-weather.openvoiceos:next_rain,next time it's going to rain?
en,ovos-skill-weather.openvoiceos:next_rain,when should i expect rain?
en,ovos-skill-weather.openvoiceos:next_rain,what’s the next day with rain?
en,ovos-skill-weather.openvoiceos:next_rain,next rain forecast?
en,ovos-skill-weather.openvoiceos:next_rain,tell me when it's going to rain again.
en,ovos-skill-weather.openvoiceos:next_rain,when is the next rainfall?
en,ovos-skill-weather.openvoiceos:next_rain,when will it start raining?
en,ovos-skill-weather.openvoiceos:next_rain,forecast for next rainfall?
en,ovos-skill-weather.openvoiceos:next_rain,can you tell me the next rainy day?
en,ovos-skill-weather.openvoiceos:next_rain,when should i pack an umbrella next?
en,ovos-skill-weather.openvoiceos:next_rain,is there rain coming up this week?
en,ovos-skill-weather.openvoiceos:next_rain,what’s the next rainy forecast?
en,ovos-skill-weather.openvoiceos:next_rain,when’s it going to rain again?
en,ovos-skill-weather.openvoiceos:next_rain,when will it rain next in porto?
en,ovos-skill-weather.openvoiceos:next_rain,next time it's going to rain in lisbon?
en,ovos-skill-weather.openvoiceos:next_rain,when should i expect rain in paris?
en,ovos-skill-weather.openvoiceos:next_rain,what’s the next day with rain in madrid?
en,ovos-skill-weather.openvoiceos:next_rain,next rain forecast for barcelona?
en,ovos-skill-weather.openvoiceos:humidity,what's the humidity today?
en,ovos-skill-weather.openvoiceos:humidity,humidity update please.
en,ovos-skill-weather.openvoiceos:humidity,how humid is it?
en,ovos-skill-weather.openvoiceos:humidity,what's the humidity like today?
en,ovos-skill-weather.openvoiceos:humidity,tell me the humidity levels
en,ovos-skill-weather.openvoiceos:humidity,is it humid outside?
en,ovos-skill-weather.openvoiceos:humidity,what’s the percentage of humidity?
en,ovos-skill-weather.openvoiceos:humidity,give me today’s humidity reading.
en,ovos-skill-weather.openvoiceos:humidity,how sticky is it outside?
en,ovos-skill-weather.openvoiceos:humidity,do i need to worry about humidity today?
en,ovos-skill-weather.openvoiceos:humidity,is it very humid right now?
en,ovos-skill-weather.openvoiceos:humidity,will the humidity be high today?
en,ovos-skill-weather.openvoiceos:humidity,what's the humidity today in london?
en,ovos-skill-weather.openvoiceos:humidity,humidity update please for chicago.
en,ovos-skill-weather.openvoiceos:humidity,how humid is it in dublin?
en,ovos-skill-weather.openvoiceos:humidity,what's the humidity like today in sydney?
en,ovos-skill-weather.openvoiceos:humidity,tell me the humidity levels in toronto
nl,ovos-skill-weather.openvoiceos:sunrise,wanneer wordt het licht volgende week?
en,ovos-skill-weather.openvoiceos:sunrise,when is the sunrise?
nl,ovos-skill-weather.openvoiceos:sunrise,hoe laat komt morgen de zon op?
nl,ovos-skill-weather.openvoiceos:sunrise,kun je me het tijdstip van de dageraad donderdag aangeven?
en,ovos-skill-weather.openvoiceos:sunrise,what time does the sun come up in lisbon?
en,ovos-skill-weather.openvoiceos:sunrise,will the sun rise before 7 am?
nl,ovos-skill-weather.openvoiceos:sunrise,wanneer zie ik morgen het eerste zonlicht door het raam als ik die open laat?
nl,ovos-skill-weather.openvoiceos:sunrise,vertel me of de zon in de zomer eerder opkomt
nl,ovos-skill-weather.openvoiceos:sunrise,wanneer breekt morgen de dageraad aan?
en,ovos-skill-weather.openvoiceos:sunrise,tell me today's sunrise time.
nl,ovos-skill-weather.openvoiceos:sunrise,hoe laat is het overmorgen ochtendgloren?
nl,ovos-skill-weather.openvoiceos:sunrise,hoe laat zien we de eerste zonnestralen?
nl,ovos-skill-weather.openvoiceos:sunrise,wanneer begint morgen de zon te schijnen?
en,ovos-skill-weather.openvoiceos:sunrise,when does the day start tomorrow?
nl,ovos-skill-weather.openvoiceos:sunrise,hoe laat begint de dag vandaag?
en,ovos-skill-weather.openvoiceos:sunrise,is the sun up yet?
nl,ovos-skill-weather.openvoiceos:sunrise,hoe laat is er morgen licht?
en,ovos-skill-weather.openvoiceos:sunrise,what’s the morning sunrise time?
nl,ovos-skill-weather.openvoiceos:sunrise,kun je me alsjeblieft vertellen hoe laat de zon opkomt?
nl,ovos-skill-weather.openvoiceos:sunrise,wanneer wordt morgen het ochtendgloren verwacht?
en,ovos-skill-weather.openvoiceos:sunrise,is sunrise early today?
en,ovos-skill-weather.openvoiceos:sunrise,when will the sun rise tomorrow in madrid?
en,ovos-skill-weather.openvoiceos:sunrise,when is the sun coming up in barcelona
nl,ovos-skill-weather.openvoiceos:sunrise,door de zomertijd komt de zon dan vroeger op?
nl,ovos-skill-weather.openvoiceos:sunrise,hoe laat gaat de zon woensdag op in menorca?
en,ovos-skill-weather.openvoiceos:sunset,will sunset be after 6 pm?
en,ovos-skill-weather.openvoiceos:sunset,what time does the sun go down?
en,ovos-skill-weather.openvoiceos:sunset,when's dusk today?
nl,ovos-skill-weather.openvoiceos:sunset,hoe laat gaat de zon onder volgens de klok?
nl,ovos-skill-weather.openvoiceos:sunset,wanneer kunnen we de zonsondergang zien?
nl,ovos-skill-weather.openvoiceos:sunset,denk je dat de zon in juni na acht uur ondergaat?
nl,ovos-skill-weather.openvoiceos:sunset,hoe laat is er vandaag geen zonlicht meer op straat?
nl,ovos-skill-weather.openvoiceos:sunset,hoe laat wordt het nu donker?
nl,ovos-skill-weather.openvoiceos:sunset,wanneer begint morgen de schemering?
en,ovos-skill-weather.openvoiceos:sunset,when is the sunset in london?
nl,ovos-skill-weather.openvoiceos:sunset,wanneer zegt de zon gedag?
en,ovos-skill-weather.openvoiceos:sunset,tell me today's sunset time.
en,ovos-skill-weather.openvoiceos:sunset,when will the sun set tonight?
en,ovos-skill-weather.openvoiceos:sunset,is the sun setting soon?
nl,ovos-skill-weather.openvoiceos:sunset,hoe laat moet ik de zon welterusten zeggen?
en,ovos-skill-weather.openvoiceos:sunset,how late is sunset today?
en,ovos-skill-weather.openvoiceos:sunset,when does it get dark today?
en,ovos-skill-weather.openvoiceos:sunset,what's the sunset hour?
nl,ovos-skill-weather.openvoiceos:sunset,hoe laat is het einde van de dag vandaag?
nl,ovos-skill-weather.openvoiceos:sunset,kun je me zeggen wanneer de zon ondergaat?
nl,ovos-skill-weather.openvoiceos:sunset,wanneer gaat de zon vandaag slapen?
nl,ovos-skill-weather.openvoiceos:sunset,weet je of de zon in de winter eerder ondergaat?
nl,ovos-skill-weather.openvoiceos:sunset,wanneer verdwijnt de zon?
en,ovos-skill-weather.openvoiceos:sunset,what’s the evening sunset time in toronto?
nl,ovos-skill-weather.openvoiceos:sunset,hoe laat gaat de zon naar bed?
ca,ovos-skill-weather.openvoiceos:daily_weather.intent,demà tindrem un dia rúfol?
ca,ovos-skill-weather.openvoiceos:daily_weather.intent,necessito que em diguis si demà farà mal temps
ca,ovos-skill-weather.openvoiceos:hourly_weather.intent,què diu el temps per avui al migdia?
es,ovos-skill-date-time.openvoiceos:sunset.intent,¡a qué hora será el atardecer hoy?
es,ovos-skill-parrot.openvoiceos:stop,que te calles ya
es,ovos-skill-parrot.openvoiceos:stop,¡silencio!
es,ovos-skill-parrot.openvoiceos:stop,silencio
es,ovos-skill-parrot.openvoiceos:stop,¡qué pesado cállate ya!
es,ovos-skill-parrot.openvoiceos:stop,¡cállate ya robot!
es,ovos-skill-wikipedia.openvoiceos:common_query,consulta cómo se crearon las estaciones y por qué son cuatro
es,ovos-skill-wikipedia.openvoiceos:common_query,búscame información sobre los caracoles
es,ovos-skill-wikipedia.openvoiceos:common_query,¿me puedes explicar la historia de andorra?
es,ovos-skill-wikipedia.openvoiceos:common_query,tengo que hacer un trabajo sobre el procesamiento del lenguaje natural
es,ovos-skill-wikipedia.openvoiceos:common_query,¿qué narices es el poliamor?
es,ovos-skill-wikipedia.openvoiceos:common_query,cuéntame sobre la primera guerra mundial
es,ovos-skill-wikipedia.openvoiceos:common_query,necesito info sobre el presidente de españa actual
es,ovos-skill-wikipedia.openvoiceos:common_query,¿qué sabes de biología?
es,ovos-skill-wikipedia.openvoiceos:common_query,explícame todo lo que sepas sobre la cultura maorí
es,ovos-skill-wikipedia.openvoiceos:common_query,dime cuándo se producirá el solsiticio de verano este año
es,ovos-skill-wikipedia.openvoiceos:common_query,no entiendo qué es la ley de newton
es,ovos-skill-wikipedia.openvoiceos:common_query,quiero que me hagas un resumen sobre la llegada de colón a américa
es,ovos-skill-wikipedia.openvoiceos:common_query,¿qué quiere decir que tengo hipertensión?
es,ovos-skill-wikipedia.openvoiceos:common_query,aclárame qué son los huesos.
es,ovos-skill-wikipedia.openvoiceos:common_query,léeme el artículo sobre los pingüinos emperador
es,ovos-skill-wikipedia.openvoiceos:common_query,me molaría aprender sobre mitología nórdica. ¿qué sabes del tema?
es,ovos-skill-wikipedia.openvoiceos:common_query,tengo mucha curiosidad por que me cuentes sobre el ornitorrinco
es,ovos-skill-wikipedia.openvoiceos:common_query,quiero saber qué son exactamente las liebres de mar
es,ovos-skill-wikipedia.openvoiceos:common_query,¿tienes información sobre eclipses?
es,ovos-skill-wikipedia.openvoiceos:common_query,cuéntame algo sobre historia de roma.
es,ovos-skill-wikipedia.openvoiceos:common_query,necesito informarme sobre el cambio climático.
es,ovos-skill-wikipedia.openvoiceos:common_query,si eres tan amable ¿me puedes pasar información sobre la ciudad de madrid?
es,ovos-skill-wikipedia.openvoiceos:common_query,explícame qué es la fotosíntesis.
es,ovos-skill-wikipedia.openvoiceos:common_query,¿qué sabes sobre la edad del cobre?
es,ovos-skill-wikipedia.openvoiceos:common_query,información sobre el hinojo
nl,ovos-skill-weather.openvoiceos:condition,gaan we dit jaar een hittegolf krijgen?
nl,ovos-skill-weather.openvoiceos:condition,gaat het vandaag regenen in barcelona?
nl,ovos-skill-weather.openvoiceos:condition,check even de temperatuur deze maand: kan ik de winterkleding al opruimen?
nl,ovos-skill-weather.openvoiceos:condition,is er morgen sneeuw op montserrat?
nl,ovos-skill-weather.openvoiceos:condition,wordt het benauwd zaterdag?
nl,ovos-skill-weather.openvoiceos:condition,weet je of het gesneeuwd heeft in de pyreneeën?
nl,ovos-skill-weather.openvoiceos:condition,hoe voelt het qua temperatuur nu?
nl,ovos-skill-weather.openvoiceos:condition,wanneer wordt er weer regen verwacht in catalonië?
nl,ovos-skill-weather.openvoiceos:condition,moet ik vanmiddag een paraplu meenemen?
nl,ovos-skill-weather.openvoiceos:condition,komt er deze week ooit zon?
nl,ovos-skill-weather.openvoiceos:condition,wordt het morgen zonnig of bewolkt in vilanova?
nl,ovos-skill-weather.openvoiceos:condition,wordt de wind vanmiddag minder of waai ik weg?
nl,ovos-skill-weather.openvoiceos:condition,regent het in de priorat regio?
nl,ovos-skill-weather.openvoiceos:condition,kun je checken of het koud wordt in viladecans dit weekend?
nl,ovos-skill-weather.openvoiceos:condition,ik hoorde dat het vanmiddag zou gaan regenen in girona klopt dat?
nl,ovos-skill-weather.openvoiceos:condition,is het lekker weer in tarragona?
nl,ovos-skill-weather.openvoiceos:condition,kijk even of het vanmiddag gaat waaien in marseille
nl,ovos-skill-weather.openvoiceos:condition,wordt het morgen een druilerige dag?
nl,ovos-skill-weather.openvoiceos:condition,wanneer gaat de temperatuur omhoog?
nl,ovos-skill-weather.openvoiceos:condition,raad jij me aan om vandaag in barcelona een coltrui of een dunne trui te dragen?
nl,ovos-skill-weather.openvoiceos:condition,ik wil weten of het morgen slecht weer wordt
nl,ovos-skill-weather.openvoiceos:condition,kun je me vertellen of het morgen gaat sneeuwen in llívia?
nl,ovos-skill-weather.openvoiceos:condition,komt er morgen hagel in lleida?
nl,ovos-skill-weather.openvoiceos:condition,weet je of er vanaf vrijdag regen komt?
nl,ovos-skill-weather.openvoiceos:condition,als ik vandaag zonder paraplu wegga in igualada word ik dan nat vanmiddag?
nl,ovos-skill-weather.openvoiceos:forecast,moet ik dit weekend een paraplu meenemen?
nl,ovos-skill-weather.openvoiceos:forecast,hoe is het weer vanmiddag in barcelona?
nl,ovos-skill-weather.openvoiceos:forecast,kun je de weersverwachting voor morgen geven?
nl,ovos-skill-weather.openvoiceos:forecast,hebben we mooi weer voor het sint-jansfeest?
nl,ovos-skill-weather.openvoiceos:forecast,ik wil weten wat voor weer het wordt tijdens het dorpsfeest van vilanova i la geltrú
nl,ovos-skill-weather.openvoiceos:forecast,blijft het de komende dagen zo?
nl,ovos-skill-weather.openvoiceos:forecast,leg me het weer voor vannacht uit
nl,ovos-skill-weather.openvoiceos:forecast,hoe ziet de lucht eruit vandaag?
nl,ovos-skill-weather.openvoiceos:forecast,weet je of het woensdag goed weer wordt in parijs?
nl,ovos-skill-weather.openvoiceos:forecast,geef me een samenvatting van het weer deze week in stockholm
nl,ovos-skill-weather.openvoiceos:forecast,is de voorspelling voor donderdag goed?
nl,ovos-skill-weather.openvoiceos:forecast,doe alsof je tomàs molina bent en vertel me het weer voor morgen
nl,ovos-skill-weather.openvoiceos:forecast,wat is de actuele weerssituatie in móra d'ebre?
nl,ovos-skill-weather.openvoiceos:forecast,denk je dat het vanmiddag opklaart?
nl,ovos-skill-weather.openvoiceos:forecast,is het maandag goed weer om naar het strand te gaan?
nl,ovos-skill-weather.openvoiceos:forecast,wat zegt de weersvoorspelling voor vandaag rond de middag?
nl,ovos-skill-weather.openvoiceos:forecast,ik moet het weer weten voor volgende week in madrid
nl,ovos-skill-weather.openvoiceos:forecast,moet ik me vandaag warm aankleden denk je?
nl,ovos-skill-weather.openvoiceos:forecast,kun je me vertellen wat voor weer het wordt in vic vandaag?
nl,ovos-skill-weather.openvoiceos:forecast,weet je hoe het weer wordt overmorgen bij mijn locatie?
nl,ovos-skill-weather.openvoiceos:forecast,wat voor weer wordt het donderdag in terrassa?
nl,ovos-skill-weather.openvoiceos:forecast,check alsjeblieft de voorspelling voor morgen!
nl,ovos-skill-weather.openvoiceos:forecast,wat voor weer wordt het dit weekend in viladecans?
nl,ovos-skill-weather.openvoiceos:forecast,vertel me het weer voor deze week in olot
nl,ovos-skill-weather.openvoiceos:forecast,hoe wordt het vanmiddag in manresa?
nl,common_query:wiki.intent,vertel me wie mao tse-tung was
nl,common_query:wiki.intent,wat weet je van het noorderlicht?
nl,common_query:wiki.intent,voor een werkstuk heb ik info nodig over de successieoorlog
nl,common_query:wiki.intent,wanneer gebeurde dat met de twin towers en wat is er precies gebeurd?
nl,common_query:wiki.intent,kun je me iets vertellen over chronische nierziekte?
nl,common_query:wiki.intent,wat zijn romaanse kathedralen?
nl,common_query:wiki.intent,check even wat bsc is
nl,common_query:wiki.intent,hoe verzorg je een orchidee?
nl,common_query:wiki.intent,leg me uit wat de spaanse onafhankelijkheidsoorlog is
nl,common_query:wiki.intent,wat vind je over capoeira?
nl,common_query:wiki.intent,ik wil meer weten over de geschiedenis van fc barcelona
nl,common_query:wiki.intent,vertel eens wat over wasberen
nl,common_query:wiki.intent,geef me info over de huidige president van de vs
nl,common_query:wiki.intent,wat is een tetraëder eigenlijk?
nl,common_query:wiki.intent,kun je info zoeken over aitana bonmatí?
nl,common_query:wiki.intent,kun je het artikel over ovidi montllor voorlezen?
nl,common_query:wiki.intent,weet je wie cher is?
nl,common_query:wiki.intent,wat weet je over de italiaanse stad bologna?
nl,common_query:wiki.intent,ik heb geen idee wie carme ruscalleda is kun je me wat over haar leven vertellen?
nl,common_query:wiki.intent,wat is er bekend over de monarchie op hawaii? zoek dat eens
nl,common_query:wiki.intent,vertel me iets over het modernisme
nl,common_query:wiki.intent,zoek info over varens voor me
nl,common_query:wiki.intent,heb je info over het verdrag van de pyreneeën?
nl,common_query:wiki.intent,wat zijn ringwormen eigenlijk?
nl,common_query:wiki.intent,kun je me helpen leren hoe je een spiegelei maakt?
